account_id,customer_id,account_type,credit_limit,account_status
ACC-1000,CUST-800,DEBIT,0.00,BLOCKED
ACC-1001,CUST-263,CREDIT,15000.00,ACTIVE
ACC-1002,CUST-249,CREDIT,15000.00,ACTIVE
ACC-1003,CUST-467,DEBIT,0.00,ACTIVE
ACC-1004,CUST-370,CREDIT,10000.00,ACTIVE
ACC-1005,CUST-630,CREDIT,1000.00,ACTIVE
ACC-1006,CUST-580,DEBIT,0.00,ACTIVE
ACC-1007,CUST-140,DEBIT,0.00,ACTIVE
ACC-1008,CUST-820,DEBIT,0.00,ACTIVE
ACC-1009,CUST-380,DEBIT,0.00,ACTIVE
ACC-1010,CUST-657,DEBIT,0.00,ACTIVE
ACC-1011,CUST-474,CREDIT,10000.00,ACTIVE
ACC-1012,CUST-485,CREDIT,1000.00,ACTIVE
ACC-1013,CUST-515,DEBIT,0.00,ACTIVE
ACC-1014,CUST-593,CREDIT,5000.00,ACTIVE
ACC-1015,CUST-242,DEBIT,0.00,ACTIVE
ACC-1016,CUST-758,CREDIT,2500.00,ACTIVE
ACC-1017,CUST-470,CREDIT,2500.00,ACTIVE
ACC-1018,CUST-524,CREDIT,1000.00,ACTIVE
ACC-1019,CUST-593,DEBIT,0.00,ACTIVE
ACC-1020,CUST-704,DEBIT,0.00,ACTIVE
ACC-1021,CUST-144,CREDIT,10000.00,ACTIVE
ACC-1022,CUST-744,CREDIT,15000.00,ACTIVE
ACC-1023,CUST-270,CREDIT,15000.00,ACTIVE
ACC-1024,CUST-515,CREDIT,2500.00,ACTIVE
ACC-1025,CUST-999,CREDIT,15000.00,ACTIVE
ACC-1026,CUST-390,DEBIT,0.00,ACTIVE
ACC-1027,CUST-721,DEBIT,0.00,ACTIVE
ACC-1028,CUST-274,DEBIT,0.00,ACTIVE
ACC-1029,CUST-913,CREDIT,10000.00,ACTIVE
ACC-1030,CUST-623,CREDIT,2500.00,ACTIVE
ACC-1031,CUST-564,CREDIT,25000.00,ACTIVE
ACC-1032,CUST-494,CREDIT,1000.00,ACTIVE
ACC-1033,CUST-980,CREDIT,1000.00,ACTIVE
ACC-1034,CUST-946,DEBIT,0.00,ACTIVE
ACC-1035,CUST-729,CREDIT,1000.00,ACTIVE
ACC-1036,CUST-220,CREDIT,15000.00,ACTIVE
ACC-1037,CUST-717,CREDIT,25000.00,ACTIVE
ACC-1038,CUST-893,CREDIT,1000.00,ACTIVE
ACC-1039,CUST-530,DEBIT,0.00,ACTIVE
ACC-1040,CUST-539,CREDIT,1000.00,ACTIVE
ACC-1041,CUST-490,CREDIT,10000.00,ACTIVE
ACC-1042,CUST-957,CREDIT,25000.00,ACTIVE
ACC-1043,CUST-237,DEBIT,0.00,ACTIVE
ACC-1044,CUST-185,CREDIT,2500.00,ACTIVE
ACC-1045,CUST-293,CREDIT,15000.00,ACTIVE
ACC-1046,CUST-691,CREDIT,25000.00,ACTIVE
ACC-1047,CUST-770,CREDIT,15000.00,ACTIVE
ACC-1048,CUST-209,CREDIT,5000.00,ACTIVE
ACC-1049,CUST-367,CREDIT,25000.00,ACTIVE
ACC-1050,CUST-474,DEBIT,0.00,ACTIVE
ACC-1051,CUST-308,CREDIT,25000.00,ACTIVE
ACC-1052,CUST-479,CREDIT,15000.00,ACTIVE
ACC-1053,CUST-414,CREDIT,10000.00,ACTIVE
ACC-1054,CUST-241,CREDIT,25000.00,ACTIVE
ACC-1055,CUST-865,DEBIT,0.00,ACTIVE
ACC-1056,CUST-202,CREDIT,25000.00,ACTIVE
ACC-1057,CUST-920,CREDIT,10000.00,ACTIVE
ACC-1058,CUST-153,CREDIT,25000.00,ACTIVE
ACC-1059,CUST-193,CREDIT,25000.00,ACTIVE
ACC-1060,CUST-714,DEBIT,0.00,ACTIVE
ACC-1061,CUST-479,CREDIT,1000.00,ACTIVE
ACC-1062,CUST-510,CREDIT,1000.00,ACTIVE
ACC-1063,CUST-711,CREDIT,15000.00,ACTIVE
ACC-1064,CUST-549,CREDIT,2500.00,ACTIVE
ACC-1065,CUST-630,CREDIT,25000.00,ACTIVE
ACC-1066,CUST-622,CREDIT,1000.00,ACTIVE
ACC-1067,CUST-790,CREDIT,2500.00,ACTIVE
ACC-1068,CUST-261,CREDIT,2500.00,ACTIVE
ACC-1069,CUST-461,CREDIT,5000.00,ACTIVE
ACC-1070,CUST-305,DEBIT,0.00,ACTIVE
ACC-1071,CUST-192,CREDIT,25000.00,ACTIVE
ACC-1072,CUST-696,CREDIT,25000.00,ACTIVE
ACC-1073,CUST-299,CREDIT,5000.00,ACTIVE
ACC-1074,CUST-367,CREDIT,10000.00,ACTIVE
ACC-1075,CUST-174,CREDIT,15000.00,ACTIVE
ACC-1076,CUST-922,CREDIT,5000.00,ACTIVE
ACC-1077,CUST-932,CREDIT,5000.00,ACTIVE
ACC-1078,CUST-553,DEBIT,0.00,ACTIVE
ACC-1079,CUST-888,DEBIT,0.00,ACTIVE
ACC-1080,CUST-569,CREDIT,5000.00,ACTIVE
ACC-1081,CUST-982,DEBIT,0.00,ACTIVE
ACC-1082,CUST-491,CREDIT,1000.00,ACTIVE
ACC-1083,CUST-335,CREDIT,2500.00,ACTIVE
ACC-1084,CUST-461,DEBIT,0.00,ACTIVE
ACC-1085,CUST-369,CREDIT,1000.00,ACTIVE
ACC-1086,CUST-866,CREDIT,1000.00,ACTIVE
ACC-1087,CUST-282,DEBIT,0.00,ACTIVE
ACC-1088,CUST-687,CREDIT,5000.00,ACTIVE
ACC-1089,CUST-294,CREDIT,25000.00,ACTIVE
ACC-1090,CUST-347,CREDIT,2500.00,ACTIVE
ACC-1091,CUST-307,DEBIT,0.00,ACTIVE
ACC-1092,CUST-464,DEBIT,0.00,ACTIVE
ACC-1093,CUST-180,CREDIT,1000.00,ACTIVE
ACC-1094,CUST-728,DEBIT,0.00,ACTIVE
ACC-1095,CUST-968,CREDIT,15000.00,ACTIVE
ACC-1096,CUST-688,CREDIT,15000.00,ACTIVE
ACC-1097,CUST-882,DEBIT,0.00,ACTIVE
ACC-1098,CUST-327,DEBIT,0.00,ACTIVE
ACC-1099,CUST-638,DEBIT,0.00,ACTIVE
ACC-1100,CUST-653,DEBIT,0.00,ACTIVE
ACC-1101,CUST-802,CREDIT,5000.00,ACTIVE
ACC-1102,CUST-223,DEBIT,0.00,ACTIVE
ACC-1103,CUST-805,DEBIT,0.00,ACTIVE
ACC-1104,CUST-694,CREDIT,25000.00,ACTIVE
ACC-1105,CUST-365,CREDIT,5000.00,ACTIVE
ACC-1106,CUST-582,CREDIT,5000.00,ACTIVE
ACC-1107,CUST-288,DEBIT,0.00,ACTIVE
ACC-1108,CUST-870,CREDIT,2500.00,ACTIVE
ACC-1109,CUST-284,CREDIT,10000.00,ACTIVE
ACC-1110,CUST-933,CREDIT,15000.00,ACTIVE
ACC-1111,CUST-668,CREDIT,5000.00,ACTIVE
ACC-1112,CUST-919,CREDIT,10000.00,ACTIVE
ACC-1113,CUST-925,DEBIT,0.00,ACTIVE
ACC-1114,CUST-969,CREDIT,10000.00,ACTIVE
ACC-1115,CUST-904,CREDIT,15000.00,ACTIVE
ACC-1116,CUST-681,CREDIT,5000.00,ACTIVE
ACC-1117,CUST-161,CREDIT,1000.00,ACTIVE
ACC-1118,CUST-744,CREDIT,5000.00,ACTIVE
ACC-1119,CUST-469,CREDIT,25000.00,ACTIVE
ACC-1120,CUST-363,CREDIT,15000.00,ACTIVE
ACC-1121,CUST-988,CREDIT,10000.00,ACTIVE
ACC-1122,CUST-690,DEBIT,0.00,ACTIVE
ACC-1123,CUST-899,CREDIT,25000.00,ACTIVE
ACC-1124,CUST-599,CREDIT,5000.00,ACTIVE
ACC-1125,CUST-180,DEBIT,0.00,ACTIVE
ACC-1126,CUST-248,CREDIT,5000.00,ACTIVE
ACC-1127,CUST-445,DEBIT,0.00,ACTIVE
ACC-1128,CUST-969,CREDIT,15000.00,ACTIVE
ACC-1129,CUST-451,DEBIT,0.00,ACTIVE
ACC-1130,CUST-827,CREDIT,5000.00,ACTIVE
ACC-1131,CUST-555,CREDIT,25000.00,ACTIVE
ACC-1132,CUST-865,DEBIT,0.00,ACTIVE
ACC-1133,CUST-288,CREDIT,10000.00,ACTIVE
ACC-1134,CUST-340,DEBIT,0.00,ACTIVE
ACC-1135,CUST-817,DEBIT,0.00,ACTIVE
ACC-1136,CUST-506,DEBIT,0.00,ACTIVE
ACC-1137,CUST-584,CREDIT,1000.00,ACTIVE
ACC-1138,CUST-636,CREDIT,1000.00,ACTIVE
ACC-1139,CUST-368,DEBIT,0.00,ACTIVE
ACC-1140,CUST-499,CREDIT,1000.00,ACTIVE
ACC-1141,CUST-553,CREDIT,2500.00,ACTIVE
ACC-1142,CUST-274,CREDIT,2500.00,ACTIVE
ACC-1143,CUST-433,CREDIT,25000.00,ACTIVE
ACC-1144,CUST-991,DEBIT,0.00,ACTIVE
ACC-1145,CUST-238,CREDIT,5000.00,ACTIVE
ACC-1146,CUST-281,DEBIT,0.00,ACTIVE
ACC-1147,CUST-751,CREDIT,10000.00,ACTIVE
ACC-1148,CUST-755,DEBIT,0.00,ACTIVE
ACC-1149,CUST-593,CREDIT,5000.00,ACTIVE
ACC-1150,CUST-474,CREDIT,1000.00,ACTIVE
ACC-1151,CUST-100,CREDIT,2500.00,ACTIVE
ACC-1152,CUST-580,CREDIT,2500.00,ACTIVE
ACC-1153,CUST-873,CREDIT,25000.00,ACTIVE
ACC-1154,CUST-917,CREDIT,1000.00,ACTIVE
ACC-1155,CUST-661,CREDIT,2500.00,ACTIVE
ACC-1156,CUST-547,CREDIT,10000.00,ACTIVE
ACC-1157,CUST-761,CREDIT,2500.00,ACTIVE
ACC-1158,CUST-181,CREDIT,10000.00,ACTIVE
ACC-1159,CUST-919,CREDIT,2500.00,ACTIVE
ACC-1160,CUST-801,DEBIT,0.00,ACTIVE
ACC-1161,CUST-928,CREDIT,25000.00,ACTIVE
ACC-1162,CUST-286,CREDIT,2500.00,ACTIVE
ACC-1163,CUST-732,CREDIT,1000.00,ACTIVE
ACC-1164,CUST-292,CREDIT,25000.00,ACTIVE
ACC-1165,CUST-647,CREDIT,2500.00,ACTIVE
ACC-1166,CUST-228,CREDIT,1000.00,ACTIVE
ACC-1167,CUST-338,DEBIT,0.00,ACTIVE
ACC-1168,CUST-450,CREDIT,1000.00,ACTIVE
ACC-1169,CUST-574,CREDIT,10000.00,BLOCKED
ACC-1170,CUST-182,DEBIT,0.00,ACTIVE
ACC-1171,CUST-157,DEBIT,0.00,ACTIVE
ACC-1172,CUST-581,CREDIT,10000.00,ACTIVE
ACC-1173,CUST-948,CREDIT,5000.00,ACTIVE
ACC-1174,CUST-889,CREDIT,25000.00,ACTIVE
ACC-1175,CUST-134,DEBIT,0.00,ACTIVE
ACC-1176,CUST-633,CREDIT,25000.00,ACTIVE
ACC-1177,CUST-498,DEBIT,0.00,ACTIVE
ACC-1178,CUST-430,DEBIT,0.00,ACTIVE
ACC-1179,CUST-662,CREDIT,25000.00,ACTIVE
ACC-1180,CUST-405,CREDIT,5000.00,ACTIVE
ACC-1181,CUST-323,CREDIT,1000.00,ACTIVE
ACC-1182,CUST-544,DEBIT,0.00,ACTIVE
ACC-1183,CUST-698,CREDIT,2500.00,ACTIVE
ACC-1184,CUST-143,CREDIT,2500.00,ACTIVE
ACC-1185,CUST-710,CREDIT,25000.00,ACTIVE
ACC-1186,CUST-611,CREDIT,1000.00,ACTIVE
ACC-1187,CUST-877,CREDIT,15000.00,ACTIVE
ACC-1188,CUST-257,CREDIT,1000.00,ACTIVE
ACC-1189,CUST-228,DEBIT,0.00,ACTIVE
ACC-1190,CUST-907,CREDIT,5000.00,BLOCKED
ACC-1191,CUST-549,CREDIT,5000.00,ACTIVE
ACC-1192,CUST-486,DEBIT,0.00,ACTIVE
ACC-1193,CUST-140,CREDIT,2500.00,ACTIVE
ACC-1194,CUST-655,CREDIT,10000.00,ACTIVE
ACC-1195,CUST-291,DEBIT,0.00,ACTIVE
ACC-1196,CUST-381,CREDIT,5000.00,ACTIVE
ACC-1197,CUST-981,DEBIT,0.00,ACTIVE
ACC-1198,CUST-560,CREDIT,1000.00,ACTIVE
ACC-1199,CUST-564,CREDIT,5000.00,ACTIVE
ACC-1200,CUST-851,CREDIT,25000.00,ACTIVE
ACC-1201,CUST-472,CREDIT,1000.00,ACTIVE
ACC-1202,CUST-838,DEBIT,0.00,ACTIVE
ACC-1203,CUST-294,CREDIT,15000.00,ACTIVE
ACC-1204,CUST-257,CREDIT,10000.00,ACTIVE
ACC-1205,CUST-429,CREDIT,5000.00,ACTIVE
ACC-1206,CUST-144,CREDIT,15000.00,ACTIVE
ACC-1207,CUST-994,DEBIT,0.00,ACTIVE
ACC-1208,CUST-201,CREDIT,1000.00,ACTIVE
ACC-1209,CUST-773,CREDIT,25000.00,ACTIVE
ACC-1210,CUST-362,CREDIT,15000.00,ACTIVE
ACC-1211,CUST-172,CREDIT,2500.00,ACTIVE
ACC-1212,CUST-952,CREDIT,2500.00,ACTIVE
ACC-1213,CUST-671,CREDIT,25000.00,ACTIVE
ACC-1214,CUST-941,DEBIT,0.00,ACTIVE
ACC-1215,CUST-731,CREDIT,25000.00,ACTIVE
ACC-1216,CUST-954,CREDIT,1000.00,ACTIVE
ACC-1217,CUST-199,CREDIT,2500.00,ACTIVE
ACC-1218,CUST-294,CREDIT,2500.00,ACTIVE
ACC-1219,CUST-740,CREDIT,25000.00,ACTIVE
ACC-1220,CUST-671,DEBIT,0.00,ACTIVE
ACC-1221,CUST-690,CREDIT,1000.00,ACTIVE
ACC-1222,CUST-537,CREDIT,10000.00,ACTIVE
ACC-1223,CUST-284,DEBIT,0.00,ACTIVE
ACC-1224,CUST-261,CREDIT,15000.00,ACTIVE
ACC-1225,CUST-460,CREDIT,15000.00,ACTIVE
ACC-1226,CUST-432,DEBIT,0.00,ACTIVE
ACC-1227,CUST-748,DEBIT,0.00,ACTIVE
ACC-1228,CUST-346,CREDIT,25000.00,ACTIVE
ACC-1229,CUST-663,CREDIT,2500.00,ACTIVE
ACC-1230,CUST-563,DEBIT,0.00,ACTIVE
ACC-1231,CUST-135,CREDIT,10000.00,ACTIVE
ACC-1232,CUST-630,DEBIT,0.00,ACTIVE
ACC-1233,CUST-327,CREDIT,5000.00,ACTIVE
ACC-1234,CUST-941,CREDIT,5000.00,ACTIVE
ACC-1235,CUST-666,DEBIT,0.00,ACTIVE
ACC-1236,CUST-258,CREDIT,15000.00,ACTIVE
ACC-1237,CUST-241,CREDIT,10000.00,ACTIVE
ACC-1238,CUST-362,CREDIT,15000.00,ACTIVE
ACC-1239,CUST-509,DEBIT,0.00,ACTIVE
ACC-1240,CUST-840,CREDIT,2500.00,ACTIVE
ACC-1241,CUST-945,CREDIT,10000.00,ACTIVE
ACC-1242,CUST-939,DEBIT,0.00,ACTIVE
ACC-1243,CUST-407,DEBIT,0.00,ACTIVE
ACC-1244,CUST-898,CREDIT,15000.00,ACTIVE
ACC-1245,CUST-936,CREDIT,5000.00,ACTIVE
ACC-1246,CUST-332,CREDIT,1000.00,ACTIVE
ACC-1247,CUST-111,DEBIT,0.00,ACTIVE
ACC-1248,CUST-412,CREDIT,25000.00,ACTIVE
ACC-1249,CUST-253,CREDIT,5000.00,ACTIVE
ACC-1250,CUST-151,CREDIT,25000.00,ACTIVE
ACC-1251,CUST-556,DEBIT,0.00,BLOCKED
ACC-1252,CUST-192,DEBIT,0.00,ACTIVE
ACC-1253,CUST-251,CREDIT,5000.00,ACTIVE
ACC-1254,CUST-863,CREDIT,1000.00,ACTIVE
ACC-1255,CUST-508,CREDIT,10000.00,ACTIVE
ACC-1256,CUST-238,CREDIT,25000.00,ACTIVE
ACC-1257,CUST-767,CREDIT,2500.00,ACTIVE
ACC-1258,CUST-853,CREDIT,15000.00,ACTIVE
ACC-1259,CUST-895,CREDIT,2500.00,ACTIVE
ACC-1260,CUST-191,CREDIT,25000.00,ACTIVE
ACC-1261,CUST-456,CREDIT,10000.00,ACTIVE
ACC-1262,CUST-124,CREDIT,5000.00,ACTIVE
ACC-1263,CUST-458,DEBIT,0.00,ACTIVE
ACC-1264,CUST-551,CREDIT,10000.00,ACTIVE
ACC-1265,CUST-482,CREDIT,2500.00,ACTIVE
ACC-1266,CUST-215,CREDIT,25000.00,ACTIVE
ACC-1267,CUST-735,DEBIT,0.00,ACTIVE
ACC-1268,CUST-939,DEBIT,0.00,ACTIVE
ACC-1269,CUST-213,CREDIT,5000.00,ACTIVE
ACC-1270,CUST-314,CREDIT,10000.00,ACTIVE
ACC-1271,CUST-659,DEBIT,0.00,ACTIVE
ACC-1272,CUST-737,CREDIT,5000.00,ACTIVE
ACC-1273,CUST-815,DEBIT,0.00,ACTIVE
ACC-1274,CUST-779,DEBIT,0.00,ACTIVE
ACC-1275,CUST-390,CREDIT,5000.00,ACTIVE
ACC-1276,CUST-154,CREDIT,25000.00,ACTIVE
ACC-1277,CUST-776,CREDIT,1000.00,ACTIVE
ACC-1278,CUST-210,CREDIT,25000.00,ACTIVE
ACC-1279,CUST-489,CREDIT,25000.00,ACTIVE
ACC-1280,CUST-423,CREDIT,25000.00,ACTIVE
ACC-1281,CUST-290,CREDIT,15000.00,ACTIVE
ACC-1282,CUST-829,CREDIT,10000.00,ACTIVE
ACC-1283,CUST-412,CREDIT,2500.00,ACTIVE
ACC-1284,CUST-118,CREDIT,10000.00,ACTIVE
ACC-1285,CUST-409,CREDIT,5000.00,ACTIVE
ACC-1286,CUST-163,CREDIT,15000.00,ACTIVE
ACC-1287,CUST-934,CREDIT,10000.00,ACTIVE
ACC-1288,CUST-386,DEBIT,0.00,ACTIVE
ACC-1289,CUST-772,CREDIT,5000.00,ACTIVE
ACC-1290,CUST-794,CREDIT,25000.00,ACTIVE
ACC-1291,CUST-527,CREDIT,25000.00,ACTIVE
ACC-1292,CUST-419,CREDIT,2500.00,ACTIVE
ACC-1293,CUST-655,DEBIT,0.00,ACTIVE
ACC-1294,CUST-654,CREDIT,25000.00,ACTIVE
ACC-1295,CUST-241,DEBIT,0.00,ACTIVE
ACC-1296,CUST-238,CREDIT,25000.00,ACTIVE
ACC-1297,CUST-678,CREDIT,2500.00,ACTIVE
ACC-1298,CUST-670,DEBIT,0.00,ACTIVE
ACC-1299,CUST-425,CREDIT,25000.00,ACTIVE
ACC-1300,CUST-130,DEBIT,0.00,ACTIVE
ACC-1301,CUST-523,DEBIT,0.00,ACTIVE
ACC-1302,CUST-863,DEBIT,0.00,ACTIVE
ACC-1303,CUST-856,DEBIT,0.00,ACTIVE
ACC-1304,CUST-289,CREDIT,2500.00,ACTIVE
ACC-1305,CUST-720,CREDIT,15000.00,ACTIVE
ACC-1306,CUST-336,CREDIT,2500.00,ACTIVE
ACC-1307,CUST-804,DEBIT,0.00,ACTIVE
ACC-1308,CUST-966,DEBIT,0.00,ACTIVE
ACC-1309,CUST-288,CREDIT,25000.00,ACTIVE
ACC-1310,CUST-240,DEBIT,0.00,ACTIVE
ACC-1311,CUST-882,CREDIT,2500.00,ACTIVE
ACC-1312,CUST-522,DEBIT,0.00,ACTIVE
ACC-1313,CUST-875,CREDIT,25000.00,BLOCKED
ACC-1314,CUST-549,CREDIT,2500.00,ACTIVE
ACC-1315,CUST-432,DEBIT,0.00,ACTIVE
ACC-1316,CUST-537,DEBIT,0.00,ACTIVE
ACC-1317,CUST-944,CREDIT,1000.00,ACTIVE
ACC-1318,CUST-860,CREDIT,5000.00,ACTIVE
ACC-1319,CUST-996,CREDIT,15000.00,ACTIVE
ACC-1320,CUST-211,DEBIT,0.00,ACTIVE
ACC-1321,CUST-351,CREDIT,1000.00,ACTIVE
ACC-1322,CUST-140,CREDIT,10000.00,BLOCKED
ACC-1323,CUST-150,CREDIT,15000.00,ACTIVE
ACC-1324,CUST-411,CREDIT,10000.00,ACTIVE
ACC-1325,CUST-270,DEBIT,0.00,ACTIVE
ACC-1326,CUST-806,CREDIT,15000.00,ACTIVE
ACC-1327,CUST-761,CREDIT,2500.00,ACTIVE
ACC-1328,CUST-284,CREDIT,25000.00,ACTIVE
ACC-1329,CUST-812,DEBIT,0.00,ACTIVE
ACC-1330,CUST-561,CREDIT,10000.00,ACTIVE
ACC-1331,CUST-829,CREDIT,10000.00,ACTIVE
ACC-1332,CUST-192,DEBIT,0.00,ACTIVE
ACC-1333,CUST-828,CREDIT,25000.00,ACTIVE
ACC-1334,CUST-226,DEBIT,0.00,ACTIVE
ACC-1335,CUST-471,CREDIT,25000.00,ACTIVE
ACC-1336,CUST-910,CREDIT,25000.00,ACTIVE
ACC-1337,CUST-263,DEBIT,0.00,ACTIVE
ACC-1338,CUST-274,CREDIT,10000.00,ACTIVE
ACC-1339,CUST-775,DEBIT,0.00,ACTIVE
ACC-1340,CUST-248,DEBIT,0.00,ACTIVE
ACC-1341,CUST-415,CREDIT,25000.00,ACTIVE
ACC-1342,CUST-285,CREDIT,10000.00,ACTIVE
ACC-1343,CUST-103,CREDIT,2500.00,ACTIVE
ACC-1344,CUST-609,CREDIT,5000.00,ACTIVE
ACC-1345,CUST-105,DEBIT,0.00,ACTIVE
ACC-1346,CUST-702,CREDIT,10000.00,ACTIVE
ACC-1347,CUST-552,DEBIT,0.00,ACTIVE
ACC-1348,CUST-660,CREDIT,15000.00,ACTIVE
ACC-1349,CUST-945,CREDIT,25000.00,ACTIVE
ACC-1350,CUST-768,CREDIT,2500.00,ACTIVE
ACC-1351,CUST-783,CREDIT,2500.00,ACTIVE
ACC-1352,CUST-189,CREDIT,15000.00,ACTIVE
ACC-1353,CUST-265,CREDIT,10000.00,BLOCKED
ACC-1354,CUST-808,DEBIT,0.00,ACTIVE
ACC-1355,CUST-675,DEBIT,0.00,ACTIVE
ACC-1356,CUST-468,CREDIT,10000.00,ACTIVE
ACC-1357,CUST-406,DEBIT,0.00,ACTIVE
ACC-1358,CUST-876,CREDIT,10000.00,ACTIVE
ACC-1359,CUST-582,CREDIT,15000.00,ACTIVE
ACC-1360,CUST-437,CREDIT,25000.00,ACTIVE
ACC-1361,CUST-314,CREDIT,15000.00,ACTIVE
ACC-1362,CUST-744,CREDIT,1000.00,ACTIVE
ACC-1363,CUST-805,CREDIT,1000.00,ACTIVE
ACC-1364,CUST-723,CREDIT,25000.00,ACTIVE
ACC-1365,CUST-688,DEBIT,0.00,ACTIVE
ACC-1366,CUST-232,DEBIT,0.00,ACTIVE
ACC-1367,CUST-747,CREDIT,10000.00,ACTIVE
ACC-1368,CUST-338,CREDIT,2500.00,ACTIVE
ACC-1369,CUST-101,DEBIT,0.00,BLOCKED
ACC-1370,CUST-220,CREDIT,10000.00,ACTIVE
ACC-1371,CUST-730,DEBIT,0.00,ACTIVE
ACC-1372,CUST-441,DEBIT,0.00,ACTIVE
ACC-1373,CUST-755,CREDIT,25000.00,ACTIVE
ACC-1374,CUST-169,CREDIT,5000.00,ACTIVE
ACC-1375,CUST-885,CREDIT,15000.00,ACTIVE
ACC-1376,CUST-505,CREDIT,25000.00,ACTIVE
ACC-1377,CUST-129,DEBIT,0.00,ACTIVE
ACC-1378,CUST-953,DEBIT,0.00,ACTIVE
ACC-1379,CUST-585,CREDIT,25000.00,ACTIVE
ACC-1380,CUST-593,DEBIT,0.00,ACTIVE
ACC-1381,CUST-649,CREDIT,10000.00,ACTIVE
ACC-1382,CUST-933,DEBIT,0.00,ACTIVE
ACC-1383,CUST-633,CREDIT,25000.00,ACTIVE
ACC-1384,CUST-668,CREDIT,25000.00,ACTIVE
ACC-1385,CUST-439,CREDIT,2500.00,ACTIVE
ACC-1386,CUST-462,DEBIT,0.00,ACTIVE
ACC-1387,CUST-131,CREDIT,2500.00,ACTIVE
ACC-1388,CUST-962,CREDIT,10000.00,ACTIVE
ACC-1389,CUST-709,CREDIT,15000.00,ACTIVE
ACC-1390,CUST-422,CREDIT,5000.00,ACTIVE
ACC-1391,CUST-188,DEBIT,0.00,ACTIVE
ACC-1392,CUST-949,CREDIT,2500.00,ACTIVE
ACC-1393,CUST-409,DEBIT,0.00,ACTIVE
ACC-1394,CUST-896,CREDIT,5000.00,ACTIVE
ACC-1395,CUST-125,CREDIT,1000.00,ACTIVE
ACC-1396,CUST-257,DEBIT,0.00,ACTIVE
ACC-1397,CUST-636,CREDIT,10000.00,ACTIVE
ACC-1398,CUST-992,CREDIT,5000.00,ACTIVE
ACC-1399,CUST-235,CREDIT,15000.00,ACTIVE
ACC-1400,CUST-830,CREDIT,1000.00,ACTIVE
ACC-1401,CUST-418,DEBIT,0.00,ACTIVE
ACC-1402,CUST-708,DEBIT,0.00,ACTIVE
ACC-1403,CUST-147,DEBIT,0.00,ACTIVE
ACC-1404,CUST-123,CREDIT,25000.00,ACTIVE
ACC-1405,CUST-314,CREDIT,5000.00,ACTIVE
ACC-1406,CUST-645,CREDIT,2500.00,ACTIVE
ACC-1407,CUST-379,CREDIT,10000.00,ACTIVE
ACC-1408,CUST-737,CREDIT,5000.00,ACTIVE
ACC-1409,CUST-458,CREDIT,1000.00,ACTIVE
ACC-1410,CUST-821,CREDIT,5000.00,ACTIVE
ACC-1411,CUST-275,DEBIT,0.00,ACTIVE
ACC-1412,CUST-653,CREDIT,15000.00,ACTIVE
ACC-1413,CUST-791,CREDIT,2500.00,ACTIVE
ACC-1414,CUST-536,CREDIT,10000.00,ACTIVE
ACC-1415,CUST-706,CREDIT,25000.00,ACTIVE
ACC-1416,CUST-731,CREDIT,25000.00,ACTIVE
ACC-1417,CUST-830,CREDIT,5000.00,ACTIVE
ACC-1418,CUST-180,DEBIT,0.00,ACTIVE
ACC-1419,CUST-576,DEBIT,0.00,ACTIVE
ACC-1420,CUST-815,CREDIT,1000.00,ACTIVE
ACC-1421,CUST-759,CREDIT,10000.00,ACTIVE
ACC-1422,CUST-337,DEBIT,0.00,ACTIVE
ACC-1423,CUST-731,DEBIT,0.00,ACTIVE
ACC-1424,CUST-816,CREDIT,5000.00,ACTIVE
ACC-1425,CUST-981,DEBIT,0.00,ACTIVE
ACC-1426,CUST-130,DEBIT,0.00,ACTIVE
ACC-1427,CUST-572,CREDIT,1000.00,ACTIVE
ACC-1428,CUST-456,DEBIT,0.00,ACTIVE
ACC-1429,CUST-515,CREDIT,2500.00,ACTIVE
ACC-1430,CUST-433,DEBIT,0.00,ACTIVE
ACC-1431,CUST-645,CREDIT,1000.00,ACTIVE
ACC-1432,CUST-735,CREDIT,15000.00,ACTIVE
ACC-1433,CUST-493,CREDIT,2500.00,BLOCKED
ACC-1434,CUST-705,CREDIT,2500.00,ACTIVE
ACC-1435,CUST-450,CREDIT,10000.00,ACTIVE
ACC-1436,CUST-785,CREDIT,2500.00,ACTIVE
ACC-1437,CUST-598,CREDIT,25000.00,ACTIVE
ACC-1438,CUST-668,CREDIT,15000.00,ACTIVE
ACC-1439,CUST-515,CREDIT,10000.00,ACTIVE
ACC-1440,CUST-710,CREDIT,1000.00,ACTIVE
ACC-1441,CUST-606,DEBIT,0.00,ACTIVE
ACC-1442,CUST-936,CREDIT,1000.00,ACTIVE
ACC-1443,CUST-751,CREDIT,15000.00,ACTIVE
ACC-1444,CUST-776,DEBIT,0.00,ACTIVE
ACC-1445,CUST-730,CREDIT,15000.00,ACTIVE
ACC-1446,CUST-998,CREDIT,2500.00,ACTIVE
ACC-1447,CUST-795,CREDIT,15000.00,ACTIVE
ACC-1448,CUST-452,CREDIT,10000.00,ACTIVE
ACC-1449,CUST-726,DEBIT,0.00,ACTIVE
ACC-1450,CUST-230,DEBIT,0.00,ACTIVE
ACC-1451,CUST-662,DEBIT,0.00,ACTIVE
ACC-1452,CUST-673,DEBIT,0.00,ACTIVE
ACC-1453,CUST-981,DEBIT,0.00,ACTIVE
ACC-1454,CUST-819,CREDIT,1000.00,ACTIVE
ACC-1455,CUST-491,CREDIT,25000.00,ACTIVE
ACC-1456,CUST-778,CREDIT,10000.00,ACTIVE
ACC-1457,CUST-493,CREDIT,2500.00,ACTIVE
ACC-1458,CUST-527,DEBIT,0.00,ACTIVE
ACC-1459,CUST-111,CREDIT,25000.00,ACTIVE
ACC-1460,CUST-598,CREDIT,1000.00,ACTIVE
ACC-1461,CUST-239,DEBIT,0.00,BLOCKED
ACC-1462,CUST-980,CREDIT,25000.00,ACTIVE
ACC-1463,CUST-535,CREDIT,25000.00,ACTIVE
ACC-1464,CUST-665,CREDIT,10000.00,ACTIVE
ACC-1465,CUST-331,DEBIT,0.00,ACTIVE
ACC-1466,CUST-610,CREDIT,15000.00,ACTIVE
ACC-1467,CUST-613,DEBIT,0.00,ACTIVE
ACC-1468,CUST-134,CREDIT,15000.00,ACTIVE
ACC-1469,CUST-821,DEBIT,0.00,ACTIVE
ACC-1470,CUST-807,CREDIT,15000.00,ACTIVE
ACC-1471,CUST-979,CREDIT,25000.00,ACTIVE
ACC-1472,CUST-576,DEBIT,0.00,ACTIVE
ACC-1473,CUST-190,CREDIT,15000.00,ACTIVE
ACC-1474,CUST-784,CREDIT,25000.00,ACTIVE
ACC-1475,CUST-693,CREDIT,25000.00,ACTIVE
ACC-1476,CUST-647,CREDIT,1000.00,ACTIVE
ACC-1477,CUST-624,DEBIT,0.00,ACTIVE
ACC-1478,CUST-439,DEBIT,0.00,ACTIVE
ACC-1479,CUST-136,CREDIT,5000.00,ACTIVE
ACC-1480,CUST-411,DEBIT,0.00,ACTIVE
ACC-1481,CUST-162,DEBIT,0.00,ACTIVE
ACC-1482,CUST-152,CREDIT,15000.00,ACTIVE
ACC-1483,CUST-855,DEBIT,0.00,ACTIVE
ACC-1484,CUST-229,CREDIT,5000.00,ACTIVE
ACC-1485,CUST-730,CREDIT,5000.00,ACTIVE
ACC-1486,CUST-214,CREDIT,5000.00,ACTIVE
ACC-1487,CUST-774,CREDIT,15000.00,ACTIVE
ACC-1488,CUST-817,CREDIT,2500.00,ACTIVE
ACC-1489,CUST-982,CREDIT,2500.00,ACTIVE
ACC-1490,CUST-709,CREDIT,1000.00,ACTIVE
ACC-1491,CUST-607,DEBIT,0.00,ACTIVE
ACC-1492,CUST-492,DEBIT,0.00,ACTIVE
ACC-1493,CUST-271,CREDIT,10000.00,ACTIVE
ACC-1494,CUST-155,CREDIT,25000.00,ACTIVE
ACC-1495,CUST-575,CREDIT,1000.00,ACTIVE
ACC-1496,CUST-870,CREDIT,5000.00,ACTIVE
ACC-1497,CUST-799,DEBIT,0.00,ACTIVE
ACC-1498,CUST-248,DEBIT,0.00,ACTIVE
ACC-1499,CUST-916,CREDIT,10000.00,ACTIVE
ACC-1500,CUST-642,CREDIT,25000.00,ACTIVE
ACC-1501,CUST-644,DEBIT,0.00,ACTIVE
ACC-1502,CUST-767,CREDIT,10000.00,ACTIVE
ACC-1503,CUST-373,DEBIT,0.00,ACTIVE
ACC-1504,CUST-698,DEBIT,0.00,ACTIVE
ACC-1505,CUST-851,CREDIT,25000.00,ACTIVE
ACC-1506,CUST-632,DEBIT,0.00,ACTIVE
ACC-1507,CUST-420,CREDIT,25000.00,BLOCKED
ACC-1508,CUST-169,CREDIT,25000.00,ACTIVE
ACC-1509,CUST-801,CREDIT,1000.00,ACTIVE
ACC-1510,CUST-357,CREDIT,2500.00,ACTIVE
ACC-1511,CUST-158,CREDIT,1000.00,ACTIVE
ACC-1512,CUST-955,DEBIT,0.00,ACTIVE
ACC-1513,CUST-825,CREDIT,15000.00,ACTIVE
ACC-1514,CUST-719,DEBIT,0.00,ACTIVE
ACC-1515,CUST-763,CREDIT,25000.00,ACTIVE
ACC-1516,CUST-812,CREDIT,2500.00,ACTIVE
ACC-1517,CUST-177,CREDIT,5000.00,ACTIVE
ACC-1518,CUST-808,CREDIT,5000.00,ACTIVE
ACC-1519,CUST-431,DEBIT,0.00,ACTIVE
ACC-1520,CUST-163,CREDIT,1000.00,ACTIVE
ACC-1521,CUST-364,CREDIT,5000.00,BLOCKED
ACC-1522,CUST-551,DEBIT,0.00,ACTIVE
ACC-1523,CUST-282,CREDIT,2500.00,ACTIVE
ACC-1524,CUST-887,CREDIT,1000.00,ACTIVE
ACC-1525,CUST-552,CREDIT,15000.00,ACTIVE
ACC-1526,CUST-174,DEBIT,0.00,ACTIVE
ACC-1527,CUST-556,CREDIT,25000.00,ACTIVE
ACC-1528,CUST-755,CREDIT,10000.00,ACTIVE
ACC-1529,CUST-372,CREDIT,1000.00,ACTIVE
ACC-1530,CUST-688,CREDIT,5000.00,ACTIVE
ACC-1531,CUST-602,CREDIT,25000.00,ACTIVE
ACC-1532,CUST-899,CREDIT,10000.00,ACTIVE
ACC-1533,CUST-331,DEBIT,0.00,ACTIVE
ACC-1534,CUST-593,CREDIT,25000.00,ACTIVE
ACC-1535,CUST-467,CREDIT,15000.00,ACTIVE
ACC-1536,CUST-747,CREDIT,5000.00,ACTIVE
ACC-1537,CUST-474,DEBIT,0.00,ACTIVE
ACC-1538,CUST-570,CREDIT,5000.00,ACTIVE
ACC-1539,CUST-307,DEBIT,0.00,ACTIVE
ACC-1540,CUST-776,CREDIT,1000.00,ACTIVE
ACC-1541,CUST-209,CREDIT,25000.00,ACTIVE
ACC-1542,CUST-747,CREDIT,5000.00,ACTIVE
ACC-1543,CUST-297,CREDIT,2500.00,ACTIVE
ACC-1544,CUST-498,CREDIT,15000.00,ACTIVE
ACC-1545,CUST-611,CREDIT,15000.00,ACTIVE
ACC-1546,CUST-116,CREDIT,10000.00,ACTIVE
ACC-1547,CUST-838,CREDIT,1000.00,ACTIVE
ACC-1548,CUST-769,CREDIT,1000.00,ACTIVE
ACC-1549,CUST-794,DEBIT,0.00,ACTIVE
ACC-1550,CUST-858,DEBIT,0.00,ACTIVE
ACC-1551,CUST-244,CREDIT,1000.00,ACTIVE
ACC-1552,CUST-733,CREDIT,1000.00,ACTIVE
ACC-1553,CUST-114,CREDIT,25000.00,ACTIVE
ACC-1554,CUST-940,CREDIT,1000.00,ACTIVE
ACC-1555,CUST-274,DEBIT,0.00,ACTIVE
ACC-1556,CUST-937,DEBIT,0.00,ACTIVE
ACC-1557,CUST-730,CREDIT,10000.00,ACTIVE
ACC-1558,CUST-930,CREDIT,2500.00,ACTIVE
ACC-1559,CUST-511,DEBIT,0.00,ACTIVE
ACC-1560,CUST-240,CREDIT,25000.00,ACTIVE
ACC-1561,CUST-707,CREDIT,2500.00,ACTIVE
ACC-1562,CUST-244,CREDIT,1000.00,ACTIVE
ACC-1563,CUST-478,DEBIT,0.00,ACTIVE
ACC-1564,CUST-695,CREDIT,10000.00,ACTIVE
ACC-1565,CUST-747,CREDIT,1000.00,ACTIVE
ACC-1566,CUST-598,CREDIT,2500.00,ACTIVE
ACC-1567,CUST-191,CREDIT,1000.00,ACTIVE
ACC-1568,CUST-390,DEBIT,0.00,ACTIVE
ACC-1569,CUST-311,CREDIT,10000.00,ACTIVE
ACC-1570,CUST-521,CREDIT,5000.00,ACTIVE
ACC-1571,CUST-138,CREDIT,2500.00,ACTIVE
ACC-1572,CUST-190,CREDIT,25000.00,ACTIVE
ACC-1573,CUST-104,CREDIT,5000.00,ACTIVE
ACC-1574,CUST-642,CREDIT,2500.00,ACTIVE
ACC-1575,CUST-983,DEBIT,0.00,ACTIVE
ACC-1576,CUST-324,DEBIT,0.00,ACTIVE
ACC-1577,CUST-383,CREDIT,25000.00,ACTIVE
ACC-1578,CUST-801,CREDIT,1000.00,ACTIVE
ACC-1579,CUST-609,DEBIT,0.00,ACTIVE
ACC-1580,CUST-155,CREDIT,25000.00,ACTIVE
ACC-1581,CUST-357,CREDIT,5000.00,ACTIVE
ACC-1582,CUST-858,CREDIT,10000.00,ACTIVE
ACC-1583,CUST-904,CREDIT,15000.00,ACTIVE
ACC-1584,CUST-340,CREDIT,15000.00,ACTIVE
ACC-1585,CUST-433,DEBIT,0.00,ACTIVE
ACC-1586,CUST-433,CREDIT,25000.00,ACTIVE
ACC-1587,CUST-200,CREDIT,1000.00,ACTIVE
ACC-1588,CUST-484,CREDIT,10000.00,ACTIVE
ACC-1589,CUST-699,DEBIT,0.00,ACTIVE
ACC-1590,CUST-724,CREDIT,10000.00,ACTIVE
ACC-1591,CUST-568,CREDIT,10000.00,ACTIVE
ACC-1592,CUST-376,DEBIT,0.00,ACTIVE
ACC-1593,CUST-682,CREDIT,2500.00,ACTIVE
ACC-1594,CUST-576,CREDIT,2500.00,ACTIVE
ACC-1595,CUST-325,CREDIT,2500.00,ACTIVE
ACC-1596,CUST-908,DEBIT,0.00,ACTIVE
ACC-1597,CUST-274,DEBIT,0.00,ACTIVE
ACC-1598,CUST-188,CREDIT,15000.00,ACTIVE
ACC-1599,CUST-321,CREDIT,15000.00,ACTIVE
ACC-1600,CUST-847,CREDIT,10000.00,ACTIVE
ACC-1601,CUST-544,CREDIT,2500.00,ACTIVE
ACC-1602,CUST-687,CREDIT,15000.00,ACTIVE
ACC-1603,CUST-145,DEBIT,0.00,ACTIVE
ACC-1604,CUST-616,CREDIT,10000.00,ACTIVE
ACC-1605,CUST-929,CREDIT,15000.00,ACTIVE
ACC-1606,CUST-563,DEBIT,0.00,ACTIVE
ACC-1607,CUST-112,CREDIT,1000.00,ACTIVE
ACC-1608,CUST-323,DEBIT,0.00,ACTIVE
ACC-1609,CUST-192,CREDIT,5000.00,ACTIVE
ACC-1610,CUST-820,CREDIT,25000.00,ACTIVE
ACC-1611,CUST-124,CREDIT,15000.00,ACTIVE
ACC-1612,CUST-241,DEBIT,0.00,ACTIVE
ACC-1613,CUST-908,DEBIT,0.00,ACTIVE
ACC-1614,CUST-820,DEBIT,0.00,ACTIVE
ACC-1615,CUST-807,CREDIT,25000.00,ACTIVE
ACC-1616,CUST-870,CREDIT,1000.00,ACTIVE
ACC-1617,CUST-913,CREDIT,15000.00,ACTIVE
ACC-1618,CUST-443,CREDIT,25000.00,ACTIVE
ACC-1619,CUST-790,DEBIT,0.00,ACTIVE
ACC-1620,CUST-474,CREDIT,1000.00,ACTIVE
ACC-1621,CUST-279,CREDIT,1000.00,ACTIVE
ACC-1622,CUST-826,CREDIT,25000.00,ACTIVE
ACC-1623,CUST-442,DEBIT,0.00,ACTIVE
ACC-1624,CUST-855,CREDIT,1000.00,ACTIVE
ACC-1625,CUST-819,DEBIT,0.00,ACTIVE
ACC-1626,CUST-428,CREDIT,25000.00,ACTIVE
ACC-1627,CUST-533,CREDIT,5000.00,ACTIVE
ACC-1628,CUST-563,CREDIT,1000.00,ACTIVE
ACC-1629,CUST-581,CREDIT,15000.00,ACTIVE
ACC-1630,CUST-645,DEBIT,0.00,ACTIVE
ACC-1631,CUST-476,DEBIT,0.00,ACTIVE
ACC-1632,CUST-928,DEBIT,0.00,ACTIVE
ACC-1633,CUST-292,DEBIT,0.00,ACTIVE
ACC-1634,CUST-182,DEBIT,0.00,ACTIVE
ACC-1635,CUST-178,CREDIT,2500.00,ACTIVE
ACC-1636,CUST-251,CREDIT,5000.00,ACTIVE
ACC-1637,CUST-742,CREDIT,2500.00,ACTIVE
ACC-1638,CUST-654,CREDIT,10000.00,ACTIVE
ACC-1639,CUST-530,DEBIT,0.00,ACTIVE
ACC-1640,CUST-293,CREDIT,25000.00,ACTIVE
ACC-1641,CUST-632,CREDIT,2500.00,ACTIVE
ACC-1642,CUST-771,CREDIT,10000.00,ACTIVE
ACC-1643,CUST-781,CREDIT,5000.00,ACTIVE
ACC-1644,CUST-555,DEBIT,0.00,ACTIVE
ACC-1645,CUST-908,CREDIT,15000.00,ACTIVE
ACC-1646,CUST-480,CREDIT,5000.00,ACTIVE
ACC-1647,CUST-148,DEBIT,0.00,ACTIVE
ACC-1648,CUST-270,CREDIT,5000.00,ACTIVE
ACC-1649,CUST-392,CREDIT,2500.00,ACTIVE
ACC-1650,CUST-809,CREDIT,2500.00,ACTIVE
ACC-1651,CUST-265,DEBIT,0.00,ACTIVE
ACC-1652,CUST-688,CREDIT,1000.00,BLOCKED
ACC-1653,CUST-310,CREDIT,5000.00,ACTIVE
ACC-1654,CUST-452,CREDIT,1000.00,ACTIVE
ACC-1655,CUST-266,CREDIT,10000.00,ACTIVE
ACC-1656,CUST-514,CREDIT,1000.00,ACTIVE
ACC-1657,CUST-569,DEBIT,0.00,ACTIVE
ACC-1658,CUST-856,DEBIT,0.00,ACTIVE
ACC-1659,CUST-822,CREDIT,15000.00,ACTIVE
ACC-1660,CUST-872,CREDIT,5000.00,ACTIVE
ACC-1661,CUST-250,DEBIT,0.00,ACTIVE
ACC-1662,CUST-552,DEBIT,0.00,ACTIVE
ACC-1663,CUST-141,CREDIT,1000.00,ACTIVE
ACC-1664,CUST-125,CREDIT,15000.00,ACTIVE
ACC-1665,CUST-194,CREDIT,2500.00,ACTIVE
ACC-1666,CUST-697,CREDIT,15000.00,ACTIVE
ACC-1667,CUST-185,CREDIT,5000.00,ACTIVE
ACC-1668,CUST-189,CREDIT,10000.00,ACTIVE
ACC-1669,CUST-602,DEBIT,0.00,ACTIVE
ACC-1670,CUST-157,CREDIT,15000.00,ACTIVE
ACC-1671,CUST-251,DEBIT,0.00,ACTIVE
ACC-1672,CUST-495,DEBIT,0.00,ACTIVE
ACC-1673,CUST-415,CREDIT,5000.00,ACTIVE
ACC-1674,CUST-189,DEBIT,0.00,ACTIVE
ACC-1675,CUST-525,CREDIT,10000.00,ACTIVE
ACC-1676,CUST-925,DEBIT,0.00,ACTIVE
ACC-1677,CUST-846,DEBIT,0.00,ACTIVE
ACC-1678,CUST-701,DEBIT,0.00,ACTIVE
ACC-1679,CUST-586,CREDIT,2500.00,ACTIVE
ACC-1680,CUST-443,DEBIT,0.00,ACTIVE
ACC-1681,CUST-190,CREDIT,15000.00,ACTIVE
ACC-1682,CUST-524,CREDIT,25000.00,ACTIVE
ACC-1683,CUST-873,CREDIT,10000.00,ACTIVE
ACC-1684,CUST-952,DEBIT,0.00,ACTIVE
ACC-1685,CUST-942,CREDIT,15000.00,ACTIVE
ACC-1686,CUST-411,DEBIT,0.00,ACTIVE
ACC-1687,CUST-127,CREDIT,25000.00,ACTIVE
ACC-1688,CUST-407,DEBIT,0.00,ACTIVE
ACC-1689,CUST-583,DEBIT,0.00,ACTIVE
ACC-1690,CUST-527,CREDIT,25000.00,ACTIVE
ACC-1691,CUST-129,CREDIT,25000.00,ACTIVE
ACC-1692,CUST-168,CREDIT,5000.00,ACTIVE
ACC-1693,CUST-679,CREDIT,5000.00,ACTIVE
ACC-1694,CUST-587,CREDIT,5000.00,ACTIVE
ACC-1695,CUST-482,DEBIT,0.00,ACTIVE
ACC-1696,CUST-365,CREDIT,15000.00,ACTIVE
ACC-1697,CUST-572,CREDIT,1000.00,ACTIVE
ACC-1698,CUST-267,DEBIT,0.00,ACTIVE
ACC-1699,CUST-464,CREDIT,5000.00,ACTIVE
ACC-1700,CUST-178,CREDIT,5000.00,ACTIVE
ACC-1701,CUST-196,CREDIT,25000.00,ACTIVE
ACC-1702,CUST-993,CREDIT,2500.00,ACTIVE
ACC-1703,CUST-377,CREDIT,25000.00,ACTIVE
ACC-1704,CUST-198,DEBIT,0.00,ACTIVE
ACC-1705,CUST-113,CREDIT,5000.00,ACTIVE
ACC-1706,CUST-596,CREDIT,5000.00,ACTIVE
ACC-1707,CUST-258,CREDIT,2500.00,ACTIVE
ACC-1708,CUST-672,CREDIT,2500.00,ACTIVE
ACC-1709,CUST-829,CREDIT,15000.00,ACTIVE
ACC-1710,CUST-178,CREDIT,1000.00,ACTIVE
ACC-1711,CUST-591,CREDIT,2500.00,ACTIVE
ACC-1712,CUST-936,CREDIT,25000.00,ACTIVE
ACC-1713,CUST-450,CREDIT,15000.00,ACTIVE
ACC-1714,CUST-934,CREDIT,5000.00,ACTIVE
ACC-1715,CUST-245,CREDIT,2500.00,ACTIVE
ACC-1716,CUST-314,DEBIT,0.00,ACTIVE
ACC-1717,CUST-881,CREDIT,1000.00,ACTIVE
ACC-1718,CUST-893,DEBIT,0.00,ACTIVE
ACC-1719,CUST-210,CREDIT,10000.00,ACTIVE
ACC-1720,CUST-160,CREDIT,25000.00,ACTIVE
ACC-1721,CUST-408,CREDIT,5000.00,ACTIVE
ACC-1722,CUST-901,DEBIT,0.00,ACTIVE
ACC-1723,CUST-304,CREDIT,15000.00,ACTIVE
ACC-1724,CUST-249,CREDIT,5000.00,ACTIVE
ACC-1725,CUST-693,DEBIT,0.00,ACTIVE
ACC-1726,CUST-899,CREDIT,2500.00,ACTIVE
ACC-1727,CUST-683,DEBIT,0.00,ACTIVE
ACC-1728,CUST-641,CREDIT,15000.00,ACTIVE
ACC-1729,CUST-275,CREDIT,2500.00,ACTIVE
ACC-1730,CUST-842,DEBIT,0.00,ACTIVE
ACC-1731,CUST-971,CREDIT,2500.00,ACTIVE
ACC-1732,CUST-703,DEBIT,0.00,ACTIVE
ACC-1733,CUST-285,CREDIT,25000.00,ACTIVE
ACC-1734,CUST-534,DEBIT,0.00,BLOCKED
ACC-1735,CUST-879,CREDIT,2500.00,ACTIVE
ACC-1736,CUST-212,DEBIT,0.00,ACTIVE
ACC-1737,CUST-821,CREDIT,10000.00,ACTIVE
ACC-1738,CUST-435,CREDIT,25000.00,ACTIVE
ACC-1739,CUST-714,CREDIT,10000.00,ACTIVE
ACC-1740,CUST-961,DEBIT,0.00,ACTIVE
ACC-1741,CUST-975,CREDIT,15000.00,ACTIVE
ACC-1742,CUST-921,CREDIT,1000.00,ACTIVE
ACC-1743,CUST-113,CREDIT,25000.00,ACTIVE
ACC-1744,CUST-207,DEBIT,0.00,ACTIVE
ACC-1745,CUST-187,CREDIT,15000.00,ACTIVE
ACC-1746,CUST-704,CREDIT,10000.00,ACTIVE
ACC-1747,CUST-272,DEBIT,0.00,ACTIVE
ACC-1748,CUST-709,CREDIT,2500.00,ACTIVE
ACC-1749,CUST-338,DEBIT,0.00,ACTIVE
ACC-1750,CUST-385,DEBIT,0.00,ACTIVE
ACC-1751,CUST-707,DEBIT,0.00,ACTIVE
ACC-1752,CUST-464,CREDIT,25000.00,ACTIVE
ACC-1753,CUST-596,CREDIT,15000.00,ACTIVE
ACC-1754,CUST-210,CREDIT,2500.00,ACTIVE
ACC-1755,CUST-743,CREDIT,10000.00,ACTIVE
ACC-1756,CUST-855,DEBIT,0.00,ACTIVE
ACC-1757,CUST-127,CREDIT,1000.00,ACTIVE
ACC-1758,CUST-795,DEBIT,0.00,ACTIVE
ACC-1759,CUST-198,CREDIT,5000.00,ACTIVE
ACC-1760,CUST-632,DEBIT,0.00,ACTIVE
ACC-1761,CUST-306,DEBIT,0.00,ACTIVE
ACC-1762,CUST-367,CREDIT,10000.00,ACTIVE
ACC-1763,CUST-882,CREDIT,15000.00,ACTIVE
ACC-1764,CUST-221,CREDIT,10000.00,ACTIVE
ACC-1765,CUST-553,CREDIT,5000.00,ACTIVE
ACC-1766,CUST-775,CREDIT,1000.00,ACTIVE
ACC-1767,CUST-823,DEBIT,0.00,ACTIVE
ACC-1768,CUST-832,CREDIT,10000.00,ACTIVE
ACC-1769,CUST-602,CREDIT,1000.00,ACTIVE
ACC-1770,CUST-685,DEBIT,0.00,ACTIVE
ACC-1771,CUST-618,CREDIT,15000.00,ACTIVE
ACC-1772,CUST-486,CREDIT,5000.00,ACTIVE
ACC-1773,CUST-391,CREDIT,5000.00,ACTIVE
ACC-1774,CUST-231,CREDIT,1000.00,ACTIVE
ACC-1775,CUST-859,DEBIT,0.00,ACTIVE
ACC-1776,CUST-199,CREDIT,25000.00,ACTIVE
ACC-1777,CUST-157,CREDIT,5000.00,ACTIVE
ACC-1778,CUST-763,DEBIT,0.00,ACTIVE
ACC-1779,CUST-167,CREDIT,1000.00,ACTIVE
ACC-1780,CUST-273,DEBIT,0.00,ACTIVE
ACC-1781,CUST-773,CREDIT,5000.00,ACTIVE
ACC-1782,CUST-531,DEBIT,0.00,ACTIVE
ACC-1783,CUST-122,CREDIT,25000.00,ACTIVE
ACC-1784,CUST-499,DEBIT,0.00,ACTIVE
ACC-1785,CUST-202,CREDIT,1000.00,ACTIVE
ACC-1786,CUST-608,DEBIT,0.00,ACTIVE
ACC-1787,CUST-729,CREDIT,25000.00,ACTIVE
ACC-1788,CUST-750,CREDIT,10000.00,ACTIVE
ACC-1789,CUST-960,DEBIT,0.00,ACTIVE
ACC-1790,CUST-371,DEBIT,0.00,ACTIVE
ACC-1791,CUST-331,CREDIT,15000.00,ACTIVE
ACC-1792,CUST-692,CREDIT,1000.00,ACTIVE
ACC-1793,CUST-680,CREDIT,5000.00,ACTIVE
ACC-1794,CUST-314,DEBIT,0.00,ACTIVE
ACC-1795,CUST-409,CREDIT,1000.00,ACTIVE
ACC-1796,CUST-652,CREDIT,5000.00,ACTIVE
ACC-1797,CUST-739,CREDIT,10000.00,ACTIVE
ACC-1798,CUST-284,CREDIT,25000.00,ACTIVE
ACC-1799,CUST-628,DEBIT,0.00,ACTIVE
ACC-1800,CUST-318,DEBIT,0.00,ACTIVE
ACC-1801,CUST-578,DEBIT,0.00,ACTIVE
ACC-1802,CUST-729,CREDIT,25000.00,ACTIVE
ACC-1803,CUST-679,DEBIT,0.00,ACTIVE
ACC-1804,CUST-305,DEBIT,0.00,ACTIVE
ACC-1805,CUST-864,CREDIT,2500.00,ACTIVE
ACC-1806,CUST-545,DEBIT,0.00,ACTIVE
ACC-1807,CUST-966,CREDIT,1000.00,ACTIVE
ACC-1808,CUST-362,CREDIT,5000.00,ACTIVE
ACC-1809,CUST-344,DEBIT,0.00,ACTIVE
ACC-1810,CUST-916,CREDIT,2500.00,ACTIVE
ACC-1811,CUST-673,DEBIT,0.00,ACTIVE
ACC-1812,CUST-137,DEBIT,0.00,ACTIVE
ACC-1813,CUST-364,CREDIT,5000.00,ACTIVE
ACC-1814,CUST-663,DEBIT,0.00,ACTIVE
ACC-1815,CUST-597,CREDIT,1000.00,ACTIVE
ACC-1816,CUST-185,DEBIT,0.00,ACTIVE
ACC-1817,CUST-516,CREDIT,5000.00,ACTIVE
ACC-1818,CUST-192,DEBIT,0.00,ACTIVE
ACC-1819,CUST-341,CREDIT,25000.00,ACTIVE
ACC-1820,CUST-223,CREDIT,25000.00,ACTIVE
ACC-1821,CUST-637,CREDIT,15000.00,ACTIVE
ACC-1822,CUST-225,CREDIT,1000.00,ACTIVE
ACC-1823,CUST-952,DEBIT,0.00,ACTIVE
ACC-1824,CUST-861,CREDIT,10000.00,ACTIVE
ACC-1825,CUST-209,CREDIT,10000.00,ACTIVE
ACC-1826,CUST-360,CREDIT,5000.00,ACTIVE
ACC-1827,CUST-646,DEBIT,0.00,ACTIVE
ACC-1828,CUST-533,CREDIT,1000.00,ACTIVE
ACC-1829,CUST-903,CREDIT,2500.00,ACTIVE
ACC-1830,CUST-832,DEBIT,0.00,ACTIVE
ACC-1831,CUST-720,CREDIT,5000.00,ACTIVE
ACC-1832,CUST-155,CREDIT,25000.00,ACTIVE
ACC-1833,CUST-345,DEBIT,0.00,ACTIVE
ACC-1834,CUST-817,CREDIT,10000.00,ACTIVE
ACC-1835,CUST-987,CREDIT,25000.00,ACTIVE
ACC-1836,CUST-502,CREDIT,10000.00,ACTIVE
ACC-1837,CUST-408,DEBIT,0.00,ACTIVE
ACC-1838,CUST-980,CREDIT,2500.00,ACTIVE
ACC-1839,CUST-746,DEBIT,0.00,ACTIVE
ACC-1840,CUST-134,CREDIT,25000.00,ACTIVE
ACC-1841,CUST-603,CREDIT,1000.00,ACTIVE
ACC-1842,CUST-440,CREDIT,10000.00,ACTIVE
ACC-1843,CUST-939,DEBIT,0.00,ACTIVE
ACC-1844,CUST-618,CREDIT,2500.00,ACTIVE
ACC-1845,CUST-932,CREDIT,10000.00,ACTIVE
ACC-1846,CUST-128,CREDIT,5000.00,ACTIVE
ACC-1847,CUST-288,DEBIT,0.00,ACTIVE
ACC-1848,CUST-510,CREDIT,25000.00,ACTIVE
ACC-1849,CUST-184,CREDIT,5000.00,ACTIVE
ACC-1850,CUST-886,CREDIT,2500.00,ACTIVE
ACC-1851,CUST-967,DEBIT,0.00,ACTIVE
ACC-1852,CUST-427,CREDIT,10000.00,ACTIVE
ACC-1853,CUST-277,CREDIT,25000.00,ACTIVE
ACC-1854,CUST-918,DEBIT,0.00,ACTIVE
ACC-1855,CUST-286,CREDIT,1000.00,ACTIVE
ACC-1856,CUST-684,CREDIT,10000.00,ACTIVE
ACC-1857,CUST-762,CREDIT,1000.00,ACTIVE
ACC-1858,CUST-573,CREDIT,2500.00,ACTIVE
ACC-1859,CUST-150,CREDIT,25000.00,ACTIVE
ACC-1860,CUST-252,CREDIT,10000.00,ACTIVE
ACC-1861,CUST-680,CREDIT,5000.00,ACTIVE
ACC-1862,CUST-891,CREDIT,25000.00,ACTIVE
ACC-1863,CUST-789,DEBIT,0.00,ACTIVE
ACC-1864,CUST-295,CREDIT,2500.00,ACTIVE
ACC-1865,CUST-372,DEBIT,0.00,ACTIVE
ACC-1866,CUST-541,CREDIT,10000.00,ACTIVE
ACC-1867,CUST-943,DEBIT,0.00,ACTIVE
ACC-1868,CUST-284,CREDIT,25000.00,ACTIVE
ACC-1869,CUST-368,CREDIT,2500.00,ACTIVE
ACC-1870,CUST-478,CREDIT,10000.00,ACTIVE
ACC-1871,CUST-110,CREDIT,25000.00,ACTIVE
ACC-1872,CUST-507,CREDIT,5000.00,BLOCKED
ACC-1873,CUST-825,DEBIT,0.00,ACTIVE
ACC-1874,CUST-197,CREDIT,15000.00,ACTIVE
ACC-1875,CUST-340,CREDIT,1000.00,ACTIVE
ACC-1876,CUST-786,CREDIT,5000.00,BLOCKED
ACC-1877,CUST-866,DEBIT,0.00,ACTIVE
ACC-1878,CUST-616,DEBIT,0.00,ACTIVE
ACC-1879,CUST-787,CREDIT,5000.00,BLOCKED
ACC-1880,CUST-283,CREDIT,15000.00,ACTIVE
ACC-1881,CUST-447,CREDIT,15000.00,ACTIVE
ACC-1882,CUST-424,DEBIT,0.00,ACTIVE
ACC-1883,CUST-366,DEBIT,0.00,ACTIVE
ACC-1884,CUST-611,CREDIT,1000.00,BLOCKED
ACC-1885,CUST-865,DEBIT,0.00,ACTIVE
ACC-1886,CUST-997,CREDIT,10000.00,ACTIVE
ACC-1887,CUST-546,CREDIT,5000.00,ACTIVE
ACC-1888,CUST-603,DEBIT,0.00,ACTIVE
ACC-1889,CUST-973,DEBIT,0.00,ACTIVE
ACC-1890,CUST-550,DEBIT,0.00,ACTIVE
ACC-1891,CUST-287,CREDIT,2500.00,ACTIVE
ACC-1892,CUST-578,CREDIT,5000.00,ACTIVE
ACC-1893,CUST-465,CREDIT,10000.00,ACTIVE
ACC-1894,CUST-568,DEBIT,0.00,ACTIVE
ACC-1895,CUST-226,CREDIT,25000.00,ACTIVE
ACC-1896,CUST-284,CREDIT,2500.00,ACTIVE
ACC-1897,CUST-942,DEBIT,0.00,ACTIVE
ACC-1898,CUST-697,CREDIT,25000.00,ACTIVE
ACC-1899,CUST-885,DEBIT,0.00,ACTIVE
ACC-1900,CUST-352,CREDIT,10000.00,ACTIVE
ACC-1901,CUST-436,DEBIT,0.00,ACTIVE
ACC-1902,CUST-224,CREDIT,25000.00,BLOCKED
ACC-1903,CUST-208,CREDIT,15000.00,ACTIVE
ACC-1904,CUST-183,DEBIT,0.00,ACTIVE
ACC-1905,CUST-564,CREDIT,25000.00,ACTIVE
ACC-1906,CUST-105,CREDIT,5000.00,ACTIVE
ACC-1907,CUST-563,CREDIT,1000.00,ACTIVE
ACC-1908,CUST-916,CREDIT,25000.00,BLOCKED
ACC-1909,CUST-920,CREDIT,2500.00,ACTIVE
ACC-1910,CUST-861,CREDIT,5000.00,ACTIVE
ACC-1911,CUST-508,CREDIT,15000.00,ACTIVE
ACC-1912,CUST-986,CREDIT,2500.00,ACTIVE
ACC-1913,CUST-266,CREDIT,1000.00,ACTIVE
ACC-1914,CUST-870,CREDIT,10000.00,ACTIVE
ACC-1915,CUST-405,DEBIT,0.00,ACTIVE
ACC-1916,CUST-417,CREDIT,10000.00,ACTIVE
ACC-1917,CUST-467,DEBIT,0.00,ACTIVE
ACC-1918,CUST-624,DEBIT,0.00,ACTIVE
ACC-1919,CUST-587,CREDIT,10000.00,ACTIVE
ACC-1920,CUST-874,CREDIT,15000.00,ACTIVE
ACC-1921,CUST-544,CREDIT,5000.00,ACTIVE
ACC-1922,CUST-449,CREDIT,1000.00,ACTIVE
ACC-1923,CUST-763,DEBIT,0.00,ACTIVE
ACC-1924,CUST-607,DEBIT,0.00,ACTIVE
ACC-1925,CUST-397,CREDIT,25000.00,ACTIVE
ACC-1926,CUST-589,CREDIT,1000.00,ACTIVE
ACC-1927,CUST-407,CREDIT,2500.00,ACTIVE
ACC-1928,CUST-402,DEBIT,0.00,ACTIVE
ACC-1929,CUST-146,CREDIT,15000.00,ACTIVE
ACC-1930,CUST-196,CREDIT,15000.00,ACTIVE
ACC-1931,CUST-359,CREDIT,25000.00,ACTIVE
ACC-1932,CUST-615,CREDIT,15000.00,ACTIVE
ACC-1933,CUST-283,CREDIT,25000.00,ACTIVE
ACC-1934,CUST-146,DEBIT,0.00,ACTIVE
ACC-1935,CUST-701,CREDIT,25000.00,ACTIVE
ACC-1936,CUST-560,DEBIT,0.00,ACTIVE
ACC-1937,CUST-992,CREDIT,5000.00,ACTIVE
ACC-1938,CUST-180,DEBIT,0.00,ACTIVE
ACC-1939,CUST-992,DEBIT,0.00,ACTIVE
ACC-1940,CUST-118,DEBIT,0.00,ACTIVE
ACC-1941,CUST-771,CREDIT,1000.00,ACTIVE
ACC-1942,CUST-773,CREDIT,25000.00,ACTIVE
ACC-1943,CUST-598,DEBIT,0.00,ACTIVE
ACC-1944,CUST-789,CREDIT,15000.00,ACTIVE
ACC-1945,CUST-923,DEBIT,0.00,ACTIVE
ACC-1946,CUST-295,CREDIT,2500.00,ACTIVE
ACC-1947,CUST-292,CREDIT,1000.00,ACTIVE
ACC-1948,CUST-764,DEBIT,0.00,ACTIVE
ACC-1949,CUST-741,CREDIT,2500.00,ACTIVE
ACC-1950,CUST-188,DEBIT,0.00,ACTIVE
ACC-1951,CUST-532,CREDIT,10000.00,ACTIVE
ACC-1952,CUST-856,CREDIT,2500.00,ACTIVE
ACC-1953,CUST-582,DEBIT,0.00,ACTIVE
ACC-1954,CUST-306,CREDIT,10000.00,ACTIVE
ACC-1955,CUST-108,CREDIT,10000.00,ACTIVE
ACC-1956,CUST-525,CREDIT,25000.00,ACTIVE
ACC-1957,CUST-710,DEBIT,0.00,ACTIVE
ACC-1958,CUST-137,DEBIT,0.00,BLOCKED
ACC-1959,CUST-842,CREDIT,10000.00,ACTIVE
ACC-1960,CUST-988,CREDIT,25000.00,ACTIVE
ACC-1961,CUST-119,CREDIT,25000.00,ACTIVE
ACC-1962,CUST-374,CREDIT,5000.00,ACTIVE
ACC-1963,CUST-584,DEBIT,0.00,ACTIVE
ACC-1964,CUST-455,CREDIT,15000.00,ACTIVE
ACC-1965,CUST-394,CREDIT,10000.00,ACTIVE
ACC-1966,CUST-548,DEBIT,0.00,ACTIVE
ACC-1967,CUST-801,CREDIT,2500.00,ACTIVE
ACC-1968,CUST-832,CREDIT,15000.00,ACTIVE
ACC-1969,CUST-400,DEBIT,0.00,ACTIVE
ACC-1970,CUST-526,DEBIT,0.00,ACTIVE
ACC-1971,CUST-852,DEBIT,0.00,ACTIVE
ACC-1972,CUST-964,CREDIT,10000.00,ACTIVE
ACC-1973,CUST-867,CREDIT,2500.00,ACTIVE
ACC-1974,CUST-304,CREDIT,10000.00,ACTIVE
ACC-1975,CUST-525,CREDIT,10000.00,ACTIVE
ACC-1976,CUST-340,DEBIT,0.00,ACTIVE
ACC-1977,CUST-467,CREDIT,1000.00,BLOCKED
ACC-1978,CUST-262,DEBIT,0.00,ACTIVE
ACC-1979,CUST-165,CREDIT,15000.00,ACTIVE
ACC-1980,CUST-223,CREDIT,1000.00,ACTIVE
ACC-1981,CUST-448,CREDIT,10000.00,ACTIVE
ACC-1982,CUST-888,DEBIT,0.00,ACTIVE
ACC-1983,CUST-254,DEBIT,0.00,ACTIVE
ACC-1984,CUST-718,DEBIT,0.00,ACTIVE
ACC-1985,CUST-548,DEBIT,0.00,ACTIVE
ACC-1986,CUST-873,DEBIT,0.00,ACTIVE
ACC-1987,CUST-724,CREDIT,1000.00,ACTIVE
ACC-1988,CUST-943,DEBIT,0.00,ACTIVE
ACC-1989,CUST-745,CREDIT,15000.00,ACTIVE
ACC-1990,CUST-260,CREDIT,2500.00,ACTIVE
ACC-1991,CUST-880,DEBIT,0.00,ACTIVE
ACC-1992,CUST-257,CREDIT,25000.00,ACTIVE
ACC-1993,CUST-225,CREDIT,5000.00,ACTIVE
ACC-1994,CUST-525,DEBIT,0.00,ACTIVE
ACC-1995,CUST-954,DEBIT,0.00,ACTIVE
ACC-1996,CUST-617,DEBIT,0.00,ACTIVE
ACC-1997,CUST-872,CREDIT,5000.00,ACTIVE
ACC-1998,CUST-255,CREDIT,25000.00,ACTIVE
ACC-1999,CUST-906,DEBIT,0.00,ACTIVE
ACC-2000,CUST-519,CREDIT,10000.00,ACTIVE
ACC-2001,CUST-628,DEBIT,0.00,ACTIVE
ACC-2002,CUST-130,DEBIT,0.00,ACTIVE
ACC-2003,CUST-629,CREDIT,1000.00,ACTIVE
ACC-2004,CUST-422,DEBIT,0.00,ACTIVE
ACC-2005,CUST-502,CREDIT,2500.00,ACTIVE
ACC-2006,CUST-756,DEBIT,0.00,ACTIVE
ACC-2007,CUST-746,CREDIT,15000.00,ACTIVE
ACC-2008,CUST-996,DEBIT,0.00,ACTIVE
ACC-2009,CUST-797,CREDIT,5000.00,ACTIVE
ACC-2010,CUST-838,DEBIT,0.00,ACTIVE
ACC-2011,CUST-108,DEBIT,0.00,ACTIVE
ACC-2012,CUST-725,DEBIT,0.00,ACTIVE
ACC-2013,CUST-556,DEBIT,0.00,ACTIVE
ACC-2014,CUST-733,CREDIT,15000.00,ACTIVE
ACC-2015,CUST-931,DEBIT,0.00,ACTIVE
ACC-2016,CUST-302,DEBIT,0.00,ACTIVE
ACC-2017,CUST-650,DEBIT,0.00,ACTIVE
ACC-2018,CUST-229,CREDIT,25000.00,ACTIVE
ACC-2019,CUST-195,CREDIT,15000.00,ACTIVE
ACC-2020,CUST-875,CREDIT,5000.00,ACTIVE
ACC-2021,CUST-915,CREDIT,1000.00,ACTIVE
ACC-2022,CUST-892,CREDIT,5000.00,ACTIVE
ACC-2023,CUST-213,CREDIT,10000.00,BLOCKED
ACC-2024,CUST-365,DEBIT,0.00,ACTIVE
ACC-2025,CUST-874,CREDIT,5000.00,ACTIVE
ACC-2026,CUST-405,DEBIT,0.00,ACTIVE
ACC-2027,CUST-341,CREDIT,1000.00,ACTIVE
ACC-2028,CUST-679,DEBIT,0.00,BLOCKED
ACC-2029,CUST-781,DEBIT,0.00,ACTIVE
ACC-2030,CUST-406,CREDIT,15000.00,ACTIVE
ACC-2031,CUST-243,CREDIT,25000.00,ACTIVE
ACC-2032,CUST-353,DEBIT,0.00,ACTIVE
ACC-2033,CUST-942,CREDIT,15000.00,ACTIVE
ACC-2034,CUST-250,DEBIT,0.00,ACTIVE
ACC-2035,CUST-183,DEBIT,0.00,ACTIVE
ACC-2036,CUST-587,CREDIT,10000.00,ACTIVE
ACC-2037,CUST-638,CREDIT,1000.00,ACTIVE
ACC-2038,CUST-504,CREDIT,15000.00,ACTIVE
ACC-2039,CUST-751,DEBIT,0.00,ACTIVE
ACC-2040,CUST-601,CREDIT,10000.00,ACTIVE
ACC-2041,CUST-266,DEBIT,0.00,ACTIVE
ACC-2042,CUST-568,CREDIT,2500.00,ACTIVE
ACC-2043,CUST-641,CREDIT,25000.00,ACTIVE
ACC-2044,CUST-133,CREDIT,2500.00,ACTIVE
ACC-2045,CUST-478,DEBIT,0.00,ACTIVE
ACC-2046,CUST-972,DEBIT,0.00,ACTIVE
ACC-2047,CUST-396,CREDIT,1000.00,ACTIVE
ACC-2048,CUST-412,CREDIT,2500.00,ACTIVE
ACC-2049,CUST-597,DEBIT,0.00,ACTIVE
ACC-2050,CUST-703,CREDIT,2500.00,ACTIVE
ACC-2051,CUST-320,CREDIT,5000.00,ACTIVE
ACC-2052,CUST-225,CREDIT,25000.00,ACTIVE
ACC-2053,CUST-527,CREDIT,1000.00,ACTIVE
ACC-2054,CUST-445,CREDIT,5000.00,ACTIVE
ACC-2055,CUST-837,DEBIT,0.00,ACTIVE
ACC-2056,CUST-241,DEBIT,0.00,ACTIVE
ACC-2057,CUST-783,CREDIT,10000.00,ACTIVE
ACC-2058,CUST-919,CREDIT,25000.00,ACTIVE
ACC-2059,CUST-338,CREDIT,15000.00,ACTIVE
ACC-2060,CUST-146,DEBIT,0.00,ACTIVE
ACC-2061,CUST-853,DEBIT,0.00,ACTIVE
ACC-2062,CUST-824,CREDIT,1000.00,ACTIVE
ACC-2063,CUST-824,CREDIT,25000.00,ACTIVE
ACC-2064,CUST-672,CREDIT,25000.00,ACTIVE
ACC-2065,CUST-875,CREDIT,15000.00,ACTIVE
ACC-2066,CUST-868,CREDIT,15000.00,ACTIVE
ACC-2067,CUST-644,CREDIT,1000.00,ACTIVE
ACC-2068,CUST-310,CREDIT,1000.00,ACTIVE
ACC-2069,CUST-693,CREDIT,25000.00,ACTIVE
ACC-2070,CUST-511,CREDIT,15000.00,ACTIVE
ACC-2071,CUST-123,CREDIT,10000.00,ACTIVE
ACC-2072,CUST-980,CREDIT,2500.00,ACTIVE
ACC-2073,CUST-217,CREDIT,10000.00,ACTIVE
ACC-2074,CUST-392,DEBIT,0.00,ACTIVE
ACC-2075,CUST-257,CREDIT,5000.00,ACTIVE
ACC-2076,CUST-160,CREDIT,10000.00,ACTIVE
ACC-2077,CUST-830,CREDIT,5000.00,ACTIVE
ACC-2078,CUST-245,CREDIT,10000.00,ACTIVE
ACC-2079,CUST-947,CREDIT,5000.00,ACTIVE
ACC-2080,CUST-345,DEBIT,0.00,ACTIVE
ACC-2081,CUST-604,DEBIT,0.00,ACTIVE
ACC-2082,CUST-217,CREDIT,15000.00,ACTIVE
ACC-2083,CUST-516,CREDIT,5000.00,ACTIVE
ACC-2084,CUST-339,CREDIT,1000.00,ACTIVE
ACC-2085,CUST-667,DEBIT,0.00,ACTIVE
ACC-2086,CUST-352,DEBIT,0.00,ACTIVE
ACC-2087,CUST-228,DEBIT,0.00,ACTIVE
ACC-2088,CUST-966,CREDIT,10000.00,ACTIVE
ACC-2089,CUST-245,CREDIT,2500.00,ACTIVE
ACC-2090,CUST-650,CREDIT,2500.00,ACTIVE
ACC-2091,CUST-668,DEBIT,0.00,ACTIVE
ACC-2092,CUST-949,CREDIT,1000.00,ACTIVE
ACC-2093,CUST-100,CREDIT,25000.00,BLOCKED
ACC-2094,CUST-356,CREDIT,10000.00,ACTIVE
ACC-2095,CUST-459,DEBIT,0.00,ACTIVE
ACC-2096,CUST-960,DEBIT,0.00,ACTIVE
ACC-2097,CUST-646,CREDIT,1000.00,ACTIVE
ACC-2098,CUST-815,CREDIT,5000.00,ACTIVE
ACC-2099,CUST-386,CREDIT,2500.00,ACTIVE
ACC-2100,CUST-616,DEBIT,0.00,ACTIVE
ACC-2101,CUST-798,DEBIT,0.00,ACTIVE
ACC-2102,CUST-870,DEBIT,0.00,ACTIVE
ACC-2103,CUST-778,DEBIT,0.00,ACTIVE
ACC-2104,CUST-570,DEBIT,0.00,ACTIVE
ACC-2105,CUST-808,DEBIT,0.00,ACTIVE
ACC-2106,CUST-104,CREDIT,1000.00,ACTIVE
ACC-2107,CUST-523,DEBIT,0.00,ACTIVE
ACC-2108,CUST-880,CREDIT,25000.00,ACTIVE
ACC-2109,CUST-764,CREDIT,1000.00,ACTIVE
ACC-2110,CUST-952,DEBIT,0.00,ACTIVE
ACC-2111,CUST-226,DEBIT,0.00,ACTIVE
ACC-2112,CUST-466,CREDIT,10000.00,ACTIVE
ACC-2113,CUST-227,CREDIT,25000.00,BLOCKED
ACC-2114,CUST-326,CREDIT,2500.00,ACTIVE
ACC-2115,CUST-796,DEBIT,0.00,ACTIVE
ACC-2116,CUST-192,DEBIT,0.00,ACTIVE
ACC-2117,CUST-927,DEBIT,0.00,ACTIVE
ACC-2118,CUST-605,DEBIT,0.00,ACTIVE
ACC-2119,CUST-604,DEBIT,0.00,ACTIVE
ACC-2120,CUST-314,DEBIT,0.00,ACTIVE
ACC-2121,CUST-990,CREDIT,25000.00,ACTIVE
ACC-2122,CUST-665,CREDIT,15000.00,ACTIVE
ACC-2123,CUST-798,CREDIT,25000.00,ACTIVE
ACC-2124,CUST-231,CREDIT,2500.00,ACTIVE
ACC-2125,CUST-683,DEBIT,0.00,ACTIVE
ACC-2126,CUST-846,DEBIT,0.00,ACTIVE
ACC-2127,CUST-794,DEBIT,0.00,ACTIVE
ACC-2128,CUST-729,CREDIT,25000.00,ACTIVE
ACC-2129,CUST-102,CREDIT,15000.00,ACTIVE
ACC-2130,CUST-765,DEBIT,0.00,ACTIVE
ACC-2131,CUST-516,CREDIT,5000.00,ACTIVE
ACC-2132,CUST-607,CREDIT,25000.00,ACTIVE
ACC-2133,CUST-329,CREDIT,1000.00,ACTIVE
ACC-2134,CUST-423,CREDIT,10000.00,ACTIVE
ACC-2135,CUST-685,CREDIT,2500.00,ACTIVE
ACC-2136,CUST-331,DEBIT,0.00,BLOCKED
ACC-2137,CUST-176,DEBIT,0.00,ACTIVE
ACC-2138,CUST-437,DEBIT,0.00,ACTIVE
ACC-2139,CUST-128,CREDIT,25000.00,ACTIVE
ACC-2140,CUST-741,CREDIT,1000.00,ACTIVE
ACC-2141,CUST-353,DEBIT,0.00,ACTIVE
ACC-2142,CUST-952,CREDIT,2500.00,ACTIVE
ACC-2143,CUST-342,CREDIT,5000.00,ACTIVE
ACC-2144,CUST-734,DEBIT,0.00,ACTIVE
ACC-2145,CUST-692,CREDIT,1000.00,ACTIVE
ACC-2146,CUST-486,CREDIT,1000.00,ACTIVE
ACC-2147,CUST-230,CREDIT,25000.00,ACTIVE
ACC-2148,CUST-725,CREDIT,10000.00,ACTIVE
ACC-2149,CUST-157,CREDIT,1000.00,ACTIVE
ACC-2150,CUST-511,CREDIT,5000.00,ACTIVE
ACC-2151,CUST-713,CREDIT,10000.00,ACTIVE
ACC-2152,CUST-564,DEBIT,0.00,ACTIVE
ACC-2153,CUST-734,CREDIT,10000.00,ACTIVE
ACC-2154,CUST-901,CREDIT,25000.00,ACTIVE
ACC-2155,CUST-297,CREDIT,15000.00,ACTIVE
ACC-2156,CUST-169,CREDIT,1000.00,ACTIVE
ACC-2157,CUST-229,CREDIT,2500.00,ACTIVE
ACC-2158,CUST-592,CREDIT,5000.00,ACTIVE
ACC-2159,CUST-348,DEBIT,0.00,ACTIVE
ACC-2160,CUST-419,CREDIT,1000.00,ACTIVE
ACC-2161,CUST-872,CREDIT,15000.00,ACTIVE
ACC-2162,CUST-894,CREDIT,15000.00,ACTIVE
ACC-2163,CUST-451,CREDIT,10000.00,ACTIVE
ACC-2164,CUST-773,CREDIT,1000.00,ACTIVE
ACC-2165,CUST-619,DEBIT,0.00,ACTIVE
ACC-2166,CUST-155,DEBIT,0.00,ACTIVE
ACC-2167,CUST-755,CREDIT,2500.00,BLOCKED
ACC-2168,CUST-449,DEBIT,0.00,ACTIVE
ACC-2169,CUST-578,CREDIT,10000.00,ACTIVE
ACC-2170,CUST-679,CREDIT,5000.00,ACTIVE
ACC-2171,CUST-528,DEBIT,0.00,ACTIVE
ACC-2172,CUST-908,CREDIT,1000.00,ACTIVE
ACC-2173,CUST-103,DEBIT,0.00,ACTIVE
ACC-2174,CUST-738,CREDIT,25000.00,ACTIVE
ACC-2175,CUST-934,CREDIT,10000.00,ACTIVE
ACC-2176,CUST-509,CREDIT,25000.00,ACTIVE
ACC-2177,CUST-175,CREDIT,1000.00,ACTIVE
ACC-2178,CUST-397,CREDIT,15000.00,ACTIVE
ACC-2179,CUST-883,CREDIT,25000.00,ACTIVE
ACC-2180,CUST-390,CREDIT,1000.00,ACTIVE
ACC-2181,CUST-447,CREDIT,5000.00,ACTIVE
ACC-2182,CUST-300,DEBIT,0.00,ACTIVE
ACC-2183,CUST-121,CREDIT,5000.00,ACTIVE
ACC-2184,CUST-770,DEBIT,0.00,ACTIVE
ACC-2185,CUST-315,DEBIT,0.00,ACTIVE
ACC-2186,CUST-481,CREDIT,2500.00,ACTIVE
ACC-2187,CUST-918,DEBIT,0.00,ACTIVE
ACC-2188,CUST-999,DEBIT,0.00,ACTIVE
ACC-2189,CUST-233,DEBIT,0.00,ACTIVE
ACC-2190,CUST-487,DEBIT,0.00,ACTIVE
ACC-2191,CUST-539,DEBIT,0.00,ACTIVE
ACC-2192,CUST-147,DEBIT,0.00,ACTIVE
ACC-2193,CUST-974,DEBIT,0.00,ACTIVE
ACC-2194,CUST-154,CREDIT,2500.00,ACTIVE
ACC-2195,CUST-971,CREDIT,5000.00,ACTIVE
ACC-2196,CUST-314,CREDIT,15000.00,ACTIVE
ACC-2197,CUST-909,DEBIT,0.00,ACTIVE
ACC-2198,CUST-620,DEBIT,0.00,ACTIVE
ACC-2199,CUST-483,CREDIT,25000.00,ACTIVE
ACC-2200,CUST-829,CREDIT,10000.00,ACTIVE
ACC-2201,CUST-606,CREDIT,25000.00,ACTIVE
ACC-2202,CUST-909,CREDIT,15000.00,ACTIVE
ACC-2203,CUST-307,CREDIT,1000.00,ACTIVE
ACC-2204,CUST-413,CREDIT,2500.00,ACTIVE
ACC-2205,CUST-962,CREDIT,10000.00,ACTIVE
ACC-2206,CUST-869,CREDIT,15000.00,ACTIVE
ACC-2207,CUST-335,CREDIT,10000.00,ACTIVE
ACC-2208,CUST-444,CREDIT,10000.00,ACTIVE
ACC-2209,CUST-476,CREDIT,10000.00,ACTIVE
ACC-2210,CUST-491,DEBIT,0.00,ACTIVE
ACC-2211,CUST-760,CREDIT,10000.00,ACTIVE
ACC-2212,CUST-613,CREDIT,1000.00,ACTIVE
ACC-2213,CUST-383,CREDIT,25000.00,ACTIVE
ACC-2214,CUST-173,DEBIT,0.00,ACTIVE
ACC-2215,CUST-301,CREDIT,15000.00,ACTIVE
ACC-2216,CUST-863,DEBIT,0.00,ACTIVE
ACC-2217,CUST-381,DEBIT,0.00,ACTIVE
ACC-2218,CUST-975,CREDIT,15000.00,BLOCKED
ACC-2219,CUST-367,DEBIT,0.00,ACTIVE
ACC-2220,CUST-454,CREDIT,5000.00,ACTIVE
ACC-2221,CUST-515,DEBIT,0.00,ACTIVE
ACC-2222,CUST-112,DEBIT,0.00,ACTIVE
ACC-2223,CUST-252,CREDIT,15000.00,BLOCKED
ACC-2224,CUST-840,DEBIT,0.00,ACTIVE
ACC-2225,CUST-628,DEBIT,0.00,ACTIVE
ACC-2226,CUST-839,CREDIT,15000.00,ACTIVE
ACC-2227,CUST-187,DEBIT,0.00,ACTIVE
ACC-2228,CUST-814,CREDIT,2500.00,ACTIVE
ACC-2229,CUST-671,CREDIT,10000.00,ACTIVE
ACC-2230,CUST-231,CREDIT,2500.00,ACTIVE
ACC-2231,CUST-929,CREDIT,25000.00,ACTIVE
ACC-2232,CUST-330,DEBIT,0.00,ACTIVE
ACC-2233,CUST-881,CREDIT,25000.00,ACTIVE
ACC-2234,CUST-433,DEBIT,0.00,ACTIVE
ACC-2235,CUST-242,CREDIT,15000.00,ACTIVE
ACC-2236,CUST-918,CREDIT,5000.00,ACTIVE
ACC-2237,CUST-500,CREDIT,15000.00,ACTIVE
ACC-2238,CUST-500,DEBIT,0.00,ACTIVE
ACC-2239,CUST-211,CREDIT,10000.00,ACTIVE
ACC-2240,CUST-411,CREDIT,10000.00,ACTIVE
ACC-2241,CUST-281,CREDIT,1000.00,ACTIVE
ACC-2242,CUST-127,CREDIT,25000.00,ACTIVE
ACC-2243,CUST-495,CREDIT,1000.00,ACTIVE
ACC-2244,CUST-636,CREDIT,2500.00,ACTIVE
ACC-2245,CUST-111,CREDIT,1000.00,ACTIVE
ACC-2246,CUST-213,CREDIT,10000.00,ACTIVE
ACC-2247,CUST-170,CREDIT,10000.00,ACTIVE
ACC-2248,CUST-310,CREDIT,2500.00,ACTIVE
ACC-2249,CUST-262,CREDIT,25000.00,ACTIVE
ACC-2250,CUST-614,CREDIT,5000.00,ACTIVE
ACC-2251,CUST-306,DEBIT,0.00,ACTIVE
ACC-2252,CUST-944,CREDIT,2500.00,ACTIVE
ACC-2253,CUST-682,CREDIT,2500.00,ACTIVE
ACC-2254,CUST-689,DEBIT,0.00,ACTIVE
ACC-2255,CUST-567,CREDIT,1000.00,ACTIVE
ACC-2256,CUST-500,CREDIT,25000.00,ACTIVE
ACC-2257,CUST-283,CREDIT,2500.00,ACTIVE
ACC-2258,CUST-568,DEBIT,0.00,ACTIVE
ACC-2259,CUST-682,CREDIT,25000.00,ACTIVE
ACC-2260,CUST-345,CREDIT,25000.00,ACTIVE
ACC-2261,CUST-743,DEBIT,0.00,ACTIVE
ACC-2262,CUST-814,CREDIT,25000.00,ACTIVE
ACC-2263,CUST-605,DEBIT,0.00,ACTIVE
ACC-2264,CUST-477,CREDIT,15000.00,ACTIVE
ACC-2265,CUST-898,CREDIT,1000.00,ACTIVE
ACC-2266,CUST-312,CREDIT,10000.00,ACTIVE
ACC-2267,CUST-754,CREDIT,10000.00,ACTIVE
ACC-2268,CUST-490,DEBIT,0.00,ACTIVE
ACC-2269,CUST-506,CREDIT,10000.00,ACTIVE
ACC-2270,CUST-239,CREDIT,5000.00,ACTIVE
ACC-2271,CUST-572,CREDIT,25000.00,ACTIVE
ACC-2272,CUST-830,CREDIT,15000.00,ACTIVE
ACC-2273,CUST-940,DEBIT,0.00,ACTIVE
ACC-2274,CUST-118,CREDIT,2500.00,ACTIVE
ACC-2275,CUST-647,CREDIT,2500.00,ACTIVE
ACC-2276,CUST-787,DEBIT,0.00,ACTIVE
ACC-2277,CUST-257,DEBIT,0.00,ACTIVE
ACC-2278,CUST-135,CREDIT,2500.00,ACTIVE
ACC-2279,CUST-552,DEBIT,0.00,ACTIVE
ACC-2280,CUST-930,DEBIT,0.00,ACTIVE
ACC-2281,CUST-205,CREDIT,25000.00,ACTIVE
ACC-2282,CUST-712,CREDIT,5000.00,ACTIVE
ACC-2283,CUST-355,CREDIT,10000.00,ACTIVE
ACC-2284,CUST-116,CREDIT,2500.00,ACTIVE
ACC-2285,CUST-296,CREDIT,1000.00,ACTIVE
ACC-2286,CUST-198,DEBIT,0.00,ACTIVE
ACC-2287,CUST-271,DEBIT,0.00,ACTIVE
ACC-2288,CUST-624,DEBIT,0.00,ACTIVE
ACC-2289,CUST-741,CREDIT,5000.00,ACTIVE
ACC-2290,CUST-504,CREDIT,2500.00,ACTIVE
ACC-2291,CUST-318,DEBIT,0.00,ACTIVE
ACC-2292,CUST-511,CREDIT,5000.00,ACTIVE
ACC-2293,CUST-317,DEBIT,0.00,ACTIVE
ACC-2294,CUST-385,CREDIT,1000.00,ACTIVE
ACC-2295,CUST-323,CREDIT,5000.00,ACTIVE
ACC-2296,CUST-204,CREDIT,15000.00,ACTIVE
ACC-2297,CUST-970,DEBIT,0.00,ACTIVE
ACC-2298,CUST-714,CREDIT,5000.00,ACTIVE
ACC-2299,CUST-794,CREDIT,25000.00,ACTIVE
ACC-2300,CUST-236,DEBIT,0.00,ACTIVE
ACC-2301,CUST-804,CREDIT,25000.00,ACTIVE
ACC-2302,CUST-443,CREDIT,25000.00,ACTIVE
ACC-2303,CUST-623,CREDIT,15000.00,ACTIVE
ACC-2304,CUST-821,CREDIT,2500.00,ACTIVE
ACC-2305,CUST-731,DEBIT,0.00,ACTIVE
ACC-2306,CUST-342,DEBIT,0.00,ACTIVE
ACC-2307,CUST-734,DEBIT,0.00,ACTIVE
ACC-2308,CUST-403,CREDIT,2500.00,ACTIVE
ACC-2309,CUST-138,CREDIT,10000.00,ACTIVE
ACC-2310,CUST-554,CREDIT,25000.00,ACTIVE
ACC-2311,CUST-384,DEBIT,0.00,ACTIVE
ACC-2312,CUST-524,CREDIT,1000.00,ACTIVE
ACC-2313,CUST-334,CREDIT,5000.00,ACTIVE
ACC-2314,CUST-348,DEBIT,0.00,ACTIVE
ACC-2315,CUST-780,CREDIT,1000.00,ACTIVE
ACC-2316,CUST-812,DEBIT,0.00,ACTIVE
ACC-2317,CUST-490,DEBIT,0.00,ACTIVE
ACC-2318,CUST-106,CREDIT,2500.00,ACTIVE
ACC-2319,CUST-297,CREDIT,10000.00,ACTIVE
ACC-2320,CUST-228,CREDIT,2500.00,ACTIVE
ACC-2321,CUST-914,CREDIT,15000.00,ACTIVE
ACC-2322,CUST-180,DEBIT,0.00,ACTIVE
ACC-2323,CUST-838,CREDIT,10000.00,ACTIVE
ACC-2324,CUST-354,CREDIT,10000.00,ACTIVE
ACC-2325,CUST-750,CREDIT,15000.00,ACTIVE
ACC-2326,CUST-468,CREDIT,10000.00,ACTIVE
ACC-2327,CUST-532,CREDIT,2500.00,ACTIVE
ACC-2328,CUST-259,CREDIT,25000.00,ACTIVE
ACC-2329,CUST-120,DEBIT,0.00,ACTIVE
ACC-2330,CUST-185,DEBIT,0.00,ACTIVE
ACC-2331,CUST-709,DEBIT,0.00,ACTIVE
ACC-2332,CUST-363,CREDIT,15000.00,ACTIVE
ACC-2333,CUST-484,CREDIT,5000.00,ACTIVE
ACC-2334,CUST-239,CREDIT,10000.00,ACTIVE
ACC-2335,CUST-294,DEBIT,0.00,ACTIVE
ACC-2336,CUST-483,CREDIT,15000.00,ACTIVE
ACC-2337,CUST-860,CREDIT,10000.00,ACTIVE
ACC-2338,CUST-702,CREDIT,10000.00,ACTIVE
ACC-2339,CUST-227,CREDIT,1000.00,BLOCKED
ACC-2340,CUST-881,CREDIT,15000.00,ACTIVE
ACC-2341,CUST-869,CREDIT,5000.00,ACTIVE
ACC-2342,CUST-600,DEBIT,0.00,ACTIVE
ACC-2343,CUST-766,CREDIT,5000.00,ACTIVE
ACC-2344,CUST-348,CREDIT,10000.00,ACTIVE
ACC-2345,CUST-792,CREDIT,5000.00,ACTIVE
ACC-2346,CUST-367,CREDIT,25000.00,ACTIVE
ACC-2347,CUST-353,CREDIT,25000.00,ACTIVE
ACC-2348,CUST-112,CREDIT,25000.00,ACTIVE
ACC-2349,CUST-493,CREDIT,1000.00,ACTIVE
ACC-2350,CUST-182,CREDIT,15000.00,BLOCKED
ACC-2351,CUST-269,CREDIT,2500.00,ACTIVE
ACC-2352,CUST-409,DEBIT,0.00,ACTIVE
ACC-2353,CUST-491,CREDIT,15000.00,ACTIVE
ACC-2354,CUST-997,CREDIT,25000.00,ACTIVE
ACC-2355,CUST-211,DEBIT,0.00,ACTIVE
ACC-2356,CUST-375,CREDIT,5000.00,ACTIVE
ACC-2357,CUST-507,DEBIT,0.00,ACTIVE
ACC-2358,CUST-272,DEBIT,0.00,ACTIVE
ACC-2359,CUST-171,DEBIT,0.00,ACTIVE
ACC-2360,CUST-526,DEBIT,0.00,ACTIVE
ACC-2361,CUST-274,DEBIT,0.00,ACTIVE
ACC-2362,CUST-302,CREDIT,2500.00,ACTIVE
ACC-2363,CUST-561,CREDIT,15000.00,ACTIVE
ACC-2364,CUST-160,CREDIT,2500.00,ACTIVE
ACC-2365,CUST-296,DEBIT,0.00,ACTIVE
ACC-2366,CUST-739,CREDIT,10000.00,ACTIVE
ACC-2367,CUST-400,CREDIT,25000.00,ACTIVE
ACC-2368,CUST-450,CREDIT,1000.00,ACTIVE
ACC-2369,CUST-788,CREDIT,2500.00,ACTIVE
ACC-2370,CUST-372,DEBIT,0.00,ACTIVE
ACC-2371,CUST-696,DEBIT,0.00,ACTIVE
ACC-2372,CUST-316,DEBIT,0.00,ACTIVE
ACC-2373,CUST-632,CREDIT,1000.00,ACTIVE
ACC-2374,CUST-597,DEBIT,0.00,ACTIVE
ACC-2375,CUST-444,CREDIT,5000.00,ACTIVE
ACC-2376,CUST-936,CREDIT,5000.00,BLOCKED
ACC-2377,CUST-487,CREDIT,5000.00,ACTIVE
ACC-2378,CUST-925,CREDIT,5000.00,ACTIVE
ACC-2379,CUST-511,CREDIT,10000.00,ACTIVE
ACC-2380,CUST-242,DEBIT,0.00,ACTIVE
ACC-2381,CUST-386,CREDIT,1000.00,ACTIVE
ACC-2382,CUST-354,DEBIT,0.00,ACTIVE
ACC-2383,CUST-990,CREDIT,15000.00,ACTIVE
ACC-2384,CUST-103,CREDIT,10000.00,ACTIVE
ACC-2385,CUST-932,DEBIT,0.00,ACTIVE
ACC-2386,CUST-146,CREDIT,25000.00,ACTIVE
ACC-2387,CUST-794,DEBIT,0.00,ACTIVE
ACC-2388,CUST-856,CREDIT,15000.00,ACTIVE
ACC-2389,CUST-587,CREDIT,1000.00,ACTIVE
ACC-2390,CUST-202,DEBIT,0.00,ACTIVE
ACC-2391,CUST-299,DEBIT,0.00,ACTIVE
ACC-2392,CUST-997,DEBIT,0.00,ACTIVE
ACC-2393,CUST-230,CREDIT,25000.00,ACTIVE
ACC-2394,CUST-789,CREDIT,1000.00,ACTIVE
ACC-2395,CUST-578,DEBIT,0.00,BLOCKED
ACC-2396,CUST-593,CREDIT,10000.00,ACTIVE
ACC-2397,CUST-316,DEBIT,0.00,ACTIVE
ACC-2398,CUST-208,CREDIT,25000.00,ACTIVE
ACC-2399,CUST-434,CREDIT,25000.00,ACTIVE
ACC-2400,CUST-325,DEBIT,0.00,ACTIVE
ACC-2401,CUST-786,DEBIT,0.00,ACTIVE
ACC-2402,CUST-748,CREDIT,2500.00,ACTIVE
ACC-2403,CUST-808,DEBIT,0.00,ACTIVE
ACC-2404,CUST-884,CREDIT,2500.00,ACTIVE
ACC-2405,CUST-451,DEBIT,0.00,ACTIVE
ACC-2406,CUST-842,CREDIT,25000.00,ACTIVE
ACC-2407,CUST-976,CREDIT,25000.00,ACTIVE
ACC-2408,CUST-218,CREDIT,2500.00,ACTIVE
ACC-2409,CUST-858,CREDIT,1000.00,ACTIVE
ACC-2410,CUST-218,CREDIT,2500.00,ACTIVE
ACC-2411,CUST-489,CREDIT,2500.00,ACTIVE
ACC-2412,CUST-704,CREDIT,1000.00,ACTIVE
ACC-2413,CUST-427,CREDIT,10000.00,BLOCKED
ACC-2414,CUST-915,DEBIT,0.00,ACTIVE
ACC-2415,CUST-327,CREDIT,25000.00,ACTIVE
ACC-2416,CUST-571,CREDIT,1000.00,ACTIVE
ACC-2417,CUST-611,CREDIT,5000.00,ACTIVE
ACC-2418,CUST-390,DEBIT,0.00,ACTIVE
ACC-2419,CUST-947,CREDIT,25000.00,ACTIVE
ACC-2420,CUST-416,DEBIT,0.00,ACTIVE
ACC-2421,CUST-968,CREDIT,25000.00,ACTIVE
ACC-2422,CUST-948,DEBIT,0.00,ACTIVE
ACC-2423,CUST-485,CREDIT,5000.00,ACTIVE
ACC-2424,CUST-833,CREDIT,5000.00,ACTIVE
ACC-2425,CUST-330,CREDIT,25000.00,ACTIVE
ACC-2426,CUST-986,DEBIT,0.00,ACTIVE
ACC-2427,CUST-844,DEBIT,0.00,ACTIVE
ACC-2428,CUST-263,CREDIT,25000.00,ACTIVE
ACC-2429,CUST-445,DEBIT,0.00,ACTIVE
ACC-2430,CUST-875,CREDIT,10000.00,BLOCKED
ACC-2431,CUST-389,CREDIT,1000.00,ACTIVE
ACC-2432,CUST-661,CREDIT,2500.00,ACTIVE
ACC-2433,CUST-910,CREDIT,2500.00,ACTIVE
ACC-2434,CUST-826,CREDIT,1000.00,ACTIVE
ACC-2435,CUST-240,CREDIT,25000.00,ACTIVE
ACC-2436,CUST-248,CREDIT,10000.00,ACTIVE
ACC-2437,CUST-766,CREDIT,25000.00,ACTIVE
ACC-2438,CUST-204,CREDIT,25000.00,ACTIVE
ACC-2439,CUST-251,DEBIT,0.00,BLOCKED
ACC-2440,CUST-272,CREDIT,10000.00,ACTIVE
ACC-2441,CUST-585,DEBIT,0.00,ACTIVE
ACC-2442,CUST-627,CREDIT,1000.00,ACTIVE
ACC-2443,CUST-252,DEBIT,0.00,ACTIVE
ACC-2444,CUST-221,CREDIT,10000.00,ACTIVE
ACC-2445,CUST-710,CREDIT,10000.00,ACTIVE
ACC-2446,CUST-484,DEBIT,0.00,ACTIVE
ACC-2447,CUST-786,DEBIT,0.00,BLOCKED
ACC-2448,CUST-985,DEBIT,0.00,ACTIVE
ACC-2449,CUST-747,DEBIT,0.00,ACTIVE
ACC-2450,CUST-222,DEBIT,0.00,ACTIVE
ACC-2451,CUST-784,CREDIT,1000.00,ACTIVE
ACC-2452,CUST-700,DEBIT,0.00,ACTIVE
ACC-2453,CUST-810,CREDIT,15000.00,ACTIVE
ACC-2454,CUST-285,DEBIT,0.00,ACTIVE
ACC-2455,CUST-405,CREDIT,25000.00,ACTIVE
ACC-2456,CUST-830,CREDIT,1000.00,ACTIVE
ACC-2457,CUST-289,DEBIT,0.00,ACTIVE
ACC-2458,CUST-669,CREDIT,25000.00,ACTIVE
ACC-2459,CUST-642,DEBIT,0.00,ACTIVE
ACC-2460,CUST-651,CREDIT,15000.00,ACTIVE
ACC-2461,CUST-227,DEBIT,0.00,ACTIVE
ACC-2462,CUST-774,DEBIT,0.00,ACTIVE
ACC-2463,CUST-713,DEBIT,0.00,ACTIVE
ACC-2464,CUST-557,DEBIT,0.00,ACTIVE
ACC-2465,CUST-231,DEBIT,0.00,ACTIVE
ACC-2466,CUST-675,CREDIT,25000.00,ACTIVE
ACC-2467,CUST-227,CREDIT,1000.00,ACTIVE
ACC-2468,CUST-275,CREDIT,5000.00,ACTIVE
ACC-2469,CUST-407,CREDIT,25000.00,ACTIVE
ACC-2470,CUST-400,CREDIT,15000.00,ACTIVE
ACC-2471,CUST-690,DEBIT,0.00,ACTIVE
ACC-2472,CUST-460,CREDIT,5000.00,ACTIVE
ACC-2473,CUST-201,CREDIT,15000.00,ACTIVE
ACC-2474,CUST-137,DEBIT,0.00,ACTIVE
ACC-2475,CUST-320,CREDIT,5000.00,ACTIVE
ACC-2476,CUST-321,DEBIT,0.00,ACTIVE
ACC-2477,CUST-737,CREDIT,5000.00,ACTIVE
ACC-2478,CUST-490,CREDIT,15000.00,ACTIVE
ACC-2479,CUST-185,CREDIT,2500.00,ACTIVE
ACC-2480,CUST-811,DEBIT,0.00,ACTIVE
ACC-2481,CUST-850,CREDIT,2500.00,ACTIVE
ACC-2482,CUST-297,CREDIT,25000.00,ACTIVE
ACC-2483,CUST-763,DEBIT,0.00,ACTIVE
ACC-2484,CUST-529,DEBIT,0.00,ACTIVE
ACC-2485,CUST-906,DEBIT,0.00,ACTIVE
ACC-2486,CUST-353,CREDIT,1000.00,ACTIVE
ACC-2487,CUST-800,CREDIT,1000.00,ACTIVE
ACC-2488,CUST-191,CREDIT,1000.00,ACTIVE
ACC-2489,CUST-249,CREDIT,5000.00,ACTIVE
ACC-2490,CUST-110,DEBIT,0.00,ACTIVE
ACC-2491,CUST-207,CREDIT,2500.00,ACTIVE
ACC-2492,CUST-639,DEBIT,0.00,ACTIVE
ACC-2493,CUST-941,DEBIT,0.00,ACTIVE
ACC-2494,CUST-457,DEBIT,0.00,ACTIVE
ACC-2495,CUST-664,DEBIT,0.00,ACTIVE
ACC-2496,CUST-274,CREDIT,1000.00,ACTIVE
ACC-2497,CUST-925,CREDIT,10000.00,ACTIVE
ACC-2498,CUST-644,DEBIT,0.00,ACTIVE
ACC-2499,CUST-230,CREDIT,10000.00,ACTIVE
ACC-2500,CUST-259,CREDIT,25000.00,ACTIVE
ACC-2501,CUST-681,DEBIT,0.00,ACTIVE
ACC-2502,CUST-842,DEBIT,0.00,ACTIVE
ACC-2503,CUST-355,CREDIT,5000.00,ACTIVE
ACC-2504,CUST-568,DEBIT,0.00,ACTIVE
ACC-2505,CUST-614,CREDIT,5000.00,ACTIVE
ACC-2506,CUST-835,CREDIT,10000.00,ACTIVE
ACC-2507,CUST-412,DEBIT,0.00,ACTIVE
ACC-2508,CUST-516,CREDIT,1000.00,ACTIVE
ACC-2509,CUST-749,DEBIT,0.00,ACTIVE
ACC-2510,CUST-195,CREDIT,25000.00,ACTIVE
ACC-2511,CUST-392,CREDIT,1000.00,ACTIVE
ACC-2512,CUST-110,CREDIT,10000.00,ACTIVE
ACC-2513,CUST-620,DEBIT,0.00,ACTIVE
ACC-2514,CUST-609,DEBIT,0.00,ACTIVE
ACC-2515,CUST-814,CREDIT,25000.00,ACTIVE
ACC-2516,CUST-951,CREDIT,1000.00,ACTIVE
ACC-2517,CUST-819,DEBIT,0.00,ACTIVE
ACC-2518,CUST-856,CREDIT,5000.00,ACTIVE
ACC-2519,CUST-640,DEBIT,0.00,ACTIVE
ACC-2520,CUST-559,DEBIT,0.00,ACTIVE
ACC-2521,CUST-882,DEBIT,0.00,ACTIVE
ACC-2522,CUST-475,CREDIT,2500.00,ACTIVE
ACC-2523,CUST-152,DEBIT,0.00,ACTIVE
ACC-2524,CUST-215,CREDIT,10000.00,ACTIVE
ACC-2525,CUST-652,CREDIT,25000.00,ACTIVE
ACC-2526,CUST-397,DEBIT,0.00,ACTIVE
ACC-2527,CUST-102,CREDIT,5000.00,ACTIVE
ACC-2528,CUST-322,DEBIT,0.00,ACTIVE
ACC-2529,CUST-758,DEBIT,0.00,ACTIVE
ACC-2530,CUST-732,CREDIT,1000.00,ACTIVE
ACC-2531,CUST-106,DEBIT,0.00,ACTIVE
ACC-2532,CUST-209,CREDIT,5000.00,ACTIVE
ACC-2533,CUST-463,CREDIT,25000.00,ACTIVE
ACC-2534,CUST-186,CREDIT,10000.00,ACTIVE
ACC-2535,CUST-599,CREDIT,2500.00,ACTIVE
ACC-2536,CUST-581,CREDIT,25000.00,ACTIVE
ACC-2537,CUST-286,CREDIT,5000.00,ACTIVE
ACC-2538,CUST-549,CREDIT,5000.00,ACTIVE
ACC-2539,CUST-243,DEBIT,0.00,ACTIVE
ACC-2540,CUST-991,CREDIT,10000.00,ACTIVE
ACC-2541,CUST-391,DEBIT,0.00,ACTIVE
ACC-2542,CUST-439,CREDIT,10000.00,ACTIVE
ACC-2543,CUST-303,DEBIT,0.00,ACTIVE
ACC-2544,CUST-372,DEBIT,0.00,ACTIVE
ACC-2545,CUST-919,CREDIT,10000.00,ACTIVE
ACC-2546,CUST-869,DEBIT,0.00,ACTIVE
ACC-2547,CUST-613,DEBIT,0.00,ACTIVE
ACC-2548,CUST-945,DEBIT,0.00,ACTIVE
ACC-2549,CUST-911,CREDIT,1000.00,ACTIVE
ACC-2550,CUST-113,CREDIT,2500.00,ACTIVE
ACC-2551,CUST-794,DEBIT,0.00,ACTIVE
ACC-2552,CUST-711,DEBIT,0.00,ACTIVE
ACC-2553,CUST-396,DEBIT,0.00,ACTIVE
ACC-2554,CUST-353,CREDIT,1000.00,ACTIVE
ACC-2555,CUST-355,CREDIT,25000.00,ACTIVE
ACC-2556,CUST-817,CREDIT,1000.00,ACTIVE
ACC-2557,CUST-823,CREDIT,10000.00,ACTIVE
ACC-2558,CUST-847,DEBIT,0.00,ACTIVE
ACC-2559,CUST-975,CREDIT,2500.00,ACTIVE
ACC-2560,CUST-223,CREDIT,25000.00,ACTIVE
ACC-2561,CUST-296,CREDIT,1000.00,ACTIVE
ACC-2562,CUST-731,DEBIT,0.00,ACTIVE
ACC-2563,CUST-637,CREDIT,1000.00,ACTIVE
ACC-2564,CUST-327,CREDIT,25000.00,BLOCKED
ACC-2565,CUST-537,CREDIT,10000.00,ACTIVE
ACC-2566,CUST-472,CREDIT,5000.00,ACTIVE
ACC-2567,CUST-352,CREDIT,5000.00,ACTIVE
ACC-2568,CUST-100,CREDIT,1000.00,ACTIVE
ACC-2569,CUST-392,CREDIT,25000.00,ACTIVE
ACC-2570,CUST-289,CREDIT,15000.00,ACTIVE
ACC-2571,CUST-411,CREDIT,10000.00,ACTIVE
ACC-2572,CUST-665,CREDIT,25000.00,ACTIVE
ACC-2573,CUST-469,DEBIT,0.00,ACTIVE
ACC-2574,CUST-897,DEBIT,0.00,ACTIVE
ACC-2575,CUST-765,CREDIT,15000.00,ACTIVE
ACC-2576,CUST-208,CREDIT,15000.00,ACTIVE
ACC-2577,CUST-142,CREDIT,25000.00,ACTIVE
ACC-2578,CUST-297,CREDIT,25000.00,ACTIVE
ACC-2579,CUST-176,DEBIT,0.00,ACTIVE
ACC-2580,CUST-408,DEBIT,0.00,ACTIVE
ACC-2581,CUST-306,DEBIT,0.00,BLOCKED
ACC-2582,CUST-296,CREDIT,2500.00,ACTIVE
ACC-2583,CUST-998,CREDIT,25000.00,ACTIVE
ACC-2584,CUST-673,DEBIT,0.00,ACTIVE
ACC-2585,CUST-559,DEBIT,0.00,ACTIVE
ACC-2586,CUST-169,CREDIT,1000.00,ACTIVE
ACC-2587,CUST-615,CREDIT,15000.00,ACTIVE
ACC-2588,CUST-380,DEBIT,0.00,ACTIVE
ACC-2589,CUST-146,DEBIT,0.00,ACTIVE
ACC-2590,CUST-810,DEBIT,0.00,ACTIVE
ACC-2591,CUST-645,CREDIT,10000.00,ACTIVE
ACC-2592,CUST-269,DEBIT,0.00,BLOCKED
ACC-2593,CUST-898,CREDIT,15000.00,ACTIVE
ACC-2594,CUST-288,CREDIT,15000.00,ACTIVE
ACC-2595,CUST-813,CREDIT,15000.00,ACTIVE
ACC-2596,CUST-824,CREDIT,15000.00,ACTIVE
ACC-2597,CUST-972,DEBIT,0.00,ACTIVE
ACC-2598,CUST-221,CREDIT,25000.00,ACTIVE
ACC-2599,CUST-398,CREDIT,1000.00,ACTIVE
ACC-2600,CUST-384,CREDIT,2500.00,ACTIVE
ACC-2601,CUST-909,DEBIT,0.00,ACTIVE
ACC-2602,CUST-315,CREDIT,2500.00,BLOCKED
ACC-2603,CUST-747,CREDIT,1000.00,ACTIVE
ACC-2604,CUST-822,CREDIT,5000.00,ACTIVE
ACC-2605,CUST-236,DEBIT,0.00,ACTIVE
ACC-2606,CUST-158,CREDIT,15000.00,ACTIVE
ACC-2607,CUST-324,CREDIT,1000.00,ACTIVE
ACC-2608,CUST-362,DEBIT,0.00,ACTIVE
ACC-2609,CUST-988,DEBIT,0.00,ACTIVE
ACC-2610,CUST-208,DEBIT,0.00,ACTIVE
ACC-2611,CUST-769,DEBIT,0.00,ACTIVE
ACC-2612,CUST-664,CREDIT,25000.00,ACTIVE
ACC-2613,CUST-375,CREDIT,10000.00,ACTIVE
ACC-2614,CUST-870,CREDIT,25000.00,ACTIVE
ACC-2615,CUST-843,CREDIT,10000.00,ACTIVE
ACC-2616,CUST-195,CREDIT,2500.00,ACTIVE
ACC-2617,CUST-983,CREDIT,10000.00,ACTIVE
ACC-2618,CUST-846,CREDIT,15000.00,ACTIVE
ACC-2619,CUST-266,CREDIT,5000.00,ACTIVE
ACC-2620,CUST-803,DEBIT,0.00,ACTIVE
ACC-2621,CUST-536,CREDIT,1000.00,ACTIVE
ACC-2622,CUST-202,CREDIT,25000.00,BLOCKED
ACC-2623,CUST-868,DEBIT,0.00,ACTIVE
ACC-2624,CUST-486,DEBIT,0.00,ACTIVE
ACC-2625,CUST-881,CREDIT,1000.00,ACTIVE
ACC-2626,CUST-235,DEBIT,0.00,ACTIVE
ACC-2627,CUST-742,CREDIT,1000.00,ACTIVE
ACC-2628,CUST-208,CREDIT,1000.00,ACTIVE
ACC-2629,CUST-187,CREDIT,5000.00,ACTIVE
ACC-2630,CUST-554,CREDIT,10000.00,ACTIVE
ACC-2631,CUST-590,DEBIT,0.00,ACTIVE
ACC-2632,CUST-373,CREDIT,1000.00,ACTIVE
ACC-2633,CUST-145,CREDIT,1000.00,ACTIVE
ACC-2634,CUST-956,CREDIT,5000.00,ACTIVE
ACC-2635,CUST-124,CREDIT,1000.00,ACTIVE
ACC-2636,CUST-771,CREDIT,10000.00,ACTIVE
ACC-2637,CUST-832,CREDIT,25000.00,ACTIVE
ACC-2638,CUST-273,DEBIT,0.00,ACTIVE
ACC-2639,CUST-388,DEBIT,0.00,ACTIVE
ACC-2640,CUST-469,CREDIT,15000.00,ACTIVE
ACC-2641,CUST-144,DEBIT,0.00,ACTIVE
ACC-2642,CUST-442,CREDIT,2500.00,ACTIVE
ACC-2643,CUST-783,CREDIT,25000.00,ACTIVE
ACC-2644,CUST-393,DEBIT,0.00,ACTIVE
ACC-2645,CUST-611,CREDIT,1000.00,ACTIVE
ACC-2646,CUST-930,DEBIT,0.00,ACTIVE
ACC-2647,CUST-907,DEBIT,0.00,ACTIVE
ACC-2648,CUST-250,CREDIT,2500.00,ACTIVE
ACC-2649,CUST-915,CREDIT,10000.00,ACTIVE
ACC-2650,CUST-168,DEBIT,0.00,ACTIVE
ACC-2651,CUST-385,CREDIT,10000.00,ACTIVE
ACC-2652,CUST-286,CREDIT,5000.00,BLOCKED
ACC-2653,CUST-606,DEBIT,0.00,ACTIVE
ACC-2654,CUST-716,CREDIT,25000.00,BLOCKED
ACC-2655,CUST-921,DEBIT,0.00,ACTIVE
ACC-2656,CUST-492,DEBIT,0.00,ACTIVE
ACC-2657,CUST-604,CREDIT,10000.00,ACTIVE
ACC-2658,CUST-694,CREDIT,2500.00,ACTIVE
ACC-2659,CUST-895,DEBIT,0.00,ACTIVE
ACC-2660,CUST-819,DEBIT,0.00,ACTIVE
ACC-2661,CUST-971,CREDIT,5000.00,ACTIVE
ACC-2662,CUST-236,CREDIT,15000.00,ACTIVE
ACC-2663,CUST-457,DEBIT,0.00,ACTIVE
ACC-2664,CUST-247,CREDIT,2500.00,ACTIVE
ACC-2665,CUST-531,DEBIT,0.00,ACTIVE
ACC-2666,CUST-241,CREDIT,2500.00,ACTIVE
ACC-2667,CUST-486,CREDIT,25000.00,ACTIVE
ACC-2668,CUST-534,DEBIT,0.00,ACTIVE
ACC-2669,CUST-695,CREDIT,25000.00,ACTIVE
ACC-2670,CUST-130,CREDIT,15000.00,ACTIVE
ACC-2671,CUST-178,CREDIT,2500.00,ACTIVE
ACC-2672,CUST-286,CREDIT,10000.00,ACTIVE
ACC-2673,CUST-815,CREDIT,2500.00,ACTIVE
ACC-2674,CUST-839,DEBIT,0.00,ACTIVE
ACC-2675,CUST-393,CREDIT,25000.00,ACTIVE
ACC-2676,CUST-132,CREDIT,1000.00,ACTIVE
ACC-2677,CUST-111,CREDIT,2500.00,ACTIVE
ACC-2678,CUST-996,CREDIT,10000.00,ACTIVE
ACC-2679,CUST-685,CREDIT,25000.00,ACTIVE
ACC-2680,CUST-260,CREDIT,25000.00,ACTIVE
ACC-2681,CUST-228,CREDIT,1000.00,ACTIVE
ACC-2682,CUST-157,DEBIT,0.00,ACTIVE
ACC-2683,CUST-672,CREDIT,2500.00,ACTIVE
ACC-2684,CUST-579,CREDIT,1000.00,ACTIVE
ACC-2685,CUST-947,CREDIT,25000.00,ACTIVE
ACC-2686,CUST-762,CREDIT,1000.00,ACTIVE
ACC-2687,CUST-179,CREDIT,5000.00,ACTIVE
ACC-2688,CUST-388,CREDIT,5000.00,ACTIVE
ACC-2689,CUST-711,CREDIT,1000.00,ACTIVE
ACC-2690,CUST-306,CREDIT,5000.00,ACTIVE
ACC-2691,CUST-187,CREDIT,1000.00,ACTIVE
ACC-2692,CUST-677,DEBIT,0.00,ACTIVE
ACC-2693,CUST-149,DEBIT,0.00,ACTIVE
ACC-2694,CUST-465,CREDIT,5000.00,ACTIVE
ACC-2695,CUST-612,DEBIT,0.00,ACTIVE
ACC-2696,CUST-232,CREDIT,10000.00,ACTIVE
ACC-2697,CUST-517,DEBIT,0.00,ACTIVE
ACC-2698,CUST-614,DEBIT,0.00,ACTIVE
ACC-2699,CUST-701,DEBIT,0.00,ACTIVE
ACC-2700,CUST-989,DEBIT,0.00,ACTIVE
ACC-2701,CUST-255,DEBIT,0.00,ACTIVE
ACC-2702,CUST-740,DEBIT,0.00,ACTIVE
ACC-2703,CUST-320,CREDIT,25000.00,ACTIVE
ACC-2704,CUST-887,DEBIT,0.00,ACTIVE
ACC-2705,CUST-613,DEBIT,0.00,BLOCKED
ACC-2706,CUST-635,CREDIT,25000.00,ACTIVE
ACC-2707,CUST-904,DEBIT,0.00,ACTIVE
ACC-2708,CUST-976,CREDIT,5000.00,ACTIVE
ACC-2709,CUST-829,DEBIT,0.00,ACTIVE
ACC-2710,CUST-313,DEBIT,0.00,ACTIVE
ACC-2711,CUST-256,DEBIT,0.00,ACTIVE
ACC-2712,CUST-115,CREDIT,10000.00,ACTIVE
ACC-2713,CUST-916,CREDIT,5000.00,ACTIVE
ACC-2714,CUST-196,DEBIT,0.00,ACTIVE
ACC-2715,CUST-265,CREDIT,2500.00,ACTIVE
ACC-2716,CUST-191,CREDIT,15000.00,ACTIVE
ACC-2717,CUST-364,CREDIT,25000.00,ACTIVE
ACC-2718,CUST-881,DEBIT,0.00,BLOCKED
ACC-2719,CUST-243,DEBIT,0.00,ACTIVE
ACC-2720,CUST-599,DEBIT,0.00,BLOCKED
ACC-2721,CUST-977,CREDIT,5000.00,ACTIVE
ACC-2722,CUST-475,CREDIT,25000.00,ACTIVE
ACC-2723,CUST-482,CREDIT,15000.00,ACTIVE
ACC-2724,CUST-369,CREDIT,10000.00,ACTIVE
ACC-2725,CUST-143,DEBIT,0.00,BLOCKED
ACC-2726,CUST-909,CREDIT,25000.00,ACTIVE
ACC-2727,CUST-973,CREDIT,15000.00,ACTIVE
ACC-2728,CUST-508,CREDIT,10000.00,ACTIVE
ACC-2729,CUST-995,DEBIT,0.00,ACTIVE
ACC-2730,CUST-579,CREDIT,1000.00,ACTIVE
ACC-2731,CUST-284,CREDIT,10000.00,ACTIVE
ACC-2732,CUST-506,DEBIT,0.00,ACTIVE
ACC-2733,CUST-436,DEBIT,0.00,ACTIVE
ACC-2734,CUST-597,CREDIT,5000.00,BLOCKED
ACC-2735,CUST-385,CREDIT,25000.00,ACTIVE
ACC-2736,CUST-581,CREDIT,15000.00,ACTIVE
ACC-2737,CUST-132,CREDIT,2500.00,ACTIVE
ACC-2738,CUST-163,DEBIT,0.00,ACTIVE
ACC-2739,CUST-540,DEBIT,0.00,ACTIVE
ACC-2740,CUST-316,DEBIT,0.00,ACTIVE
ACC-2741,CUST-800,DEBIT,0.00,ACTIVE
ACC-2742,CUST-185,CREDIT,5000.00,ACTIVE
ACC-2743,CUST-405,CREDIT,5000.00,ACTIVE
ACC-2744,CUST-529,DEBIT,0.00,ACTIVE
ACC-2745,CUST-288,CREDIT,25000.00,ACTIVE
ACC-2746,CUST-538,DEBIT,0.00,ACTIVE
ACC-2747,CUST-457,CREDIT,5000.00,ACTIVE
ACC-2748,CUST-648,DEBIT,0.00,ACTIVE
ACC-2749,CUST-813,DEBIT,0.00,ACTIVE
ACC-2750,CUST-942,CREDIT,25000.00,ACTIVE
ACC-2751,CUST-840,CREDIT,15000.00,ACTIVE
ACC-2752,CUST-431,DEBIT,0.00,ACTIVE
ACC-2753,CUST-851,DEBIT,0.00,ACTIVE
ACC-2754,CUST-424,DEBIT,0.00,ACTIVE
ACC-2755,CUST-611,CREDIT,10000.00,ACTIVE
ACC-2756,CUST-790,DEBIT,0.00,ACTIVE
ACC-2757,CUST-561,CREDIT,15000.00,ACTIVE
ACC-2758,CUST-749,DEBIT,0.00,ACTIVE
ACC-2759,CUST-323,CREDIT,15000.00,ACTIVE
ACC-2760,CUST-813,DEBIT,0.00,ACTIVE
ACC-2761,CUST-321,CREDIT,2500.00,ACTIVE
ACC-2762,CUST-690,CREDIT,2500.00,BLOCKED
ACC-2763,CUST-472,DEBIT,0.00,ACTIVE
ACC-2764,CUST-988,CREDIT,5000.00,ACTIVE
ACC-2765,CUST-566,CREDIT,10000.00,ACTIVE
ACC-2766,CUST-655,CREDIT,5000.00,ACTIVE
ACC-2767,CUST-280,CREDIT,5000.00,ACTIVE
ACC-2768,CUST-709,CREDIT,5000.00,ACTIVE
ACC-2769,CUST-965,CREDIT,10000.00,ACTIVE
ACC-2770,CUST-749,DEBIT,0.00,ACTIVE
ACC-2771,CUST-977,CREDIT,15000.00,ACTIVE
ACC-2772,CUST-206,CREDIT,1000.00,ACTIVE
ACC-2773,CUST-521,CREDIT,1000.00,ACTIVE
ACC-2774,CUST-657,CREDIT,25000.00,ACTIVE
ACC-2775,CUST-925,CREDIT,10000.00,ACTIVE
ACC-2776,CUST-316,CREDIT,5000.00,ACTIVE
ACC-2777,CUST-217,CREDIT,10000.00,ACTIVE
ACC-2778,CUST-459,CREDIT,10000.00,ACTIVE
ACC-2779,CUST-522,DEBIT,0.00,ACTIVE
ACC-2780,CUST-903,DEBIT,0.00,ACTIVE
ACC-2781,CUST-483,DEBIT,0.00,ACTIVE
ACC-2782,CUST-374,DEBIT,0.00,ACTIVE
ACC-2783,CUST-958,DEBIT,0.00,ACTIVE
ACC-2784,CUST-789,DEBIT,0.00,ACTIVE
ACC-2785,CUST-126,CREDIT,10000.00,ACTIVE
ACC-2786,CUST-631,CREDIT,5000.00,ACTIVE
ACC-2787,CUST-443,DEBIT,0.00,ACTIVE
ACC-2788,CUST-347,CREDIT,15000.00,BLOCKED
ACC-2789,CUST-759,CREDIT,10000.00,ACTIVE
ACC-2790,CUST-691,CREDIT,1000.00,ACTIVE
ACC-2791,CUST-845,CREDIT,25000.00,ACTIVE
ACC-2792,CUST-547,CREDIT,5000.00,ACTIVE
ACC-2793,CUST-616,CREDIT,25000.00,ACTIVE
ACC-2794,CUST-963,CREDIT,15000.00,ACTIVE
ACC-2795,CUST-957,DEBIT,0.00,ACTIVE
ACC-2796,CUST-195,CREDIT,5000.00,ACTIVE
ACC-2797,CUST-707,CREDIT,1000.00,ACTIVE
ACC-2798,CUST-180,CREDIT,15000.00,ACTIVE
ACC-2799,CUST-233,CREDIT,1000.00,ACTIVE
ACC-2800,CUST-896,DEBIT,0.00,ACTIVE
ACC-2801,CUST-327,CREDIT,2500.00,ACTIVE
ACC-2802,CUST-843,CREDIT,15000.00,ACTIVE
ACC-2803,CUST-888,DEBIT,0.00,ACTIVE
ACC-2804,CUST-247,CREDIT,1000.00,ACTIVE
ACC-2805,CUST-987,CREDIT,25000.00,BLOCKED
ACC-2806,CUST-225,CREDIT,10000.00,ACTIVE
ACC-2807,CUST-284,CREDIT,5000.00,ACTIVE
ACC-2808,CUST-958,CREDIT,10000.00,ACTIVE
ACC-2809,CUST-122,CREDIT,1000.00,ACTIVE
ACC-2810,CUST-178,CREDIT,10000.00,ACTIVE
ACC-2811,CUST-421,CREDIT,10000.00,ACTIVE
ACC-2812,CUST-284,CREDIT,10000.00,ACTIVE
ACC-2813,CUST-746,CREDIT,2500.00,ACTIVE
ACC-2814,CUST-451,CREDIT,1000.00,ACTIVE
ACC-2815,CUST-728,DEBIT,0.00,ACTIVE
ACC-2816,CUST-859,CREDIT,1000.00,ACTIVE
ACC-2817,CUST-130,CREDIT,1000.00,ACTIVE
ACC-2818,CUST-256,CREDIT,15000.00,ACTIVE
ACC-2819,CUST-322,CREDIT,5000.00,ACTIVE
ACC-2820,CUST-845,CREDIT,2500.00,ACTIVE
ACC-2821,CUST-380,DEBIT,0.00,ACTIVE
ACC-2822,CUST-664,CREDIT,1000.00,ACTIVE
ACC-2823,CUST-928,DEBIT,0.00,ACTIVE
ACC-2824,CUST-297,CREDIT,15000.00,ACTIVE
ACC-2825,CUST-834,CREDIT,2500.00,ACTIVE
ACC-2826,CUST-912,CREDIT,10000.00,ACTIVE
ACC-2827,CUST-913,DEBIT,0.00,ACTIVE
ACC-2828,CUST-556,CREDIT,25000.00,ACTIVE
ACC-2829,CUST-426,CREDIT,25000.00,ACTIVE
ACC-2830,CUST-304,CREDIT,15000.00,ACTIVE
ACC-2831,CUST-939,CREDIT,5000.00,ACTIVE
ACC-2832,CUST-623,CREDIT,2500.00,ACTIVE
ACC-2833,CUST-946,CREDIT,10000.00,ACTIVE
ACC-2834,CUST-643,DEBIT,0.00,ACTIVE
ACC-2835,CUST-928,CREDIT,1000.00,ACTIVE
ACC-2836,CUST-174,CREDIT,2500.00,ACTIVE
ACC-2837,CUST-898,CREDIT,5000.00,ACTIVE
ACC-2838,CUST-111,CREDIT,1000.00,ACTIVE
ACC-2839,CUST-681,DEBIT,0.00,ACTIVE
ACC-2840,CUST-675,DEBIT,0.00,ACTIVE
ACC-2841,CUST-639,CREDIT,5000.00,ACTIVE
ACC-2842,CUST-722,CREDIT,15000.00,ACTIVE
ACC-2843,CUST-787,DEBIT,0.00,ACTIVE
ACC-2844,CUST-874,CREDIT,25000.00,ACTIVE
ACC-2845,CUST-150,CREDIT,5000.00,ACTIVE
ACC-2846,CUST-381,DEBIT,0.00,ACTIVE
ACC-2847,CUST-715,CREDIT,1000.00,ACTIVE
ACC-2848,CUST-121,CREDIT,10000.00,ACTIVE
ACC-2849,CUST-689,CREDIT,25000.00,ACTIVE
ACC-2850,CUST-391,DEBIT,0.00,ACTIVE
ACC-2851,CUST-646,CREDIT,10000.00,ACTIVE
ACC-2852,CUST-760,DEBIT,0.00,ACTIVE
ACC-2853,CUST-921,CREDIT,10000.00,ACTIVE
ACC-2854,CUST-871,CREDIT,5000.00,ACTIVE
ACC-2855,CUST-420,CREDIT,1000.00,ACTIVE
ACC-2856,CUST-813,CREDIT,1000.00,ACTIVE
ACC-2857,CUST-756,DEBIT,0.00,ACTIVE
ACC-2858,CUST-482,DEBIT,0.00,ACTIVE
ACC-2859,CUST-329,DEBIT,0.00,ACTIVE
ACC-2860,CUST-430,CREDIT,1000.00,ACTIVE
ACC-2861,CUST-331,DEBIT,0.00,ACTIVE
ACC-2862,CUST-931,CREDIT,2500.00,ACTIVE
ACC-2863,CUST-804,CREDIT,15000.00,BLOCKED
ACC-2864,CUST-903,DEBIT,0.00,ACTIVE
ACC-2865,CUST-176,CREDIT,1000.00,ACTIVE
ACC-2866,CUST-931,CREDIT,25000.00,ACTIVE
ACC-2867,CUST-241,CREDIT,25000.00,ACTIVE
ACC-2868,CUST-982,CREDIT,1000.00,ACTIVE
ACC-2869,CUST-523,CREDIT,15000.00,ACTIVE
ACC-2870,CUST-640,CREDIT,25000.00,ACTIVE
ACC-2871,CUST-387,CREDIT,10000.00,ACTIVE
ACC-2872,CUST-194,CREDIT,25000.00,ACTIVE
ACC-2873,CUST-461,CREDIT,5000.00,ACTIVE
ACC-2874,CUST-852,CREDIT,2500.00,ACTIVE
ACC-2875,CUST-176,DEBIT,0.00,ACTIVE
ACC-2876,CUST-113,DEBIT,0.00,ACTIVE
ACC-2877,CUST-494,DEBIT,0.00,ACTIVE
ACC-2878,CUST-933,CREDIT,1000.00,ACTIVE
ACC-2879,CUST-420,CREDIT,15000.00,ACTIVE
ACC-2880,CUST-564,DEBIT,0.00,ACTIVE
ACC-2881,CUST-208,DEBIT,0.00,ACTIVE
ACC-2882,CUST-472,DEBIT,0.00,ACTIVE
ACC-2883,CUST-625,CREDIT,10000.00,ACTIVE
ACC-2884,CUST-384,CREDIT,10000.00,ACTIVE
ACC-2885,CUST-990,CREDIT,25000.00,ACTIVE
ACC-2886,CUST-997,CREDIT,1000.00,ACTIVE
ACC-2887,CUST-571,CREDIT,1000.00,ACTIVE
ACC-2888,CUST-643,CREDIT,1000.00,ACTIVE
ACC-2889,CUST-663,CREDIT,5000.00,ACTIVE
ACC-2890,CUST-506,CREDIT,10000.00,ACTIVE
ACC-2891,CUST-551,CREDIT,15000.00,ACTIVE
ACC-2892,CUST-491,CREDIT,1000.00,ACTIVE
ACC-2893,CUST-401,DEBIT,0.00,ACTIVE
ACC-2894,CUST-642,CREDIT,2500.00,ACTIVE
ACC-2895,CUST-797,CREDIT,15000.00,ACTIVE
ACC-2896,CUST-324,CREDIT,2500.00,ACTIVE
ACC-2897,CUST-344,CREDIT,1000.00,ACTIVE
ACC-2898,CUST-735,CREDIT,1000.00,ACTIVE
ACC-2899,CUST-502,DEBIT,0.00,ACTIVE
ACC-2900,CUST-808,CREDIT,25000.00,ACTIVE
ACC-2901,CUST-308,CREDIT,2500.00,ACTIVE
ACC-2902,CUST-394,CREDIT,5000.00,ACTIVE
ACC-2903,CUST-615,DEBIT,0.00,ACTIVE
ACC-2904,CUST-856,DEBIT,0.00,ACTIVE
ACC-2905,CUST-422,CREDIT,25000.00,ACTIVE
ACC-2906,CUST-440,DEBIT,0.00,ACTIVE
ACC-2907,CUST-113,DEBIT,0.00,ACTIVE
ACC-2908,CUST-121,DEBIT,0.00,ACTIVE
ACC-2909,CUST-274,CREDIT,5000.00,ACTIVE
ACC-2910,CUST-708,DEBIT,0.00,ACTIVE
ACC-2911,CUST-600,CREDIT,10000.00,ACTIVE
ACC-2912,CUST-146,DEBIT,0.00,ACTIVE
ACC-2913,CUST-397,DEBIT,0.00,ACTIVE
ACC-2914,CUST-271,DEBIT,0.00,ACTIVE
ACC-2915,CUST-202,DEBIT,0.00,ACTIVE
ACC-2916,CUST-602,CREDIT,25000.00,ACTIVE
ACC-2917,CUST-363,DEBIT,0.00,BLOCKED
ACC-2918,CUST-569,DEBIT,0.00,ACTIVE
ACC-2919,CUST-441,CREDIT,5000.00,ACTIVE
ACC-2920,CUST-977,DEBIT,0.00,ACTIVE
ACC-2921,CUST-595,DEBIT,0.00,ACTIVE
ACC-2922,CUST-755,CREDIT,25000.00,ACTIVE
ACC-2923,CUST-775,CREDIT,10000.00,ACTIVE
ACC-2924,CUST-131,DEBIT,0.00,ACTIVE
ACC-2925,CUST-541,CREDIT,25000.00,ACTIVE
ACC-2926,CUST-486,CREDIT,25000.00,ACTIVE
ACC-2927,CUST-795,CREDIT,5000.00,ACTIVE
ACC-2928,CUST-997,CREDIT,10000.00,BLOCKED
ACC-2929,CUST-457,CREDIT,5000.00,ACTIVE
ACC-2930,CUST-527,DEBIT,0.00,ACTIVE
ACC-2931,CUST-295,DEBIT,0.00,ACTIVE
ACC-2932,CUST-954,CREDIT,15000.00,ACTIVE
ACC-2933,CUST-680,CREDIT,10000.00,ACTIVE
ACC-2934,CUST-395,DEBIT,0.00,ACTIVE
ACC-2935,CUST-801,CREDIT,1000.00,ACTIVE
ACC-2936,CUST-396,CREDIT,25000.00,ACTIVE
ACC-2937,CUST-598,CREDIT,25000.00,ACTIVE
ACC-2938,CUST-141,CREDIT,5000.00,ACTIVE
ACC-2939,CUST-600,CREDIT,15000.00,ACTIVE
ACC-2940,CUST-954,CREDIT,10000.00,ACTIVE
ACC-2941,CUST-999,CREDIT,5000.00,ACTIVE
ACC-2942,CUST-887,CREDIT,15000.00,ACTIVE
ACC-2943,CUST-246,CREDIT,1000.00,ACTIVE
ACC-2944,CUST-699,DEBIT,0.00,ACTIVE
ACC-2945,CUST-132,DEBIT,0.00,ACTIVE
ACC-2946,CUST-794,CREDIT,5000.00,ACTIVE
ACC-2947,CUST-200,CREDIT,10000.00,ACTIVE
ACC-2948,CUST-711,DEBIT,0.00,ACTIVE
ACC-2949,CUST-996,CREDIT,15000.00,ACTIVE
ACC-2950,CUST-886,CREDIT,15000.00,ACTIVE
ACC-2951,CUST-304,CREDIT,2500.00,ACTIVE
ACC-2952,CUST-743,CREDIT,1000.00,ACTIVE
ACC-2953,CUST-996,CREDIT,2500.00,ACTIVE
ACC-2954,CUST-639,DEBIT,0.00,ACTIVE
ACC-2955,CUST-801,CREDIT,5000.00,ACTIVE
ACC-2956,CUST-537,DEBIT,0.00,ACTIVE
ACC-2957,CUST-672,CREDIT,10000.00,ACTIVE
ACC-2958,CUST-243,CREDIT,10000.00,ACTIVE
ACC-2959,CUST-694,CREDIT,5000.00,ACTIVE
ACC-2960,CUST-679,CREDIT,2500.00,ACTIVE
ACC-2961,CUST-965,DEBIT,0.00,ACTIVE
ACC-2962,CUST-573,CREDIT,10000.00,ACTIVE
ACC-2963,CUST-571,DEBIT,0.00,ACTIVE
ACC-2964,CUST-376,DEBIT,0.00,ACTIVE
ACC-2965,CUST-441,DEBIT,0.00,ACTIVE
ACC-2966,CUST-807,CREDIT,5000.00,ACTIVE
ACC-2967,CUST-698,CREDIT,1000.00,ACTIVE
ACC-2968,CUST-154,DEBIT,0.00,ACTIVE
ACC-2969,CUST-675,DEBIT,0.00,ACTIVE
ACC-2970,CUST-328,DEBIT,0.00,ACTIVE
ACC-2971,CUST-258,DEBIT,0.00,ACTIVE
ACC-2972,CUST-106,CREDIT,5000.00,ACTIVE
ACC-2973,CUST-305,DEBIT,0.00,ACTIVE
ACC-2974,CUST-223,CREDIT,1000.00,ACTIVE
ACC-2975,CUST-585,CREDIT,2500.00,ACTIVE
ACC-2976,CUST-156,CREDIT,15000.00,ACTIVE
ACC-2977,CUST-595,DEBIT,0.00,ACTIVE
ACC-2978,CUST-961,DEBIT,0.00,ACTIVE
ACC-2979,CUST-727,DEBIT,0.00,ACTIVE
ACC-2980,CUST-731,DEBIT,0.00,ACTIVE
ACC-2981,CUST-289,CREDIT,2500.00,ACTIVE
ACC-2982,CUST-274,CREDIT,25000.00,ACTIVE
ACC-2983,CUST-587,CREDIT,25000.00,ACTIVE
ACC-2984,CUST-702,CREDIT,5000.00,ACTIVE
ACC-2985,CUST-495,CREDIT,25000.00,ACTIVE
ACC-2986,CUST-526,DEBIT,0.00,ACTIVE
ACC-2987,CUST-390,DEBIT,0.00,ACTIVE
ACC-2988,CUST-694,CREDIT,15000.00,ACTIVE
ACC-2989,CUST-772,CREDIT,25000.00,ACTIVE
ACC-2990,CUST-463,CREDIT,1000.00,ACTIVE
ACC-2991,CUST-840,DEBIT,0.00,ACTIVE
ACC-2992,CUST-466,CREDIT,1000.00,BLOCKED
ACC-2993,CUST-823,CREDIT,15000.00,ACTIVE
ACC-2994,CUST-771,CREDIT,15000.00,ACTIVE
ACC-2995,CUST-447,CREDIT,25000.00,ACTIVE
ACC-2996,CUST-880,CREDIT,2500.00,ACTIVE
ACC-2997,CUST-169,DEBIT,0.00,ACTIVE
ACC-2998,CUST-485,DEBIT,0.00,ACTIVE
ACC-2999,CUST-284,DEBIT,0.00,ACTIVE
ACC-3000,CUST-638,CREDIT,15000.00,ACTIVE
ACC-3001,CUST-694,CREDIT,25000.00,ACTIVE
ACC-3002,CUST-169,CREDIT,15000.00,ACTIVE
ACC-3003,CUST-198,CREDIT,25000.00,ACTIVE
ACC-3004,CUST-795,DEBIT,0.00,ACTIVE
ACC-3005,CUST-927,CREDIT,2500.00,BLOCKED
ACC-3006,CUST-207,DEBIT,0.00,ACTIVE
ACC-3007,CUST-493,DEBIT,0.00,ACTIVE
ACC-3008,CUST-165,DEBIT,0.00,ACTIVE
ACC-3009,CUST-967,CREDIT,5000.00,ACTIVE
ACC-3010,CUST-483,DEBIT,0.00,ACTIVE
ACC-3011,CUST-428,CREDIT,1000.00,ACTIVE
ACC-3012,CUST-752,CREDIT,10000.00,ACTIVE
ACC-3013,CUST-602,CREDIT,2500.00,ACTIVE
ACC-3014,CUST-859,CREDIT,5000.00,ACTIVE
ACC-3015,CUST-296,CREDIT,15000.00,ACTIVE
ACC-3016,CUST-784,CREDIT,1000.00,ACTIVE
ACC-3017,CUST-105,CREDIT,1000.00,ACTIVE
ACC-3018,CUST-985,CREDIT,10000.00,ACTIVE
ACC-3019,CUST-845,CREDIT,2500.00,ACTIVE
ACC-3020,CUST-312,CREDIT,10000.00,ACTIVE
ACC-3021,CUST-465,CREDIT,10000.00,ACTIVE
ACC-3022,CUST-920,CREDIT,15000.00,ACTIVE
ACC-3023,CUST-994,CREDIT,10000.00,ACTIVE
ACC-3024,CUST-629,CREDIT,1000.00,ACTIVE
ACC-3025,CUST-152,CREDIT,1000.00,ACTIVE
ACC-3026,CUST-941,CREDIT,5000.00,ACTIVE
ACC-3027,CUST-357,DEBIT,0.00,ACTIVE
ACC-3028,CUST-992,CREDIT,5000.00,ACTIVE
ACC-3029,CUST-689,CREDIT,5000.00,ACTIVE
ACC-3030,CUST-612,CREDIT,15000.00,ACTIVE
ACC-3031,CUST-814,CREDIT,15000.00,ACTIVE
ACC-3032,CUST-369,DEBIT,0.00,ACTIVE
ACC-3033,CUST-531,DEBIT,0.00,ACTIVE
ACC-3034,CUST-160,CREDIT,5000.00,ACTIVE
ACC-3035,CUST-437,CREDIT,15000.00,ACTIVE
ACC-3036,CUST-999,DEBIT,0.00,ACTIVE
ACC-3037,CUST-677,CREDIT,10000.00,ACTIVE
ACC-3038,CUST-883,DEBIT,0.00,ACTIVE
ACC-3039,CUST-172,DEBIT,0.00,ACTIVE
ACC-3040,CUST-727,DEBIT,0.00,ACTIVE
ACC-3041,CUST-590,DEBIT,0.00,ACTIVE
ACC-3042,CUST-142,DEBIT,0.00,ACTIVE
ACC-3043,CUST-765,CREDIT,10000.00,ACTIVE
ACC-3044,CUST-970,CREDIT,10000.00,ACTIVE
ACC-3045,CUST-156,DEBIT,0.00,ACTIVE
ACC-3046,CUST-980,CREDIT,2500.00,ACTIVE
ACC-3047,CUST-665,CREDIT,25000.00,ACTIVE
ACC-3048,CUST-812,CREDIT,10000.00,ACTIVE
ACC-3049,CUST-241,CREDIT,25000.00,ACTIVE
ACC-3050,CUST-476,CREDIT,1000.00,ACTIVE
ACC-3051,CUST-159,CREDIT,5000.00,ACTIVE
ACC-3052,CUST-332,CREDIT,1000.00,ACTIVE
ACC-3053,CUST-921,CREDIT,15000.00,ACTIVE
ACC-3054,CUST-158,CREDIT,25000.00,ACTIVE
ACC-3055,CUST-389,CREDIT,2500.00,ACTIVE
ACC-3056,CUST-350,CREDIT,5000.00,ACTIVE
ACC-3057,CUST-507,DEBIT,0.00,ACTIVE
ACC-3058,CUST-178,CREDIT,1000.00,ACTIVE
ACC-3059,CUST-822,CREDIT,15000.00,ACTIVE
ACC-3060,CUST-979,DEBIT,0.00,ACTIVE
ACC-3061,CUST-475,CREDIT,25000.00,ACTIVE
ACC-3062,CUST-769,DEBIT,0.00,ACTIVE
ACC-3063,CUST-654,CREDIT,5000.00,ACTIVE
ACC-3064,CUST-520,CREDIT,1000.00,ACTIVE
ACC-3065,CUST-386,DEBIT,0.00,ACTIVE
ACC-3066,CUST-633,CREDIT,2500.00,ACTIVE
ACC-3067,CUST-225,CREDIT,25000.00,ACTIVE
ACC-3068,CUST-340,CREDIT,2500.00,ACTIVE
ACC-3069,CUST-564,DEBIT,0.00,ACTIVE
ACC-3070,CUST-956,DEBIT,0.00,ACTIVE
ACC-3071,CUST-407,CREDIT,5000.00,ACTIVE
ACC-3072,CUST-385,DEBIT,0.00,ACTIVE
ACC-3073,CUST-119,DEBIT,0.00,ACTIVE
ACC-3074,CUST-145,DEBIT,0.00,ACTIVE
ACC-3075,CUST-541,CREDIT,10000.00,ACTIVE
ACC-3076,CUST-654,CREDIT,25000.00,ACTIVE
ACC-3077,CUST-723,DEBIT,0.00,ACTIVE
ACC-3078,CUST-948,DEBIT,0.00,ACTIVE
ACC-3079,CUST-705,DEBIT,0.00,ACTIVE
ACC-3080,CUST-949,CREDIT,1000.00,ACTIVE
ACC-3081,CUST-853,CREDIT,10000.00,ACTIVE
ACC-3082,CUST-666,DEBIT,0.00,ACTIVE
ACC-3083,CUST-394,CREDIT,25000.00,ACTIVE
ACC-3084,CUST-574,DEBIT,0.00,ACTIVE
ACC-3085,CUST-631,CREDIT,25000.00,ACTIVE
ACC-3086,CUST-343,CREDIT,10000.00,ACTIVE
ACC-3087,CUST-798,CREDIT,1000.00,ACTIVE
ACC-3088,CUST-355,DEBIT,0.00,ACTIVE
ACC-3089,CUST-684,DEBIT,0.00,ACTIVE
ACC-3090,CUST-375,CREDIT,15000.00,ACTIVE
ACC-3091,CUST-929,DEBIT,0.00,ACTIVE
ACC-3092,CUST-414,DEBIT,0.00,ACTIVE
ACC-3093,CUST-967,CREDIT,5000.00,ACTIVE
ACC-3094,CUST-109,CREDIT,10000.00,ACTIVE
ACC-3095,CUST-964,CREDIT,5000.00,ACTIVE
ACC-3096,CUST-181,CREDIT,10000.00,ACTIVE
ACC-3097,CUST-165,CREDIT,15000.00,ACTIVE
ACC-3098,CUST-382,CREDIT,5000.00,ACTIVE
ACC-3099,CUST-745,CREDIT,10000.00,ACTIVE
ACC-3100,CUST-338,CREDIT,15000.00,ACTIVE
ACC-3101,CUST-618,CREDIT,1000.00,ACTIVE
ACC-3102,CUST-142,DEBIT,0.00,ACTIVE
ACC-3103,CUST-831,CREDIT,2500.00,ACTIVE
ACC-3104,CUST-116,DEBIT,0.00,BLOCKED
ACC-3105,CUST-461,DEBIT,0.00,ACTIVE
ACC-3106,CUST-458,CREDIT,1000.00,ACTIVE
ACC-3107,CUST-623,CREDIT,15000.00,ACTIVE
ACC-3108,CUST-480,CREDIT,2500.00,ACTIVE
ACC-3109,CUST-173,DEBIT,0.00,ACTIVE
ACC-3110,CUST-434,CREDIT,5000.00,ACTIVE
ACC-3111,CUST-517,CREDIT,5000.00,ACTIVE
ACC-3112,CUST-401,DEBIT,0.00,ACTIVE
ACC-3113,CUST-397,CREDIT,2500.00,ACTIVE
ACC-3114,CUST-126,DEBIT,0.00,ACTIVE
ACC-3115,CUST-623,CREDIT,2500.00,ACTIVE
ACC-3116,CUST-902,DEBIT,0.00,ACTIVE
ACC-3117,CUST-487,CREDIT,5000.00,ACTIVE
ACC-3118,CUST-843,DEBIT,0.00,ACTIVE
ACC-3119,CUST-179,CREDIT,25000.00,ACTIVE
ACC-3120,CUST-678,DEBIT,0.00,BLOCKED
ACC-3121,CUST-851,CREDIT,15000.00,ACTIVE
ACC-3122,CUST-999,CREDIT,25000.00,ACTIVE
ACC-3123,CUST-775,CREDIT,1000.00,ACTIVE
ACC-3124,CUST-299,CREDIT,10000.00,ACTIVE
ACC-3125,CUST-349,DEBIT,0.00,ACTIVE
ACC-3126,CUST-422,CREDIT,5000.00,ACTIVE
ACC-3127,CUST-346,DEBIT,0.00,ACTIVE
ACC-3128,CUST-460,CREDIT,10000.00,ACTIVE
ACC-3129,CUST-769,CREDIT,1000.00,ACTIVE
ACC-3130,CUST-528,CREDIT,2500.00,ACTIVE
ACC-3131,CUST-350,CREDIT,2500.00,ACTIVE
ACC-3132,CUST-698,DEBIT,0.00,ACTIVE
ACC-3133,CUST-914,DEBIT,0.00,ACTIVE
ACC-3134,CUST-518,CREDIT,5000.00,ACTIVE
ACC-3135,CUST-747,CREDIT,2500.00,ACTIVE
ACC-3136,CUST-284,DEBIT,0.00,ACTIVE
ACC-3137,CUST-223,DEBIT,0.00,ACTIVE
ACC-3138,CUST-581,CREDIT,15000.00,ACTIVE
ACC-3139,CUST-134,DEBIT,0.00,ACTIVE
ACC-3140,CUST-270,DEBIT,0.00,ACTIVE
ACC-3141,CUST-987,DEBIT,0.00,ACTIVE
ACC-3142,CUST-462,CREDIT,10000.00,ACTIVE
ACC-3143,CUST-829,CREDIT,25000.00,ACTIVE
ACC-3144,CUST-444,CREDIT,5000.00,ACTIVE
ACC-3145,CUST-839,CREDIT,15000.00,ACTIVE
ACC-3146,CUST-559,CREDIT,25000.00,ACTIVE
ACC-3147,CUST-858,DEBIT,0.00,ACTIVE
ACC-3148,CUST-588,DEBIT,0.00,ACTIVE
ACC-3149,CUST-841,DEBIT,0.00,ACTIVE
ACC-3150,CUST-621,DEBIT,0.00,ACTIVE
ACC-3151,CUST-478,CREDIT,1000.00,ACTIVE
ACC-3152,CUST-428,DEBIT,0.00,ACTIVE
ACC-3153,CUST-386,CREDIT,15000.00,ACTIVE
ACC-3154,CUST-404,DEBIT,0.00,ACTIVE
ACC-3155,CUST-637,CREDIT,1000.00,ACTIVE
ACC-3156,CUST-493,CREDIT,10000.00,ACTIVE
ACC-3157,CUST-142,CREDIT,2500.00,ACTIVE
ACC-3158,CUST-848,DEBIT,0.00,ACTIVE
ACC-3159,CUST-730,CREDIT,15000.00,ACTIVE
ACC-3160,CUST-221,CREDIT,5000.00,ACTIVE
ACC-3161,CUST-273,CREDIT,10000.00,ACTIVE
ACC-3162,CUST-871,CREDIT,5000.00,BLOCKED
ACC-3163,CUST-244,CREDIT,2500.00,ACTIVE
ACC-3164,CUST-872,CREDIT,15000.00,ACTIVE
ACC-3165,CUST-652,CREDIT,15000.00,ACTIVE
ACC-3166,CUST-952,CREDIT,2500.00,ACTIVE
ACC-3167,CUST-388,DEBIT,0.00,ACTIVE
ACC-3168,CUST-849,DEBIT,0.00,ACTIVE
ACC-3169,CUST-402,CREDIT,2500.00,ACTIVE
ACC-3170,CUST-965,DEBIT,0.00,ACTIVE
ACC-3171,CUST-188,CREDIT,10000.00,ACTIVE
ACC-3172,CUST-849,DEBIT,0.00,BLOCKED
ACC-3173,CUST-922,DEBIT,0.00,ACTIVE
ACC-3174,CUST-434,CREDIT,2500.00,ACTIVE
ACC-3175,CUST-745,CREDIT,5000.00,ACTIVE
ACC-3176,CUST-175,DEBIT,0.00,ACTIVE
ACC-3177,CUST-139,DEBIT,0.00,ACTIVE
ACC-3178,CUST-425,CREDIT,25000.00,ACTIVE
ACC-3179,CUST-998,CREDIT,15000.00,ACTIVE
ACC-3180,CUST-351,CREDIT,25000.00,ACTIVE
ACC-3181,CUST-325,CREDIT,10000.00,ACTIVE
ACC-3182,CUST-255,DEBIT,0.00,ACTIVE
ACC-3183,CUST-389,CREDIT,2500.00,ACTIVE
ACC-3184,CUST-628,CREDIT,25000.00,ACTIVE
ACC-3185,CUST-103,DEBIT,0.00,ACTIVE
ACC-3186,CUST-313,CREDIT,10000.00,ACTIVE
ACC-3187,CUST-804,DEBIT,0.00,ACTIVE
ACC-3188,CUST-340,CREDIT,10000.00,ACTIVE
ACC-3189,CUST-284,CREDIT,10000.00,ACTIVE
ACC-3190,CUST-996,DEBIT,0.00,ACTIVE
ACC-3191,CUST-745,CREDIT,10000.00,ACTIVE
ACC-3192,CUST-402,CREDIT,5000.00,ACTIVE
ACC-3193,CUST-873,CREDIT,1000.00,ACTIVE
ACC-3194,CUST-557,DEBIT,0.00,ACTIVE
ACC-3195,CUST-280,CREDIT,25000.00,ACTIVE
ACC-3196,CUST-455,CREDIT,5000.00,ACTIVE
ACC-3197,CUST-892,DEBIT,0.00,ACTIVE
ACC-3198,CUST-984,DEBIT,0.00,ACTIVE
ACC-3199,CUST-129,CREDIT,10000.00,ACTIVE
ACC-3200,CUST-971,CREDIT,15000.00,ACTIVE
ACC-3201,CUST-890,DEBIT,0.00,ACTIVE
ACC-3202,CUST-500,CREDIT,25000.00,ACTIVE
ACC-3203,CUST-366,DEBIT,0.00,ACTIVE
ACC-3204,CUST-845,DEBIT,0.00,ACTIVE
ACC-3205,CUST-415,CREDIT,25000.00,ACTIVE
ACC-3206,CUST-270,CREDIT,2500.00,ACTIVE
ACC-3207,CUST-728,CREDIT,25000.00,ACTIVE
ACC-3208,CUST-120,CREDIT,2500.00,ACTIVE
ACC-3209,CUST-488,DEBIT,0.00,ACTIVE
ACC-3210,CUST-461,CREDIT,25000.00,ACTIVE
ACC-3211,CUST-770,DEBIT,0.00,ACTIVE
ACC-3212,CUST-303,CREDIT,2500.00,ACTIVE
ACC-3213,CUST-505,DEBIT,0.00,ACTIVE
ACC-3214,CUST-920,DEBIT,0.00,ACTIVE
ACC-3215,CUST-320,CREDIT,5000.00,ACTIVE
ACC-3216,CUST-136,CREDIT,2500.00,ACTIVE
ACC-3217,CUST-639,DEBIT,0.00,ACTIVE
ACC-3218,CUST-143,CREDIT,10000.00,ACTIVE
ACC-3219,CUST-746,CREDIT,5000.00,ACTIVE
ACC-3220,CUST-378,DEBIT,0.00,ACTIVE
ACC-3221,CUST-486,DEBIT,0.00,ACTIVE
ACC-3222,CUST-858,DEBIT,0.00,ACTIVE
ACC-3223,CUST-178,DEBIT,0.00,ACTIVE
ACC-3224,CUST-850,CREDIT,25000.00,ACTIVE
ACC-3225,CUST-654,CREDIT,1000.00,ACTIVE
ACC-3226,CUST-702,CREDIT,2500.00,ACTIVE
ACC-3227,CUST-720,DEBIT,0.00,ACTIVE
ACC-3228,CUST-535,DEBIT,0.00,ACTIVE
ACC-3229,CUST-569,CREDIT,1000.00,ACTIVE
ACC-3230,CUST-690,CREDIT,5000.00,ACTIVE
ACC-3231,CUST-327,CREDIT,5000.00,ACTIVE
ACC-3232,CUST-594,DEBIT,0.00,ACTIVE
ACC-3233,CUST-350,CREDIT,25000.00,ACTIVE
ACC-3234,CUST-481,CREDIT,10000.00,ACTIVE
ACC-3235,CUST-563,DEBIT,0.00,ACTIVE
ACC-3236,CUST-337,CREDIT,1000.00,ACTIVE
ACC-3237,CUST-758,CREDIT,10000.00,ACTIVE
ACC-3238,CUST-185,CREDIT,2500.00,ACTIVE
ACC-3239,CUST-601,CREDIT,2500.00,ACTIVE
ACC-3240,CUST-731,CREDIT,1000.00,ACTIVE
ACC-3241,CUST-959,DEBIT,0.00,ACTIVE
ACC-3242,CUST-605,CREDIT,2500.00,ACTIVE
ACC-3243,CUST-954,CREDIT,5000.00,ACTIVE
ACC-3244,CUST-713,CREDIT,5000.00,ACTIVE
ACC-3245,CUST-314,CREDIT,1000.00,ACTIVE
ACC-3246,CUST-658,DEBIT,0.00,ACTIVE
ACC-3247,CUST-572,CREDIT,25000.00,ACTIVE
ACC-3248,CUST-979,DEBIT,0.00,ACTIVE
ACC-3249,CUST-207,DEBIT,0.00,ACTIVE
ACC-3250,CUST-875,CREDIT,1000.00,ACTIVE
ACC-3251,CUST-270,CREDIT,15000.00,ACTIVE
ACC-3252,CUST-534,CREDIT,1000.00,ACTIVE
ACC-3253,CUST-598,CREDIT,25000.00,ACTIVE
ACC-3254,CUST-109,CREDIT,15000.00,ACTIVE
ACC-3255,CUST-837,CREDIT,10000.00,BLOCKED
ACC-3256,CUST-635,DEBIT,0.00,ACTIVE
ACC-3257,CUST-269,CREDIT,5000.00,ACTIVE
ACC-3258,CUST-922,CREDIT,15000.00,ACTIVE
ACC-3259,CUST-719,CREDIT,25000.00,ACTIVE
ACC-3260,CUST-438,CREDIT,10000.00,ACTIVE
ACC-3261,CUST-972,DEBIT,0.00,ACTIVE
ACC-3262,CUST-832,DEBIT,0.00,ACTIVE
ACC-3263,CUST-526,DEBIT,0.00,ACTIVE
ACC-3264,CUST-105,CREDIT,10000.00,ACTIVE
ACC-3265,CUST-196,CREDIT,2500.00,ACTIVE
ACC-3266,CUST-739,CREDIT,5000.00,ACTIVE
ACC-3267,CUST-751,CREDIT,2500.00,ACTIVE
ACC-3268,CUST-114,CREDIT,2500.00,ACTIVE
ACC-3269,CUST-940,DEBIT,0.00,ACTIVE
ACC-3270,CUST-846,DEBIT,0.00,ACTIVE
ACC-3271,CUST-360,CREDIT,15000.00,ACTIVE
ACC-3272,CUST-179,CREDIT,25000.00,ACTIVE
ACC-3273,CUST-386,CREDIT,1000.00,ACTIVE
ACC-3274,CUST-916,CREDIT,15000.00,ACTIVE
ACC-3275,CUST-438,CREDIT,25000.00,ACTIVE
ACC-3276,CUST-926,CREDIT,15000.00,ACTIVE
ACC-3277,CUST-584,DEBIT,0.00,ACTIVE
ACC-3278,CUST-321,CREDIT,1000.00,ACTIVE
ACC-3279,CUST-268,CREDIT,15000.00,ACTIVE
ACC-3280,CUST-153,CREDIT,1000.00,ACTIVE
ACC-3281,CUST-583,CREDIT,10000.00,ACTIVE
ACC-3282,CUST-346,CREDIT,15000.00,ACTIVE
ACC-3283,CUST-823,CREDIT,10000.00,ACTIVE
ACC-3284,CUST-424,CREDIT,5000.00,ACTIVE
ACC-3285,CUST-270,CREDIT,15000.00,ACTIVE
ACC-3286,CUST-828,DEBIT,0.00,ACTIVE
ACC-3287,CUST-601,CREDIT,10000.00,ACTIVE
ACC-3288,CUST-223,DEBIT,0.00,ACTIVE
ACC-3289,CUST-282,CREDIT,10000.00,ACTIVE
ACC-3290,CUST-889,CREDIT,5000.00,ACTIVE
ACC-3291,CUST-318,DEBIT,0.00,ACTIVE
ACC-3292,CUST-283,CREDIT,2500.00,ACTIVE
ACC-3293,CUST-300,DEBIT,0.00,BLOCKED
ACC-3294,CUST-700,CREDIT,15000.00,ACTIVE
ACC-3295,CUST-359,CREDIT,1000.00,ACTIVE
ACC-3296,CUST-134,CREDIT,1000.00,ACTIVE
ACC-3297,CUST-144,CREDIT,25000.00,ACTIVE
ACC-3298,CUST-380,DEBIT,0.00,ACTIVE
ACC-3299,CUST-983,CREDIT,15000.00,ACTIVE
ACC-3300,CUST-722,DEBIT,0.00,ACTIVE
ACC-3301,CUST-867,CREDIT,10000.00,ACTIVE
ACC-3302,CUST-926,DEBIT,0.00,ACTIVE
ACC-3303,CUST-830,CREDIT,5000.00,ACTIVE
ACC-3304,CUST-971,CREDIT,25000.00,ACTIVE
ACC-3305,CUST-222,CREDIT,10000.00,ACTIVE
ACC-3306,CUST-421,CREDIT,25000.00,ACTIVE
ACC-3307,CUST-973,CREDIT,15000.00,ACTIVE
ACC-3308,CUST-440,CREDIT,15000.00,ACTIVE
ACC-3309,CUST-424,DEBIT,0.00,ACTIVE
ACC-3310,CUST-700,DEBIT,0.00,ACTIVE
ACC-3311,CUST-114,DEBIT,0.00,ACTIVE
ACC-3312,CUST-957,DEBIT,0.00,ACTIVE
ACC-3313,CUST-297,DEBIT,0.00,ACTIVE
ACC-3314,CUST-846,DEBIT,0.00,ACTIVE
ACC-3315,CUST-382,CREDIT,2500.00,ACTIVE
ACC-3316,CUST-277,CREDIT,25000.00,ACTIVE
ACC-3317,CUST-674,CREDIT,1000.00,ACTIVE
ACC-3318,CUST-956,CREDIT,5000.00,ACTIVE
ACC-3319,CUST-574,DEBIT,0.00,ACTIVE
ACC-3320,CUST-188,CREDIT,1000.00,ACTIVE
ACC-3321,CUST-120,CREDIT,15000.00,ACTIVE
ACC-3322,CUST-322,DEBIT,0.00,ACTIVE
ACC-3323,CUST-841,CREDIT,10000.00,ACTIVE
ACC-3324,CUST-797,DEBIT,0.00,ACTIVE
ACC-3325,CUST-855,CREDIT,2500.00,ACTIVE
ACC-3326,CUST-393,CREDIT,1000.00,ACTIVE
ACC-3327,CUST-523,CREDIT,2500.00,ACTIVE
ACC-3328,CUST-304,CREDIT,2500.00,ACTIVE
ACC-3329,CUST-550,CREDIT,5000.00,ACTIVE
ACC-3330,CUST-472,CREDIT,10000.00,ACTIVE
ACC-3331,CUST-949,CREDIT,25000.00,ACTIVE
ACC-3332,CUST-954,CREDIT,2500.00,ACTIVE
ACC-3333,CUST-315,CREDIT,2500.00,ACTIVE
ACC-3334,CUST-761,DEBIT,0.00,ACTIVE
ACC-3335,CUST-312,DEBIT,0.00,ACTIVE
ACC-3336,CUST-860,CREDIT,15000.00,ACTIVE
ACC-3337,CUST-891,DEBIT,0.00,ACTIVE
ACC-3338,CUST-132,CREDIT,2500.00,ACTIVE
ACC-3339,CUST-746,DEBIT,0.00,ACTIVE
ACC-3340,CUST-430,CREDIT,2500.00,ACTIVE
ACC-3341,CUST-134,CREDIT,10000.00,ACTIVE
ACC-3342,CUST-990,CREDIT,1000.00,ACTIVE
ACC-3343,CUST-586,DEBIT,0.00,ACTIVE
ACC-3344,CUST-291,CREDIT,25000.00,ACTIVE
ACC-3345,CUST-578,DEBIT,0.00,ACTIVE
ACC-3346,CUST-731,CREDIT,1000.00,ACTIVE
ACC-3347,CUST-848,CREDIT,15000.00,ACTIVE
ACC-3348,CUST-482,CREDIT,2500.00,ACTIVE
ACC-3349,CUST-407,CREDIT,10000.00,ACTIVE
ACC-3350,CUST-619,CREDIT,2500.00,ACTIVE
ACC-3351,CUST-691,CREDIT,10000.00,ACTIVE
ACC-3352,CUST-270,CREDIT,1000.00,ACTIVE
ACC-3353,CUST-814,DEBIT,0.00,ACTIVE
ACC-3354,CUST-681,DEBIT,0.00,ACTIVE
ACC-3355,CUST-441,DEBIT,0.00,ACTIVE
ACC-3356,CUST-192,DEBIT,0.00,ACTIVE
ACC-3357,CUST-569,CREDIT,2500.00,ACTIVE
ACC-3358,CUST-251,CREDIT,10000.00,ACTIVE
ACC-3359,CUST-182,CREDIT,2500.00,ACTIVE
ACC-3360,CUST-841,CREDIT,2500.00,ACTIVE
ACC-3361,CUST-894,CREDIT,25000.00,ACTIVE
ACC-3362,CUST-202,CREDIT,10000.00,ACTIVE
ACC-3363,CUST-317,CREDIT,25000.00,ACTIVE
ACC-3364,CUST-951,DEBIT,0.00,ACTIVE
ACC-3365,CUST-198,CREDIT,2500.00,ACTIVE
ACC-3366,CUST-236,CREDIT,5000.00,ACTIVE
ACC-3367,CUST-939,CREDIT,5000.00,ACTIVE
ACC-3368,CUST-711,DEBIT,0.00,ACTIVE
ACC-3369,CUST-785,CREDIT,1000.00,ACTIVE
ACC-3370,CUST-327,DEBIT,0.00,ACTIVE
ACC-3371,CUST-340,DEBIT,0.00,ACTIVE
ACC-3372,CUST-101,CREDIT,5000.00,ACTIVE
ACC-3373,CUST-761,CREDIT,10000.00,ACTIVE
ACC-3374,CUST-316,CREDIT,10000.00,ACTIVE
ACC-3375,CUST-769,CREDIT,1000.00,ACTIVE
ACC-3376,CUST-496,CREDIT,2500.00,ACTIVE
ACC-3377,CUST-367,DEBIT,0.00,ACTIVE
ACC-3378,CUST-267,DEBIT,0.00,ACTIVE
ACC-3379,CUST-576,CREDIT,15000.00,ACTIVE
ACC-3380,CUST-850,DEBIT,0.00,ACTIVE
ACC-3381,CUST-112,CREDIT,10000.00,ACTIVE
ACC-3382,CUST-493,CREDIT,2500.00,ACTIVE
ACC-3383,CUST-769,DEBIT,0.00,ACTIVE
ACC-3384,CUST-889,DEBIT,0.00,ACTIVE
ACC-3385,CUST-749,CREDIT,10000.00,ACTIVE
ACC-3386,CUST-899,CREDIT,10000.00,ACTIVE
ACC-3387,CUST-473,CREDIT,5000.00,ACTIVE
ACC-3388,CUST-644,CREDIT,2500.00,BLOCKED
ACC-3389,CUST-181,DEBIT,0.00,ACTIVE
ACC-3390,CUST-824,CREDIT,5000.00,ACTIVE
ACC-3391,CUST-729,CREDIT,2500.00,ACTIVE
ACC-3392,CUST-149,DEBIT,0.00,ACTIVE
ACC-3393,CUST-601,CREDIT,1000.00,ACTIVE
ACC-3394,CUST-802,CREDIT,1000.00,ACTIVE
ACC-3395,CUST-403,CREDIT,10000.00,ACTIVE
ACC-3396,CUST-373,DEBIT,0.00,ACTIVE
ACC-3397,CUST-557,CREDIT,5000.00,ACTIVE
ACC-3398,CUST-214,CREDIT,25000.00,ACTIVE
ACC-3399,CUST-505,CREDIT,1000.00,ACTIVE
ACC-3400,CUST-229,CREDIT,1000.00,ACTIVE
ACC-3401,CUST-541,DEBIT,0.00,ACTIVE
ACC-3402,CUST-569,DEBIT,0.00,ACTIVE
ACC-3403,CUST-945,DEBIT,0.00,ACTIVE
ACC-3404,CUST-940,DEBIT,0.00,ACTIVE
ACC-3405,CUST-434,CREDIT,10000.00,ACTIVE
ACC-3406,CUST-841,CREDIT,2500.00,ACTIVE
ACC-3407,CUST-842,CREDIT,1000.00,ACTIVE
ACC-3408,CUST-532,CREDIT,25000.00,ACTIVE
ACC-3409,CUST-363,CREDIT,2500.00,ACTIVE
ACC-3410,CUST-181,DEBIT,0.00,ACTIVE
ACC-3411,CUST-219,DEBIT,0.00,ACTIVE
ACC-3412,CUST-410,DEBIT,0.00,ACTIVE
ACC-3413,CUST-349,CREDIT,15000.00,ACTIVE
ACC-3414,CUST-687,DEBIT,0.00,ACTIVE
ACC-3415,CUST-805,CREDIT,10000.00,ACTIVE
ACC-3416,CUST-787,DEBIT,0.00,ACTIVE
ACC-3417,CUST-794,CREDIT,10000.00,ACTIVE
ACC-3418,CUST-119,CREDIT,1000.00,ACTIVE
ACC-3419,CUST-381,DEBIT,0.00,ACTIVE
ACC-3420,CUST-750,CREDIT,15000.00,ACTIVE
ACC-3421,CUST-826,CREDIT,2500.00,ACTIVE
ACC-3422,CUST-845,CREDIT,1000.00,ACTIVE
ACC-3423,CUST-702,DEBIT,0.00,ACTIVE
ACC-3424,CUST-498,CREDIT,15000.00,ACTIVE
ACC-3425,CUST-448,CREDIT,15000.00,ACTIVE
ACC-3426,CUST-974,CREDIT,10000.00,ACTIVE
ACC-3427,CUST-814,DEBIT,0.00,ACTIVE
ACC-3428,CUST-133,CREDIT,10000.00,ACTIVE
ACC-3429,CUST-180,DEBIT,0.00,ACTIVE
ACC-3430,CUST-185,CREDIT,15000.00,BLOCKED
ACC-3431,CUST-398,CREDIT,15000.00,ACTIVE
ACC-3432,CUST-578,DEBIT,0.00,ACTIVE
ACC-3433,CUST-739,CREDIT,15000.00,ACTIVE
ACC-3434,CUST-883,CREDIT,10000.00,ACTIVE
ACC-3435,CUST-602,CREDIT,5000.00,ACTIVE
ACC-3436,CUST-650,DEBIT,0.00,ACTIVE
ACC-3437,CUST-226,CREDIT,15000.00,ACTIVE
ACC-3438,CUST-213,CREDIT,2500.00,ACTIVE
ACC-3439,CUST-885,CREDIT,2500.00,ACTIVE
ACC-3440,CUST-510,DEBIT,0.00,ACTIVE
ACC-3441,CUST-528,CREDIT,5000.00,ACTIVE
ACC-3442,CUST-888,DEBIT,0.00,ACTIVE
ACC-3443,CUST-803,CREDIT,1000.00,ACTIVE
ACC-3444,CUST-425,DEBIT,0.00,ACTIVE
ACC-3445,CUST-979,CREDIT,15000.00,ACTIVE
ACC-3446,CUST-560,CREDIT,10000.00,ACTIVE
ACC-3447,CUST-103,CREDIT,2500.00,ACTIVE
ACC-3448,CUST-771,CREDIT,5000.00,ACTIVE
ACC-3449,CUST-768,CREDIT,1000.00,ACTIVE
ACC-3450,CUST-751,CREDIT,10000.00,ACTIVE
ACC-3451,CUST-734,CREDIT,2500.00,ACTIVE
ACC-3452,CUST-849,CREDIT,1000.00,ACTIVE
ACC-3453,CUST-355,CREDIT,1000.00,ACTIVE
ACC-3454,CUST-193,CREDIT,25000.00,ACTIVE
ACC-3455,CUST-715,DEBIT,0.00,ACTIVE
ACC-3456,CUST-665,DEBIT,0.00,ACTIVE
ACC-3457,CUST-265,CREDIT,2500.00,ACTIVE
ACC-3458,CUST-279,CREDIT,25000.00,ACTIVE
ACC-3459,CUST-430,CREDIT,25000.00,ACTIVE
ACC-3460,CUST-311,CREDIT,1000.00,ACTIVE
ACC-3461,CUST-717,CREDIT,10000.00,ACTIVE
ACC-3462,CUST-572,CREDIT,2500.00,ACTIVE
ACC-3463,CUST-957,CREDIT,1000.00,ACTIVE
ACC-3464,CUST-839,CREDIT,2500.00,ACTIVE
ACC-3465,CUST-133,DEBIT,0.00,ACTIVE
ACC-3466,CUST-632,DEBIT,0.00,ACTIVE
ACC-3467,CUST-172,DEBIT,0.00,ACTIVE
ACC-3468,CUST-833,DEBIT,0.00,ACTIVE
ACC-3469,CUST-762,CREDIT,25000.00,ACTIVE
ACC-3470,CUST-549,DEBIT,0.00,ACTIVE
ACC-3471,CUST-931,CREDIT,25000.00,ACTIVE
ACC-3472,CUST-472,CREDIT,25000.00,ACTIVE
ACC-3473,CUST-550,CREDIT,15000.00,ACTIVE
ACC-3474,CUST-967,CREDIT,1000.00,ACTIVE
ACC-3475,CUST-214,CREDIT,15000.00,ACTIVE
ACC-3476,CUST-772,DEBIT,0.00,ACTIVE
ACC-3477,CUST-315,CREDIT,2500.00,ACTIVE
ACC-3478,CUST-175,CREDIT,5000.00,ACTIVE
ACC-3479,CUST-350,CREDIT,25000.00,ACTIVE
ACC-3480,CUST-805,DEBIT,0.00,ACTIVE
ACC-3481,CUST-681,CREDIT,10000.00,ACTIVE
ACC-3482,CUST-251,CREDIT,1000.00,ACTIVE
ACC-3483,CUST-479,CREDIT,1000.00,ACTIVE
ACC-3484,CUST-833,CREDIT,25000.00,ACTIVE
ACC-3485,CUST-830,CREDIT,25000.00,ACTIVE
ACC-3486,CUST-924,CREDIT,5000.00,ACTIVE
ACC-3487,CUST-399,DEBIT,0.00,ACTIVE
ACC-3488,CUST-333,DEBIT,0.00,ACTIVE
ACC-3489,CUST-251,CREDIT,2500.00,ACTIVE
ACC-3490,CUST-620,CREDIT,5000.00,ACTIVE
ACC-3491,CUST-515,DEBIT,0.00,BLOCKED
ACC-3492,CUST-759,CREDIT,2500.00,BLOCKED
ACC-3493,CUST-483,CREDIT,15000.00,ACTIVE
ACC-3494,CUST-991,CREDIT,10000.00,ACTIVE
ACC-3495,CUST-488,CREDIT,2500.00,ACTIVE
ACC-3496,CUST-416,CREDIT,1000.00,ACTIVE
ACC-3497,CUST-896,CREDIT,2500.00,ACTIVE
ACC-3498,CUST-301,DEBIT,0.00,ACTIVE
ACC-3499,CUST-753,CREDIT,10000.00,ACTIVE
ACC-3500,CUST-966,DEBIT,0.00,ACTIVE
ACC-3501,CUST-333,DEBIT,0.00,ACTIVE
ACC-3502,CUST-133,DEBIT,0.00,ACTIVE
ACC-3503,CUST-619,CREDIT,1000.00,ACTIVE
ACC-3504,CUST-966,CREDIT,15000.00,ACTIVE
ACC-3505,CUST-917,DEBIT,0.00,ACTIVE
ACC-3506,CUST-350,CREDIT,15000.00,ACTIVE
ACC-3507,CUST-766,CREDIT,25000.00,ACTIVE
ACC-3508,CUST-834,DEBIT,0.00,ACTIVE
ACC-3509,CUST-372,CREDIT,1000.00,BLOCKED
ACC-3510,CUST-850,CREDIT,1000.00,ACTIVE
ACC-3511,CUST-235,DEBIT,0.00,ACTIVE
ACC-3512,CUST-349,CREDIT,1000.00,ACTIVE
ACC-3513,CUST-200,CREDIT,15000.00,ACTIVE
ACC-3514,CUST-749,CREDIT,1000.00,ACTIVE
ACC-3515,CUST-185,CREDIT,10000.00,ACTIVE
ACC-3516,CUST-320,CREDIT,1000.00,ACTIVE
ACC-3517,CUST-695,CREDIT,5000.00,ACTIVE
ACC-3518,CUST-553,CREDIT,1000.00,ACTIVE
ACC-3519,CUST-925,DEBIT,0.00,ACTIVE
ACC-3520,CUST-357,CREDIT,10000.00,BLOCKED
ACC-3521,CUST-604,DEBIT,0.00,ACTIVE
ACC-3522,CUST-626,CREDIT,5000.00,ACTIVE
ACC-3523,CUST-988,CREDIT,25000.00,ACTIVE
ACC-3524,CUST-674,CREDIT,5000.00,ACTIVE
ACC-3525,CUST-874,CREDIT,25000.00,ACTIVE
ACC-3526,CUST-426,DEBIT,0.00,ACTIVE
ACC-3527,CUST-607,DEBIT,0.00,ACTIVE
ACC-3528,CUST-789,CREDIT,1000.00,ACTIVE
ACC-3529,CUST-803,CREDIT,10000.00,ACTIVE
ACC-3530,CUST-211,CREDIT,2500.00,ACTIVE
ACC-3531,CUST-613,DEBIT,0.00,ACTIVE
ACC-3532,CUST-801,CREDIT,15000.00,ACTIVE
ACC-3533,CUST-788,CREDIT,15000.00,ACTIVE
ACC-3534,CUST-505,CREDIT,2500.00,ACTIVE
ACC-3535,CUST-724,DEBIT,0.00,ACTIVE
ACC-3536,CUST-628,DEBIT,0.00,ACTIVE
ACC-3537,CUST-907,DEBIT,0.00,ACTIVE
ACC-3538,CUST-369,CREDIT,25000.00,ACTIVE
ACC-3539,CUST-413,CREDIT,5000.00,ACTIVE
ACC-3540,CUST-422,CREDIT,5000.00,ACTIVE
ACC-3541,CUST-880,CREDIT,10000.00,ACTIVE
ACC-3542,CUST-518,CREDIT,10000.00,ACTIVE
ACC-3543,CUST-885,CREDIT,2500.00,BLOCKED
ACC-3544,CUST-777,CREDIT,25000.00,ACTIVE
ACC-3545,CUST-482,DEBIT,0.00,ACTIVE
ACC-3546,CUST-433,CREDIT,10000.00,ACTIVE
ACC-3547,CUST-320,CREDIT,25000.00,ACTIVE
ACC-3548,CUST-209,CREDIT,10000.00,ACTIVE
ACC-3549,CUST-591,CREDIT,2500.00,ACTIVE
ACC-3550,CUST-147,DEBIT,0.00,ACTIVE
ACC-3551,CUST-823,DEBIT,0.00,ACTIVE
ACC-3552,CUST-700,CREDIT,5000.00,BLOCKED
ACC-3553,CUST-450,CREDIT,1000.00,ACTIVE
ACC-3554,CUST-391,CREDIT,5000.00,ACTIVE
ACC-3555,CUST-175,CREDIT,2500.00,ACTIVE
ACC-3556,CUST-255,CREDIT,25000.00,ACTIVE
ACC-3557,CUST-687,DEBIT,0.00,ACTIVE
ACC-3558,CUST-435,CREDIT,1000.00,ACTIVE
ACC-3559,CUST-643,CREDIT,25000.00,ACTIVE
ACC-3560,CUST-243,DEBIT,0.00,ACTIVE
ACC-3561,CUST-904,DEBIT,0.00,ACTIVE
ACC-3562,CUST-973,DEBIT,0.00,ACTIVE
ACC-3563,CUST-319,CREDIT,10000.00,ACTIVE
ACC-3564,CUST-470,CREDIT,10000.00,ACTIVE
ACC-3565,CUST-365,CREDIT,25000.00,BLOCKED
ACC-3566,CUST-243,CREDIT,25000.00,ACTIVE
ACC-3567,CUST-925,CREDIT,10000.00,ACTIVE
ACC-3568,CUST-161,CREDIT,1000.00,ACTIVE
ACC-3569,CUST-116,DEBIT,0.00,ACTIVE
ACC-3570,CUST-994,CREDIT,1000.00,ACTIVE
ACC-3571,CUST-603,DEBIT,0.00,ACTIVE
ACC-3572,CUST-852,CREDIT,5000.00,ACTIVE
ACC-3573,CUST-899,CREDIT,1000.00,BLOCKED
ACC-3574,CUST-966,CREDIT,2500.00,ACTIVE
ACC-3575,CUST-579,DEBIT,0.00,ACTIVE
ACC-3576,CUST-885,CREDIT,2500.00,ACTIVE
ACC-3577,CUST-576,DEBIT,0.00,ACTIVE
ACC-3578,CUST-438,CREDIT,25000.00,ACTIVE
ACC-3579,CUST-564,CREDIT,25000.00,ACTIVE
ACC-3580,CUST-542,CREDIT,25000.00,ACTIVE
ACC-3581,CUST-400,DEBIT,0.00,ACTIVE
ACC-3582,CUST-330,CREDIT,10000.00,ACTIVE
ACC-3583,CUST-328,CREDIT,2500.00,ACTIVE
ACC-3584,CUST-769,CREDIT,5000.00,ACTIVE
ACC-3585,CUST-688,DEBIT,0.00,ACTIVE
ACC-3586,CUST-832,DEBIT,0.00,ACTIVE
ACC-3587,CUST-891,DEBIT,0.00,ACTIVE
ACC-3588,CUST-126,CREDIT,5000.00,ACTIVE
ACC-3589,CUST-653,CREDIT,1000.00,ACTIVE
ACC-3590,CUST-422,CREDIT,1000.00,ACTIVE
ACC-3591,CUST-306,DEBIT,0.00,ACTIVE
ACC-3592,CUST-338,CREDIT,10000.00,BLOCKED
ACC-3593,CUST-463,DEBIT,0.00,ACTIVE
ACC-3594,CUST-484,CREDIT,10000.00,ACTIVE
ACC-3595,CUST-313,CREDIT,25000.00,ACTIVE
ACC-3596,CUST-303,CREDIT,10000.00,ACTIVE
ACC-3597,CUST-227,CREDIT,10000.00,ACTIVE
ACC-3598,CUST-692,CREDIT,2500.00,ACTIVE
ACC-3599,CUST-874,DEBIT,0.00,ACTIVE
ACC-3600,CUST-466,CREDIT,10000.00,ACTIVE
ACC-3601,CUST-295,DEBIT,0.00,ACTIVE
ACC-3602,CUST-468,CREDIT,1000.00,ACTIVE
ACC-3603,CUST-567,CREDIT,15000.00,ACTIVE
ACC-3604,CUST-509,CREDIT,10000.00,ACTIVE
ACC-3605,CUST-469,DEBIT,0.00,ACTIVE
ACC-3606,CUST-544,DEBIT,0.00,ACTIVE
ACC-3607,CUST-334,DEBIT,0.00,ACTIVE
ACC-3608,CUST-759,DEBIT,0.00,ACTIVE
ACC-3609,CUST-116,DEBIT,0.00,ACTIVE
ACC-3610,CUST-762,DEBIT,0.00,ACTIVE
ACC-3611,CUST-967,DEBIT,0.00,ACTIVE
ACC-3612,CUST-631,CREDIT,15000.00,ACTIVE
ACC-3613,CUST-139,CREDIT,25000.00,ACTIVE
ACC-3614,CUST-776,CREDIT,2500.00,ACTIVE
ACC-3615,CUST-261,CREDIT,15000.00,ACTIVE
ACC-3616,CUST-255,CREDIT,2500.00,ACTIVE
ACC-3617,CUST-285,DEBIT,0.00,ACTIVE
ACC-3618,CUST-130,CREDIT,1000.00,ACTIVE
ACC-3619,CUST-482,CREDIT,5000.00,ACTIVE
ACC-3620,CUST-428,DEBIT,0.00,ACTIVE
ACC-3621,CUST-581,CREDIT,1000.00,ACTIVE
ACC-3622,CUST-147,CREDIT,2500.00,ACTIVE
ACC-3623,CUST-273,CREDIT,15000.00,ACTIVE
ACC-3624,CUST-328,CREDIT,1000.00,ACTIVE
ACC-3625,CUST-587,CREDIT,1000.00,ACTIVE
ACC-3626,CUST-649,CREDIT,10000.00,ACTIVE
ACC-3627,CUST-100,CREDIT,15000.00,ACTIVE
ACC-3628,CUST-363,CREDIT,10000.00,ACTIVE
ACC-3629,CUST-728,CREDIT,25000.00,ACTIVE
ACC-3630,CUST-604,DEBIT,0.00,ACTIVE
ACC-3631,CUST-300,DEBIT,0.00,ACTIVE
ACC-3632,CUST-246,CREDIT,15000.00,ACTIVE
ACC-3633,CUST-834,CREDIT,1000.00,ACTIVE
ACC-3634,CUST-331,CREDIT,15000.00,ACTIVE
ACC-3635,CUST-436,CREDIT,25000.00,ACTIVE
ACC-3636,CUST-704,DEBIT,0.00,ACTIVE
ACC-3637,CUST-373,CREDIT,15000.00,BLOCKED
ACC-3638,CUST-532,DEBIT,0.00,ACTIVE
ACC-3639,CUST-971,CREDIT,2500.00,ACTIVE
ACC-3640,CUST-913,CREDIT,10000.00,ACTIVE
ACC-3641,CUST-749,CREDIT,2500.00,ACTIVE
ACC-3642,CUST-430,CREDIT,2500.00,ACTIVE
ACC-3643,CUST-452,CREDIT,10000.00,ACTIVE
ACC-3644,CUST-319,CREDIT,15000.00,ACTIVE
ACC-3645,CUST-220,CREDIT,5000.00,ACTIVE
ACC-3646,CUST-626,DEBIT,0.00,ACTIVE
ACC-3647,CUST-290,DEBIT,0.00,ACTIVE
ACC-3648,CUST-567,CREDIT,10000.00,ACTIVE
ACC-3649,CUST-450,DEBIT,0.00,ACTIVE
ACC-3650,CUST-900,DEBIT,0.00,ACTIVE
ACC-3651,CUST-656,CREDIT,25000.00,ACTIVE
ACC-3652,CUST-949,CREDIT,2500.00,BLOCKED
ACC-3653,CUST-229,CREDIT,15000.00,ACTIVE
ACC-3654,CUST-546,DEBIT,0.00,ACTIVE
ACC-3655,CUST-616,CREDIT,1000.00,ACTIVE
ACC-3656,CUST-960,CREDIT,15000.00,ACTIVE
ACC-3657,CUST-303,DEBIT,0.00,ACTIVE
ACC-3658,CUST-715,DEBIT,0.00,ACTIVE
ACC-3659,CUST-643,DEBIT,0.00,ACTIVE
ACC-3660,CUST-335,CREDIT,15000.00,ACTIVE
ACC-3661,CUST-270,DEBIT,0.00,BLOCKED
ACC-3662,CUST-750,CREDIT,1000.00,ACTIVE
ACC-3663,CUST-869,CREDIT,15000.00,ACTIVE
ACC-3664,CUST-724,DEBIT,0.00,ACTIVE
ACC-3665,CUST-510,CREDIT,2500.00,ACTIVE
ACC-3666,CUST-587,CREDIT,15000.00,BLOCKED
ACC-3667,CUST-407,CREDIT,2500.00,ACTIVE
ACC-3668,CUST-784,CREDIT,5000.00,ACTIVE
ACC-3669,CUST-168,CREDIT,25000.00,ACTIVE
ACC-3670,CUST-592,CREDIT,10000.00,ACTIVE
ACC-3671,CUST-926,DEBIT,0.00,ACTIVE
ACC-3672,CUST-500,DEBIT,0.00,BLOCKED
ACC-3673,CUST-500,DEBIT,0.00,ACTIVE
ACC-3674,CUST-172,CREDIT,2500.00,ACTIVE
ACC-3675,CUST-511,CREDIT,5000.00,ACTIVE
ACC-3676,CUST-788,CREDIT,25000.00,ACTIVE
ACC-3677,CUST-382,CREDIT,10000.00,ACTIVE
ACC-3678,CUST-220,DEBIT,0.00,ACTIVE
ACC-3679,CUST-743,CREDIT,15000.00,ACTIVE
ACC-3680,CUST-405,CREDIT,2500.00,ACTIVE
ACC-3681,CUST-724,DEBIT,0.00,ACTIVE
ACC-3682,CUST-872,CREDIT,1000.00,ACTIVE
ACC-3683,CUST-378,DEBIT,0.00,ACTIVE
ACC-3684,CUST-958,DEBIT,0.00,ACTIVE
ACC-3685,CUST-577,DEBIT,0.00,ACTIVE
ACC-3686,CUST-808,CREDIT,2500.00,ACTIVE
ACC-3687,CUST-398,DEBIT,0.00,ACTIVE
ACC-3688,CUST-849,CREDIT,1000.00,ACTIVE
ACC-3689,CUST-347,CREDIT,15000.00,ACTIVE
ACC-3690,CUST-956,DEBIT,0.00,ACTIVE
ACC-3691,CUST-158,DEBIT,0.00,ACTIVE
ACC-3692,CUST-850,CREDIT,5000.00,ACTIVE
ACC-3693,CUST-436,CREDIT,5000.00,ACTIVE
ACC-3694,CUST-185,CREDIT,5000.00,BLOCKED
ACC-3695,CUST-348,CREDIT,25000.00,ACTIVE
ACC-3696,CUST-781,CREDIT,2500.00,ACTIVE
ACC-3697,CUST-721,CREDIT,25000.00,ACTIVE
ACC-3698,CUST-631,DEBIT,0.00,ACTIVE
ACC-3699,CUST-143,DEBIT,0.00,ACTIVE
ACC-3700,CUST-758,CREDIT,15000.00,ACTIVE
ACC-3701,CUST-220,DEBIT,0.00,ACTIVE
ACC-3702,CUST-694,DEBIT,0.00,ACTIVE
ACC-3703,CUST-531,DEBIT,0.00,ACTIVE
ACC-3704,CUST-140,DEBIT,0.00,ACTIVE
ACC-3705,CUST-687,CREDIT,10000.00,ACTIVE
ACC-3706,CUST-508,DEBIT,0.00,ACTIVE
ACC-3707,CUST-896,DEBIT,0.00,ACTIVE
ACC-3708,CUST-285,CREDIT,1000.00,ACTIVE
ACC-3709,CUST-522,CREDIT,5000.00,ACTIVE
ACC-3710,CUST-969,DEBIT,0.00,ACTIVE
ACC-3711,CUST-799,DEBIT,0.00,ACTIVE
ACC-3712,CUST-902,CREDIT,2500.00,ACTIVE
ACC-3713,CUST-750,CREDIT,10000.00,ACTIVE
ACC-3714,CUST-889,CREDIT,2500.00,ACTIVE
ACC-3715,CUST-858,DEBIT,0.00,ACTIVE
ACC-3716,CUST-276,CREDIT,5000.00,ACTIVE
ACC-3717,CUST-441,DEBIT,0.00,ACTIVE
ACC-3718,CUST-956,CREDIT,15000.00,ACTIVE
ACC-3719,CUST-413,DEBIT,0.00,ACTIVE
ACC-3720,CUST-515,CREDIT,25000.00,ACTIVE
ACC-3721,CUST-874,CREDIT,10000.00,ACTIVE
ACC-3722,CUST-597,CREDIT,5000.00,ACTIVE
ACC-3723,CUST-872,CREDIT,10000.00,ACTIVE
ACC-3724,CUST-214,CREDIT,2500.00,ACTIVE
ACC-3725,CUST-817,CREDIT,5000.00,ACTIVE
ACC-3726,CUST-651,CREDIT,5000.00,ACTIVE
ACC-3727,CUST-303,CREDIT,15000.00,ACTIVE
ACC-3728,CUST-997,CREDIT,25000.00,ACTIVE
ACC-3729,CUST-249,DEBIT,0.00,ACTIVE
ACC-3730,CUST-506,DEBIT,0.00,ACTIVE
ACC-3731,CUST-853,CREDIT,10000.00,ACTIVE
ACC-3732,CUST-400,DEBIT,0.00,ACTIVE
ACC-3733,CUST-330,CREDIT,1000.00,ACTIVE
ACC-3734,CUST-258,CREDIT,1000.00,ACTIVE
ACC-3735,CUST-606,DEBIT,0.00,ACTIVE
ACC-3736,CUST-351,CREDIT,25000.00,BLOCKED
ACC-3737,CUST-931,DEBIT,0.00,ACTIVE
ACC-3738,CUST-121,CREDIT,1000.00,ACTIVE
ACC-3739,CUST-549,DEBIT,0.00,ACTIVE
ACC-3740,CUST-296,CREDIT,15000.00,BLOCKED
ACC-3741,CUST-742,CREDIT,15000.00,ACTIVE
ACC-3742,CUST-823,CREDIT,10000.00,ACTIVE
ACC-3743,CUST-920,DEBIT,0.00,ACTIVE
ACC-3744,CUST-340,CREDIT,5000.00,ACTIVE
ACC-3745,CUST-809,CREDIT,5000.00,ACTIVE
ACC-3746,CUST-651,CREDIT,25000.00,ACTIVE
ACC-3747,CUST-903,CREDIT,1000.00,BLOCKED
ACC-3748,CUST-648,DEBIT,0.00,ACTIVE
ACC-3749,CUST-456,CREDIT,15000.00,ACTIVE
ACC-3750,CUST-667,DEBIT,0.00,ACTIVE
ACC-3751,CUST-375,DEBIT,0.00,ACTIVE
ACC-3752,CUST-548,CREDIT,1000.00,ACTIVE
ACC-3753,CUST-275,CREDIT,10000.00,ACTIVE
ACC-3754,CUST-158,CREDIT,10000.00,ACTIVE
ACC-3755,CUST-823,DEBIT,0.00,ACTIVE
ACC-3756,CUST-836,CREDIT,25000.00,ACTIVE
ACC-3757,CUST-845,CREDIT,5000.00,ACTIVE
ACC-3758,CUST-821,CREDIT,15000.00,ACTIVE
ACC-3759,CUST-505,DEBIT,0.00,ACTIVE
ACC-3760,CUST-813,CREDIT,10000.00,ACTIVE
ACC-3761,CUST-683,DEBIT,0.00,ACTIVE
ACC-3762,CUST-516,DEBIT,0.00,ACTIVE
ACC-3763,CUST-700,CREDIT,15000.00,BLOCKED
ACC-3764,CUST-154,CREDIT,1000.00,BLOCKED
ACC-3765,CUST-222,DEBIT,0.00,ACTIVE
ACC-3766,CUST-165,DEBIT,0.00,ACTIVE
ACC-3767,CUST-299,CREDIT,25000.00,ACTIVE
ACC-3768,CUST-283,CREDIT,15000.00,ACTIVE
ACC-3769,CUST-606,DEBIT,0.00,ACTIVE
ACC-3770,CUST-196,DEBIT,0.00,ACTIVE
ACC-3771,CUST-801,DEBIT,0.00,ACTIVE
ACC-3772,CUST-585,CREDIT,10000.00,ACTIVE
ACC-3773,CUST-418,CREDIT,5000.00,ACTIVE
ACC-3774,CUST-358,CREDIT,25000.00,ACTIVE
ACC-3775,CUST-305,CREDIT,2500.00,ACTIVE
ACC-3776,CUST-447,CREDIT,25000.00,ACTIVE
ACC-3777,CUST-120,CREDIT,1000.00,ACTIVE
ACC-3778,CUST-670,DEBIT,0.00,ACTIVE
ACC-3779,CUST-101,CREDIT,5000.00,ACTIVE
ACC-3780,CUST-104,DEBIT,0.00,ACTIVE
ACC-3781,CUST-681,CREDIT,5000.00,ACTIVE
ACC-3782,CUST-293,CREDIT,1000.00,ACTIVE
ACC-3783,CUST-323,CREDIT,10000.00,ACTIVE
ACC-3784,CUST-799,DEBIT,0.00,ACTIVE
ACC-3785,CUST-687,DEBIT,0.00,ACTIVE
ACC-3786,CUST-890,CREDIT,10000.00,ACTIVE
ACC-3787,CUST-555,CREDIT,2500.00,ACTIVE
ACC-3788,CUST-912,CREDIT,1000.00,ACTIVE
ACC-3789,CUST-419,DEBIT,0.00,ACTIVE
ACC-3790,CUST-799,DEBIT,0.00,ACTIVE
ACC-3791,CUST-202,CREDIT,15000.00,ACTIVE
ACC-3792,CUST-727,CREDIT,15000.00,ACTIVE
ACC-3793,CUST-774,DEBIT,0.00,ACTIVE
ACC-3794,CUST-219,CREDIT,10000.00,ACTIVE
ACC-3795,CUST-352,DEBIT,0.00,ACTIVE
ACC-3796,CUST-602,CREDIT,2500.00,ACTIVE
ACC-3797,CUST-160,CREDIT,10000.00,ACTIVE
ACC-3798,CUST-930,DEBIT,0.00,ACTIVE
ACC-3799,CUST-872,DEBIT,0.00,ACTIVE
ACC-3800,CUST-632,DEBIT,0.00,ACTIVE
ACC-3801,CUST-639,CREDIT,25000.00,ACTIVE
ACC-3802,CUST-503,CREDIT,25000.00,ACTIVE
ACC-3803,CUST-389,DEBIT,0.00,ACTIVE
ACC-3804,CUST-399,CREDIT,10000.00,ACTIVE
ACC-3805,CUST-545,DEBIT,0.00,ACTIVE
ACC-3806,CUST-206,CREDIT,10000.00,ACTIVE
ACC-3807,CUST-413,CREDIT,10000.00,ACTIVE
ACC-3808,CUST-815,CREDIT,5000.00,ACTIVE
ACC-3809,CUST-191,CREDIT,1000.00,ACTIVE
ACC-3810,CUST-684,CREDIT,15000.00,ACTIVE
ACC-3811,CUST-149,CREDIT,25000.00,ACTIVE
ACC-3812,CUST-494,CREDIT,1000.00,ACTIVE
ACC-3813,CUST-945,CREDIT,15000.00,ACTIVE
ACC-3814,CUST-620,DEBIT,0.00,ACTIVE
ACC-3815,CUST-797,CREDIT,2500.00,ACTIVE
ACC-3816,CUST-201,DEBIT,0.00,ACTIVE
ACC-3817,CUST-829,CREDIT,2500.00,ACTIVE
ACC-3818,CUST-311,CREDIT,25000.00,ACTIVE
ACC-3819,CUST-490,CREDIT,15000.00,ACTIVE
ACC-3820,CUST-397,CREDIT,25000.00,ACTIVE
ACC-3821,CUST-951,CREDIT,2500.00,ACTIVE
ACC-3822,CUST-946,CREDIT,2500.00,BLOCKED
ACC-3823,CUST-245,CREDIT,10000.00,ACTIVE
ACC-3824,CUST-532,CREDIT,15000.00,ACTIVE
ACC-3825,CUST-741,DEBIT,0.00,ACTIVE
ACC-3826,CUST-379,CREDIT,25000.00,ACTIVE
ACC-3827,CUST-523,CREDIT,1000.00,ACTIVE
ACC-3828,CUST-599,CREDIT,2500.00,ACTIVE
ACC-3829,CUST-504,CREDIT,1000.00,ACTIVE
ACC-3830,CUST-806,CREDIT,10000.00,ACTIVE
ACC-3831,CUST-262,CREDIT,25000.00,ACTIVE
ACC-3832,CUST-287,DEBIT,0.00,ACTIVE
ACC-3833,CUST-362,CREDIT,2500.00,ACTIVE
ACC-3834,CUST-811,DEBIT,0.00,ACTIVE
ACC-3835,CUST-976,CREDIT,15000.00,ACTIVE
ACC-3836,CUST-504,CREDIT,1000.00,ACTIVE
ACC-3837,CUST-188,DEBIT,0.00,ACTIVE
ACC-3838,CUST-630,CREDIT,10000.00,ACTIVE
ACC-3839,CUST-211,DEBIT,0.00,ACTIVE
ACC-3840,CUST-288,CREDIT,1000.00,ACTIVE
ACC-3841,CUST-347,CREDIT,25000.00,ACTIVE
ACC-3842,CUST-246,CREDIT,5000.00,ACTIVE
ACC-3843,CUST-615,CREDIT,1000.00,ACTIVE
ACC-3844,CUST-315,DEBIT,0.00,ACTIVE
ACC-3845,CUST-114,DEBIT,0.00,ACTIVE
ACC-3846,CUST-356,DEBIT,0.00,ACTIVE
ACC-3847,CUST-305,DEBIT,0.00,ACTIVE
ACC-3848,CUST-489,DEBIT,0.00,ACTIVE
ACC-3849,CUST-330,CREDIT,5000.00,ACTIVE
ACC-3850,CUST-838,CREDIT,2500.00,ACTIVE
ACC-3851,CUST-351,CREDIT,10000.00,ACTIVE
ACC-3852,CUST-246,CREDIT,5000.00,ACTIVE
ACC-3853,CUST-801,CREDIT,5000.00,ACTIVE
ACC-3854,CUST-733,CREDIT,15000.00,ACTIVE
ACC-3855,CUST-429,DEBIT,0.00,ACTIVE
ACC-3856,CUST-800,CREDIT,2500.00,ACTIVE
ACC-3857,CUST-159,CREDIT,10000.00,ACTIVE
ACC-3858,CUST-222,DEBIT,0.00,ACTIVE
ACC-3859,CUST-136,DEBIT,0.00,ACTIVE
ACC-3860,CUST-943,CREDIT,1000.00,ACTIVE
ACC-3861,CUST-760,DEBIT,0.00,ACTIVE
ACC-3862,CUST-560,CREDIT,25000.00,ACTIVE
ACC-3863,CUST-602,DEBIT,0.00,ACTIVE
ACC-3864,CUST-751,CREDIT,5000.00,BLOCKED
ACC-3865,CUST-468,CREDIT,2500.00,ACTIVE
ACC-3866,CUST-278,CREDIT,5000.00,ACTIVE
ACC-3867,CUST-363,DEBIT,0.00,ACTIVE
ACC-3868,CUST-121,DEBIT,0.00,ACTIVE
ACC-3869,CUST-570,CREDIT,5000.00,ACTIVE
ACC-3870,CUST-511,CREDIT,15000.00,ACTIVE
ACC-3871,CUST-515,CREDIT,25000.00,ACTIVE
ACC-3872,CUST-563,CREDIT,10000.00,ACTIVE
ACC-3873,CUST-445,CREDIT,10000.00,ACTIVE
ACC-3874,CUST-642,CREDIT,10000.00,ACTIVE
ACC-3875,CUST-682,CREDIT,2500.00,ACTIVE
ACC-3876,CUST-733,CREDIT,25000.00,ACTIVE
ACC-3877,CUST-882,CREDIT,10000.00,ACTIVE
ACC-3878,CUST-414,DEBIT,0.00,ACTIVE
ACC-3879,CUST-655,CREDIT,2500.00,ACTIVE
ACC-3880,CUST-952,DEBIT,0.00,ACTIVE
ACC-3881,CUST-522,DEBIT,0.00,ACTIVE
ACC-3882,CUST-260,CREDIT,2500.00,ACTIVE
ACC-3883,CUST-542,DEBIT,0.00,ACTIVE
ACC-3884,CUST-311,CREDIT,10000.00,ACTIVE
ACC-3885,CUST-863,CREDIT,25000.00,ACTIVE
ACC-3886,CUST-756,DEBIT,0.00,ACTIVE
ACC-3887,CUST-424,CREDIT,2500.00,ACTIVE
ACC-3888,CUST-598,CREDIT,25000.00,ACTIVE
ACC-3889,CUST-743,CREDIT,15000.00,ACTIVE
ACC-3890,CUST-905,DEBIT,0.00,ACTIVE
ACC-3891,CUST-982,CREDIT,1000.00,ACTIVE
ACC-3892,CUST-192,DEBIT,0.00,ACTIVE
ACC-3893,CUST-254,CREDIT,5000.00,ACTIVE
ACC-3894,CUST-167,DEBIT,0.00,ACTIVE
ACC-3895,CUST-948,CREDIT,5000.00,ACTIVE
ACC-3896,CUST-396,CREDIT,5000.00,ACTIVE
ACC-3897,CUST-255,CREDIT,15000.00,ACTIVE
ACC-3898,CUST-733,CREDIT,1000.00,ACTIVE
ACC-3899,CUST-580,CREDIT,15000.00,ACTIVE
ACC-3900,CUST-968,DEBIT,0.00,ACTIVE
ACC-3901,CUST-779,DEBIT,0.00,BLOCKED
ACC-3902,CUST-199,DEBIT,0.00,ACTIVE
ACC-3903,CUST-490,DEBIT,0.00,ACTIVE
ACC-3904,CUST-120,CREDIT,10000.00,ACTIVE
ACC-3905,CUST-698,CREDIT,5000.00,ACTIVE
ACC-3906,CUST-603,CREDIT,10000.00,ACTIVE
ACC-3907,CUST-447,DEBIT,0.00,ACTIVE
ACC-3908,CUST-170,DEBIT,0.00,ACTIVE
ACC-3909,CUST-503,CREDIT,15000.00,ACTIVE
ACC-3910,CUST-909,DEBIT,0.00,ACTIVE
ACC-3911,CUST-749,DEBIT,0.00,ACTIVE
ACC-3912,CUST-905,CREDIT,25000.00,ACTIVE
ACC-3913,CUST-606,CREDIT,15000.00,BLOCKED
ACC-3914,CUST-273,CREDIT,15000.00,ACTIVE
ACC-3915,CUST-386,CREDIT,5000.00,ACTIVE
ACC-3916,CUST-124,DEBIT,0.00,ACTIVE
ACC-3917,CUST-344,CREDIT,2500.00,ACTIVE
ACC-3918,CUST-543,DEBIT,0.00,ACTIVE
ACC-3919,CUST-877,CREDIT,5000.00,ACTIVE
ACC-3920,CUST-440,DEBIT,0.00,ACTIVE
ACC-3921,CUST-739,CREDIT,2500.00,ACTIVE
ACC-3922,CUST-489,CREDIT,15000.00,ACTIVE
ACC-3923,CUST-136,CREDIT,10000.00,ACTIVE
ACC-3924,CUST-484,DEBIT,0.00,ACTIVE
ACC-3925,CUST-902,CREDIT,15000.00,ACTIVE
ACC-3926,CUST-454,CREDIT,25000.00,ACTIVE
ACC-3927,CUST-600,DEBIT,0.00,ACTIVE
ACC-3928,CUST-787,CREDIT,1000.00,ACTIVE
ACC-3929,CUST-982,CREDIT,25000.00,ACTIVE
ACC-3930,CUST-231,CREDIT,1000.00,ACTIVE
ACC-3931,CUST-176,DEBIT,0.00,ACTIVE
ACC-3932,CUST-920,CREDIT,1000.00,ACTIVE
ACC-3933,CUST-109,CREDIT,1000.00,ACTIVE
ACC-3934,CUST-449,DEBIT,0.00,ACTIVE
ACC-3935,CUST-259,DEBIT,0.00,ACTIVE
ACC-3936,CUST-438,CREDIT,10000.00,ACTIVE
ACC-3937,CUST-224,DEBIT,0.00,ACTIVE
ACC-3938,CUST-863,CREDIT,2500.00,ACTIVE
ACC-3939,CUST-835,DEBIT,0.00,ACTIVE
ACC-3940,CUST-910,DEBIT,0.00,ACTIVE
ACC-3941,CUST-834,DEBIT,0.00,ACTIVE
ACC-3942,CUST-297,CREDIT,5000.00,ACTIVE
ACC-3943,CUST-607,CREDIT,2500.00,ACTIVE
ACC-3944,CUST-849,CREDIT,2500.00,ACTIVE
ACC-3945,CUST-162,DEBIT,0.00,ACTIVE
ACC-3946,CUST-280,CREDIT,15000.00,ACTIVE
ACC-3947,CUST-999,DEBIT,0.00,ACTIVE
ACC-3948,CUST-819,CREDIT,2500.00,ACTIVE
ACC-3949,CUST-968,DEBIT,0.00,ACTIVE
ACC-3950,CUST-750,CREDIT,2500.00,ACTIVE
ACC-3951,CUST-522,DEBIT,0.00,ACTIVE
ACC-3952,CUST-356,CREDIT,5000.00,ACTIVE
ACC-3953,CUST-643,DEBIT,0.00,ACTIVE
ACC-3954,CUST-872,CREDIT,25000.00,ACTIVE
ACC-3955,CUST-452,CREDIT,1000.00,ACTIVE
ACC-3956,CUST-873,DEBIT,0.00,ACTIVE
ACC-3957,CUST-882,DEBIT,0.00,ACTIVE
ACC-3958,CUST-862,DEBIT,0.00,ACTIVE
ACC-3959,CUST-889,DEBIT,0.00,ACTIVE
ACC-3960,CUST-797,DEBIT,0.00,ACTIVE
ACC-3961,CUST-844,CREDIT,1000.00,ACTIVE
ACC-3962,CUST-860,DEBIT,0.00,ACTIVE
ACC-3963,CUST-407,DEBIT,0.00,ACTIVE
ACC-3964,CUST-862,DEBIT,0.00,ACTIVE
ACC-3965,CUST-807,CREDIT,15000.00,ACTIVE
ACC-3966,CUST-432,CREDIT,10000.00,ACTIVE
ACC-3967,CUST-512,DEBIT,0.00,ACTIVE
ACC-3968,CUST-245,CREDIT,10000.00,ACTIVE
ACC-3969,CUST-125,DEBIT,0.00,ACTIVE
ACC-3970,CUST-490,DEBIT,0.00,ACTIVE
ACC-3971,CUST-509,DEBIT,0.00,ACTIVE
ACC-3972,CUST-777,CREDIT,10000.00,ACTIVE
ACC-3973,CUST-288,DEBIT,0.00,ACTIVE
ACC-3974,CUST-253,CREDIT,1000.00,ACTIVE
ACC-3975,CUST-501,CREDIT,2500.00,ACTIVE
ACC-3976,CUST-294,CREDIT,15000.00,ACTIVE
ACC-3977,CUST-545,CREDIT,25000.00,ACTIVE
ACC-3978,CUST-781,DEBIT,0.00,ACTIVE
ACC-3979,CUST-431,CREDIT,1000.00,ACTIVE
ACC-3980,CUST-244,DEBIT,0.00,ACTIVE
ACC-3981,CUST-526,CREDIT,10000.00,ACTIVE
ACC-3982,CUST-446,CREDIT,5000.00,ACTIVE
ACC-3983,CUST-726,CREDIT,25000.00,ACTIVE
ACC-3984,CUST-449,CREDIT,2500.00,ACTIVE
ACC-3985,CUST-984,DEBIT,0.00,ACTIVE
ACC-3986,CUST-164,CREDIT,15000.00,BLOCKED
ACC-3987,CUST-314,CREDIT,5000.00,ACTIVE
ACC-3988,CUST-992,DEBIT,0.00,ACTIVE
ACC-3989,CUST-587,DEBIT,0.00,ACTIVE
ACC-3990,CUST-691,DEBIT,0.00,ACTIVE
ACC-3991,CUST-230,DEBIT,0.00,ACTIVE
ACC-3992,CUST-686,DEBIT,0.00,ACTIVE
ACC-3993,CUST-707,DEBIT,0.00,ACTIVE
ACC-3994,CUST-581,CREDIT,2500.00,ACTIVE
ACC-3995,CUST-197,DEBIT,0.00,ACTIVE
ACC-3996,CUST-183,CREDIT,2500.00,ACTIVE
ACC-3997,CUST-845,CREDIT,10000.00,ACTIVE
ACC-3998,CUST-297,CREDIT,10000.00,ACTIVE
ACC-3999,CUST-246,DEBIT,0.00,ACTIVE
ACC-4000,CUST-328,CREDIT,1000.00,ACTIVE
ACC-4001,CUST-735,CREDIT,5000.00,ACTIVE
ACC-4002,CUST-427,CREDIT,2500.00,ACTIVE
ACC-4003,CUST-649,CREDIT,5000.00,ACTIVE
ACC-4004,CUST-711,CREDIT,25000.00,ACTIVE
ACC-4005,CUST-853,CREDIT,5000.00,ACTIVE
ACC-4006,CUST-616,DEBIT,0.00,ACTIVE
ACC-4007,CUST-938,CREDIT,10000.00,ACTIVE
ACC-4008,CUST-309,DEBIT,0.00,ACTIVE
ACC-4009,CUST-759,CREDIT,1000.00,ACTIVE
ACC-4010,CUST-576,DEBIT,0.00,ACTIVE
ACC-4011,CUST-557,DEBIT,0.00,BLOCKED
ACC-4012,CUST-554,CREDIT,15000.00,ACTIVE
ACC-4013,CUST-380,DEBIT,0.00,ACTIVE
ACC-4014,CUST-564,CREDIT,2500.00,ACTIVE
ACC-4015,CUST-117,CREDIT,15000.00,ACTIVE
ACC-4016,CUST-477,CREDIT,5000.00,ACTIVE
ACC-4017,CUST-126,CREDIT,25000.00,ACTIVE
ACC-4018,CUST-282,CREDIT,25000.00,ACTIVE
ACC-4019,CUST-431,CREDIT,1000.00,ACTIVE
ACC-4020,CUST-623,CREDIT,15000.00,ACTIVE
ACC-4021,CUST-608,CREDIT,25000.00,ACTIVE
ACC-4022,CUST-204,CREDIT,1000.00,ACTIVE
ACC-4023,CUST-872,CREDIT,25000.00,ACTIVE
ACC-4024,CUST-522,CREDIT,5000.00,ACTIVE
ACC-4025,CUST-658,CREDIT,1000.00,ACTIVE
ACC-4026,CUST-505,CREDIT,10000.00,ACTIVE
ACC-4027,CUST-191,DEBIT,0.00,ACTIVE
ACC-4028,CUST-218,DEBIT,0.00,ACTIVE
ACC-4029,CUST-332,DEBIT,0.00,ACTIVE
ACC-4030,CUST-124,CREDIT,25000.00,ACTIVE
ACC-4031,CUST-143,CREDIT,25000.00,ACTIVE
ACC-4032,CUST-991,CREDIT,2500.00,ACTIVE
ACC-4033,CUST-874,CREDIT,5000.00,ACTIVE
ACC-4034,CUST-883,CREDIT,10000.00,ACTIVE
ACC-4035,CUST-813,CREDIT,1000.00,ACTIVE
ACC-4036,CUST-703,CREDIT,1000.00,ACTIVE
ACC-4037,CUST-107,CREDIT,2500.00,ACTIVE
ACC-4038,CUST-476,CREDIT,1000.00,ACTIVE
ACC-4039,CUST-255,CREDIT,2500.00,ACTIVE
ACC-4040,CUST-388,CREDIT,25000.00,ACTIVE
ACC-4041,CUST-263,CREDIT,5000.00,ACTIVE
ACC-4042,CUST-362,DEBIT,0.00,ACTIVE
ACC-4043,CUST-502,CREDIT,5000.00,ACTIVE
ACC-4044,CUST-556,CREDIT,5000.00,ACTIVE
ACC-4045,CUST-888,CREDIT,25000.00,ACTIVE
ACC-4046,CUST-496,CREDIT,2500.00,ACTIVE
ACC-4047,CUST-995,DEBIT,0.00,ACTIVE
ACC-4048,CUST-405,CREDIT,15000.00,ACTIVE
ACC-4049,CUST-707,DEBIT,0.00,ACTIVE
ACC-4050,CUST-155,DEBIT,0.00,ACTIVE
ACC-4051,CUST-963,CREDIT,2500.00,ACTIVE
ACC-4052,CUST-112,CREDIT,15000.00,ACTIVE
ACC-4053,CUST-311,CREDIT,2500.00,ACTIVE
ACC-4054,CUST-435,CREDIT,25000.00,ACTIVE
ACC-4055,CUST-269,CREDIT,10000.00,ACTIVE
ACC-4056,CUST-711,DEBIT,0.00,ACTIVE
ACC-4057,CUST-354,CREDIT,25000.00,ACTIVE
ACC-4058,CUST-973,CREDIT,1000.00,ACTIVE
ACC-4059,CUST-380,CREDIT,1000.00,ACTIVE
ACC-4060,CUST-490,DEBIT,0.00,ACTIVE
ACC-4061,CUST-199,DEBIT,0.00,ACTIVE
ACC-4062,CUST-533,CREDIT,2500.00,ACTIVE
ACC-4063,CUST-386,DEBIT,0.00,ACTIVE
ACC-4064,CUST-135,CREDIT,1000.00,ACTIVE
ACC-4065,CUST-369,DEBIT,0.00,ACTIVE
ACC-4066,CUST-751,CREDIT,2500.00,ACTIVE
ACC-4067,CUST-131,DEBIT,0.00,ACTIVE
ACC-4068,CUST-278,DEBIT,0.00,ACTIVE
ACC-4069,CUST-566,CREDIT,1000.00,ACTIVE
ACC-4070,CUST-670,DEBIT,0.00,ACTIVE
ACC-4071,CUST-591,CREDIT,1000.00,ACTIVE
ACC-4072,CUST-166,CREDIT,25000.00,ACTIVE
ACC-4073,CUST-609,CREDIT,10000.00,ACTIVE
ACC-4074,CUST-113,CREDIT,10000.00,ACTIVE
ACC-4075,CUST-888,CREDIT,1000.00,ACTIVE
ACC-4076,CUST-836,DEBIT,0.00,ACTIVE
ACC-4077,CUST-378,CREDIT,5000.00,ACTIVE
ACC-4078,CUST-806,DEBIT,0.00,ACTIVE
ACC-4079,CUST-145,CREDIT,1000.00,BLOCKED
ACC-4080,CUST-545,DEBIT,0.00,ACTIVE
ACC-4081,CUST-337,CREDIT,25000.00,ACTIVE
ACC-4082,CUST-393,DEBIT,0.00,ACTIVE
ACC-4083,CUST-940,CREDIT,15000.00,ACTIVE
ACC-4084,CUST-480,CREDIT,2500.00,ACTIVE
ACC-4085,CUST-428,DEBIT,0.00,ACTIVE
ACC-4086,CUST-278,DEBIT,0.00,ACTIVE
ACC-4087,CUST-455,CREDIT,5000.00,ACTIVE
ACC-4088,CUST-788,DEBIT,0.00,ACTIVE
ACC-4089,CUST-655,DEBIT,0.00,ACTIVE
ACC-4090,CUST-359,CREDIT,10000.00,ACTIVE
ACC-4091,CUST-467,DEBIT,0.00,ACTIVE
ACC-4092,CUST-982,CREDIT,10000.00,ACTIVE
ACC-4093,CUST-451,DEBIT,0.00,ACTIVE
ACC-4094,CUST-449,CREDIT,25000.00,ACTIVE
ACC-4095,CUST-917,CREDIT,25000.00,ACTIVE
ACC-4096,CUST-505,CREDIT,2500.00,ACTIVE
ACC-4097,CUST-613,CREDIT,10000.00,ACTIVE
ACC-4098,CUST-104,CREDIT,15000.00,ACTIVE
ACC-4099,CUST-268,CREDIT,15000.00,ACTIVE
ACC-4100,CUST-906,DEBIT,0.00,ACTIVE
ACC-4101,CUST-956,CREDIT,1000.00,ACTIVE
ACC-4102,CUST-504,DEBIT,0.00,ACTIVE
ACC-4103,CUST-459,CREDIT,10000.00,ACTIVE
ACC-4104,CUST-208,DEBIT,0.00,ACTIVE
ACC-4105,CUST-954,CREDIT,25000.00,ACTIVE
ACC-4106,CUST-833,DEBIT,0.00,ACTIVE
ACC-4107,CUST-607,CREDIT,15000.00,ACTIVE
ACC-4108,CUST-413,CREDIT,1000.00,ACTIVE
ACC-4109,CUST-314,CREDIT,10000.00,ACTIVE
ACC-4110,CUST-295,CREDIT,1000.00,ACTIVE
ACC-4111,CUST-312,CREDIT,1000.00,ACTIVE
ACC-4112,CUST-359,CREDIT,25000.00,ACTIVE
ACC-4113,CUST-466,CREDIT,1000.00,ACTIVE
ACC-4114,CUST-711,DEBIT,0.00,ACTIVE
ACC-4115,CUST-411,CREDIT,10000.00,ACTIVE
ACC-4116,CUST-750,CREDIT,15000.00,ACTIVE
ACC-4117,CUST-132,CREDIT,1000.00,ACTIVE
ACC-4118,CUST-817,CREDIT,5000.00,ACTIVE
ACC-4119,CUST-888,CREDIT,10000.00,ACTIVE
ACC-4120,CUST-459,CREDIT,25000.00,ACTIVE
ACC-4121,CUST-127,DEBIT,0.00,ACTIVE
ACC-4122,CUST-188,CREDIT,10000.00,ACTIVE
ACC-4123,CUST-351,CREDIT,15000.00,ACTIVE
ACC-4124,CUST-196,DEBIT,0.00,ACTIVE
ACC-4125,CUST-718,CREDIT,25000.00,ACTIVE
ACC-4126,CUST-417,DEBIT,0.00,ACTIVE
ACC-4127,CUST-321,CREDIT,25000.00,ACTIVE
ACC-4128,CUST-231,CREDIT,1000.00,ACTIVE
ACC-4129,CUST-618,CREDIT,25000.00,ACTIVE
ACC-4130,CUST-381,CREDIT,15000.00,ACTIVE
ACC-4131,CUST-648,DEBIT,0.00,ACTIVE
ACC-4132,CUST-699,DEBIT,0.00,ACTIVE
ACC-4133,CUST-562,CREDIT,15000.00,ACTIVE
ACC-4134,CUST-715,CREDIT,2500.00,ACTIVE
ACC-4135,CUST-957,CREDIT,1000.00,ACTIVE
ACC-4136,CUST-105,CREDIT,10000.00,ACTIVE
ACC-4137,CUST-280,CREDIT,25000.00,ACTIVE
ACC-4138,CUST-287,DEBIT,0.00,ACTIVE
ACC-4139,CUST-605,CREDIT,25000.00,ACTIVE
ACC-4140,CUST-218,CREDIT,10000.00,ACTIVE
ACC-4141,CUST-719,CREDIT,2500.00,ACTIVE
ACC-4142,CUST-913,CREDIT,10000.00,ACTIVE
ACC-4143,CUST-637,DEBIT,0.00,ACTIVE
ACC-4144,CUST-656,DEBIT,0.00,ACTIVE
ACC-4145,CUST-546,CREDIT,10000.00,ACTIVE
ACC-4146,CUST-189,CREDIT,10000.00,ACTIVE
ACC-4147,CUST-510,CREDIT,25000.00,ACTIVE
ACC-4148,CUST-996,CREDIT,2500.00,ACTIVE
ACC-4149,CUST-684,CREDIT,1000.00,ACTIVE
ACC-4150,CUST-659,CREDIT,2500.00,ACTIVE
ACC-4151,CUST-908,CREDIT,5000.00,ACTIVE
ACC-4152,CUST-218,DEBIT,0.00,ACTIVE
ACC-4153,CUST-407,CREDIT,2500.00,ACTIVE
ACC-4154,CUST-480,CREDIT,25000.00,ACTIVE
ACC-4155,CUST-781,CREDIT,1000.00,ACTIVE
ACC-4156,CUST-930,CREDIT,15000.00,ACTIVE
ACC-4157,CUST-920,CREDIT,2500.00,ACTIVE
ACC-4158,CUST-590,CREDIT,25000.00,ACTIVE
ACC-4159,CUST-748,CREDIT,2500.00,ACTIVE
ACC-4160,CUST-230,CREDIT,1000.00,ACTIVE
ACC-4161,CUST-878,DEBIT,0.00,ACTIVE
ACC-4162,CUST-174,CREDIT,15000.00,BLOCKED
ACC-4163,CUST-523,CREDIT,2500.00,ACTIVE
ACC-4164,CUST-330,DEBIT,0.00,ACTIVE
ACC-4165,CUST-870,DEBIT,0.00,ACTIVE
ACC-4166,CUST-128,CREDIT,5000.00,ACTIVE
ACC-4167,CUST-500,CREDIT,25000.00,ACTIVE
ACC-4168,CUST-230,CREDIT,2500.00,ACTIVE
ACC-4169,CUST-761,CREDIT,15000.00,ACTIVE
ACC-4170,CUST-347,DEBIT,0.00,ACTIVE
ACC-4171,CUST-176,CREDIT,5000.00,ACTIVE
ACC-4172,CUST-675,CREDIT,1000.00,ACTIVE
ACC-4173,CUST-140,CREDIT,2500.00,ACTIVE
ACC-4174,CUST-765,CREDIT,10000.00,ACTIVE
ACC-4175,CUST-410,DEBIT,0.00,ACTIVE
ACC-4176,CUST-415,DEBIT,0.00,ACTIVE
ACC-4177,CUST-599,DEBIT,0.00,ACTIVE
ACC-4178,CUST-673,CREDIT,25000.00,ACTIVE
ACC-4179,CUST-776,DEBIT,0.00,ACTIVE
ACC-4180,CUST-445,DEBIT,0.00,ACTIVE
ACC-4181,CUST-645,CREDIT,10000.00,BLOCKED
ACC-4182,CUST-744,CREDIT,25000.00,ACTIVE
ACC-4183,CUST-708,CREDIT,5000.00,ACTIVE
ACC-4184,CUST-431,CREDIT,5000.00,ACTIVE
ACC-4185,CUST-456,DEBIT,0.00,ACTIVE
ACC-4186,CUST-443,DEBIT,0.00,ACTIVE
ACC-4187,CUST-712,CREDIT,10000.00,ACTIVE
ACC-4188,CUST-727,CREDIT,25000.00,ACTIVE
ACC-4189,CUST-888,DEBIT,0.00,ACTIVE
ACC-4190,CUST-802,DEBIT,0.00,ACTIVE
ACC-4191,CUST-309,CREDIT,15000.00,ACTIVE
ACC-4192,CUST-277,DEBIT,0.00,ACTIVE
ACC-4193,CUST-753,CREDIT,25000.00,ACTIVE
ACC-4194,CUST-950,CREDIT,15000.00,ACTIVE
ACC-4195,CUST-483,CREDIT,25000.00,ACTIVE
ACC-4196,CUST-681,CREDIT,10000.00,ACTIVE
ACC-4197,CUST-720,CREDIT,5000.00,ACTIVE
ACC-4198,CUST-932,CREDIT,1000.00,ACTIVE
ACC-4199,CUST-293,CREDIT,10000.00,ACTIVE
ACC-4200,CUST-606,DEBIT,0.00,ACTIVE
ACC-4201,CUST-383,CREDIT,15000.00,ACTIVE
ACC-4202,CUST-152,CREDIT,10000.00,ACTIVE
ACC-4203,CUST-601,DEBIT,0.00,ACTIVE
ACC-4204,CUST-420,CREDIT,10000.00,ACTIVE
ACC-4205,CUST-878,CREDIT,2500.00,ACTIVE
ACC-4206,CUST-967,DEBIT,0.00,ACTIVE
ACC-4207,CUST-374,CREDIT,1000.00,ACTIVE
ACC-4208,CUST-803,CREDIT,1000.00,ACTIVE
ACC-4209,CUST-680,CREDIT,1000.00,ACTIVE
ACC-4210,CUST-739,CREDIT,1000.00,ACTIVE
ACC-4211,CUST-346,DEBIT,0.00,ACTIVE
ACC-4212,CUST-869,CREDIT,15000.00,ACTIVE
ACC-4213,CUST-342,CREDIT,15000.00,ACTIVE
ACC-4214,CUST-880,CREDIT,15000.00,ACTIVE
ACC-4215,CUST-731,CREDIT,10000.00,ACTIVE
ACC-4216,CUST-858,CREDIT,2500.00,ACTIVE
ACC-4217,CUST-227,CREDIT,5000.00,ACTIVE
ACC-4218,CUST-570,CREDIT,10000.00,ACTIVE
ACC-4219,CUST-386,CREDIT,2500.00,ACTIVE
ACC-4220,CUST-545,CREDIT,2500.00,ACTIVE
ACC-4221,CUST-556,CREDIT,15000.00,ACTIVE
ACC-4222,CUST-518,CREDIT,1000.00,ACTIVE
ACC-4223,CUST-856,DEBIT,0.00,ACTIVE
ACC-4224,CUST-868,DEBIT,0.00,ACTIVE
ACC-4225,CUST-310,CREDIT,15000.00,ACTIVE
ACC-4226,CUST-908,DEBIT,0.00,ACTIVE
ACC-4227,CUST-121,DEBIT,0.00,ACTIVE
ACC-4228,CUST-552,CREDIT,15000.00,ACTIVE
ACC-4229,CUST-179,CREDIT,5000.00,ACTIVE
ACC-4230,CUST-272,CREDIT,25000.00,ACTIVE
ACC-4231,CUST-421,DEBIT,0.00,ACTIVE
ACC-4232,CUST-397,CREDIT,5000.00,ACTIVE
ACC-4233,CUST-998,DEBIT,0.00,ACTIVE
ACC-4234,CUST-676,CREDIT,1000.00,ACTIVE
ACC-4235,CUST-830,CREDIT,25000.00,ACTIVE
ACC-4236,CUST-453,DEBIT,0.00,ACTIVE
ACC-4237,CUST-841,CREDIT,1000.00,ACTIVE
ACC-4238,CUST-361,CREDIT,10000.00,ACTIVE
ACC-4239,CUST-366,CREDIT,5000.00,ACTIVE
ACC-4240,CUST-699,CREDIT,2500.00,ACTIVE
ACC-4241,CUST-300,CREDIT,15000.00,ACTIVE
ACC-4242,CUST-473,DEBIT,0.00,BLOCKED
ACC-4243,CUST-262,CREDIT,2500.00,ACTIVE
ACC-4244,CUST-356,CREDIT,25000.00,ACTIVE
ACC-4245,CUST-400,CREDIT,5000.00,ACTIVE
ACC-4246,CUST-290,CREDIT,10000.00,ACTIVE
ACC-4247,CUST-168,CREDIT,5000.00,ACTIVE
ACC-4248,CUST-686,CREDIT,1000.00,ACTIVE
ACC-4249,CUST-987,DEBIT,0.00,ACTIVE
ACC-4250,CUST-661,DEBIT,0.00,ACTIVE
ACC-4251,CUST-341,CREDIT,10000.00,ACTIVE
ACC-4252,CUST-178,CREDIT,2500.00,ACTIVE
ACC-4253,CUST-901,CREDIT,1000.00,ACTIVE
ACC-4254,CUST-666,CREDIT,1000.00,ACTIVE
ACC-4255,CUST-256,DEBIT,0.00,ACTIVE
ACC-4256,CUST-108,CREDIT,2500.00,ACTIVE
ACC-4257,CUST-625,CREDIT,2500.00,ACTIVE
ACC-4258,CUST-158,DEBIT,0.00,ACTIVE
ACC-4259,CUST-259,CREDIT,2500.00,ACTIVE
ACC-4260,CUST-723,DEBIT,0.00,ACTIVE
ACC-4261,CUST-385,DEBIT,0.00,ACTIVE
ACC-4262,CUST-212,CREDIT,10000.00,ACTIVE
ACC-4263,CUST-720,DEBIT,0.00,ACTIVE
ACC-4264,CUST-486,DEBIT,0.00,ACTIVE
ACC-4265,CUST-918,CREDIT,5000.00,ACTIVE
ACC-4266,CUST-843,CREDIT,10000.00,ACTIVE
ACC-4267,CUST-762,CREDIT,15000.00,ACTIVE
ACC-4268,CUST-720,DEBIT,0.00,ACTIVE
ACC-4269,CUST-357,CREDIT,25000.00,ACTIVE
ACC-4270,CUST-978,CREDIT,10000.00,ACTIVE
ACC-4271,CUST-714,CREDIT,1000.00,ACTIVE
ACC-4272,CUST-218,DEBIT,0.00,ACTIVE
ACC-4273,CUST-406,CREDIT,10000.00,ACTIVE
ACC-4274,CUST-868,CREDIT,5000.00,ACTIVE
ACC-4275,CUST-868,CREDIT,10000.00,ACTIVE
ACC-4276,CUST-867,CREDIT,15000.00,ACTIVE
ACC-4277,CUST-245,CREDIT,5000.00,ACTIVE
ACC-4278,CUST-358,CREDIT,2500.00,ACTIVE
ACC-4279,CUST-480,CREDIT,10000.00,ACTIVE
ACC-4280,CUST-525,DEBIT,0.00,ACTIVE
ACC-4281,CUST-249,DEBIT,0.00,ACTIVE
ACC-4282,CUST-402,DEBIT,0.00,ACTIVE
ACC-4283,CUST-495,CREDIT,5000.00,ACTIVE
ACC-4284,CUST-179,DEBIT,0.00,ACTIVE
ACC-4285,CUST-664,CREDIT,5000.00,ACTIVE
ACC-4286,CUST-439,CREDIT,10000.00,ACTIVE
ACC-4287,CUST-203,CREDIT,15000.00,ACTIVE
ACC-4288,CUST-161,CREDIT,25000.00,ACTIVE
ACC-4289,CUST-480,CREDIT,2500.00,ACTIVE
ACC-4290,CUST-727,CREDIT,10000.00,ACTIVE
ACC-4291,CUST-476,CREDIT,15000.00,ACTIVE
ACC-4292,CUST-548,CREDIT,15000.00,ACTIVE
ACC-4293,CUST-626,DEBIT,0.00,ACTIVE
ACC-4294,CUST-679,CREDIT,15000.00,ACTIVE
ACC-4295,CUST-486,CREDIT,2500.00,ACTIVE
ACC-4296,CUST-839,CREDIT,25000.00,ACTIVE
ACC-4297,CUST-301,CREDIT,2500.00,ACTIVE
ACC-4298,CUST-325,CREDIT,10000.00,ACTIVE
ACC-4299,CUST-236,CREDIT,5000.00,ACTIVE
ACC-4300,CUST-918,CREDIT,15000.00,ACTIVE
ACC-4301,CUST-660,DEBIT,0.00,ACTIVE
ACC-4302,CUST-167,CREDIT,2500.00,ACTIVE
ACC-4303,CUST-594,CREDIT,1000.00,ACTIVE
ACC-4304,CUST-269,DEBIT,0.00,ACTIVE
ACC-4305,CUST-181,DEBIT,0.00,ACTIVE
ACC-4306,CUST-450,DEBIT,0.00,ACTIVE
ACC-4307,CUST-364,CREDIT,5000.00,ACTIVE
ACC-4308,CUST-933,CREDIT,15000.00,ACTIVE
ACC-4309,CUST-434,DEBIT,0.00,ACTIVE
ACC-4310,CUST-833,CREDIT,25000.00,ACTIVE
ACC-4311,CUST-708,CREDIT,25000.00,ACTIVE
ACC-4312,CUST-934,DEBIT,0.00,ACTIVE
ACC-4313,CUST-621,CREDIT,10000.00,ACTIVE
ACC-4314,CUST-152,CREDIT,25000.00,BLOCKED
ACC-4315,CUST-983,DEBIT,0.00,ACTIVE
ACC-4316,CUST-964,CREDIT,2500.00,ACTIVE
ACC-4317,CUST-354,DEBIT,0.00,ACTIVE
ACC-4318,CUST-814,CREDIT,2500.00,ACTIVE
ACC-4319,CUST-509,CREDIT,5000.00,ACTIVE
ACC-4320,CUST-348,CREDIT,5000.00,ACTIVE
ACC-4321,CUST-778,CREDIT,10000.00,ACTIVE
ACC-4322,CUST-158,CREDIT,5000.00,ACTIVE
ACC-4323,CUST-584,CREDIT,10000.00,ACTIVE
ACC-4324,CUST-479,DEBIT,0.00,ACTIVE
ACC-4325,CUST-603,CREDIT,2500.00,ACTIVE
ACC-4326,CUST-319,DEBIT,0.00,ACTIVE
ACC-4327,CUST-725,CREDIT,2500.00,ACTIVE
ACC-4328,CUST-712,DEBIT,0.00,ACTIVE
ACC-4329,CUST-203,CREDIT,10000.00,ACTIVE
ACC-4330,CUST-653,CREDIT,25000.00,ACTIVE
ACC-4331,CUST-912,CREDIT,1000.00,ACTIVE
ACC-4332,CUST-152,DEBIT,0.00,ACTIVE
ACC-4333,CUST-398,CREDIT,2500.00,ACTIVE
ACC-4334,CUST-802,DEBIT,0.00,ACTIVE
ACC-4335,CUST-782,DEBIT,0.00,ACTIVE
ACC-4336,CUST-417,CREDIT,1000.00,ACTIVE
ACC-4337,CUST-184,CREDIT,1000.00,BLOCKED
ACC-4338,CUST-941,DEBIT,0.00,ACTIVE
ACC-4339,CUST-500,DEBIT,0.00,ACTIVE
ACC-4340,CUST-373,DEBIT,0.00,ACTIVE
ACC-4341,CUST-173,CREDIT,15000.00,ACTIVE
ACC-4342,CUST-166,DEBIT,0.00,ACTIVE
ACC-4343,CUST-894,CREDIT,5000.00,ACTIVE
ACC-4344,CUST-721,DEBIT,0.00,ACTIVE
ACC-4345,CUST-972,CREDIT,5000.00,ACTIVE
ACC-4346,CUST-929,CREDIT,2500.00,ACTIVE
ACC-4347,CUST-769,CREDIT,15000.00,ACTIVE
ACC-4348,CUST-926,DEBIT,0.00,ACTIVE
ACC-4349,CUST-967,DEBIT,0.00,ACTIVE
ACC-4350,CUST-572,CREDIT,5000.00,ACTIVE
ACC-4351,CUST-160,CREDIT,2500.00,ACTIVE
ACC-4352,CUST-559,CREDIT,1000.00,ACTIVE
ACC-4353,CUST-888,CREDIT,25000.00,ACTIVE
ACC-4354,CUST-835,CREDIT,5000.00,ACTIVE
ACC-4355,CUST-759,CREDIT,10000.00,ACTIVE
ACC-4356,CUST-846,DEBIT,0.00,ACTIVE
ACC-4357,CUST-584,CREDIT,25000.00,ACTIVE
ACC-4358,CUST-500,DEBIT,0.00,ACTIVE
ACC-4359,CUST-961,CREDIT,1000.00,ACTIVE
ACC-4360,CUST-291,DEBIT,0.00,ACTIVE
ACC-4361,CUST-507,DEBIT,0.00,ACTIVE
ACC-4362,CUST-560,DEBIT,0.00,ACTIVE
ACC-4363,CUST-824,CREDIT,5000.00,ACTIVE
ACC-4364,CUST-869,CREDIT,5000.00,ACTIVE
ACC-4365,CUST-990,CREDIT,25000.00,ACTIVE
ACC-4366,CUST-525,DEBIT,0.00,ACTIVE
ACC-4367,CUST-243,CREDIT,5000.00,ACTIVE
ACC-4368,CUST-384,CREDIT,15000.00,ACTIVE
ACC-4369,CUST-527,DEBIT,0.00,ACTIVE
ACC-4370,CUST-828,CREDIT,1000.00,ACTIVE
ACC-4371,CUST-102,CREDIT,15000.00,ACTIVE
ACC-4372,CUST-251,CREDIT,15000.00,ACTIVE
ACC-4373,CUST-861,CREDIT,25000.00,ACTIVE
ACC-4374,CUST-641,CREDIT,15000.00,ACTIVE
ACC-4375,CUST-726,DEBIT,0.00,ACTIVE
ACC-4376,CUST-565,CREDIT,25000.00,ACTIVE
ACC-4377,CUST-397,DEBIT,0.00,ACTIVE
ACC-4378,CUST-440,CREDIT,10000.00,ACTIVE
ACC-4379,CUST-910,CREDIT,15000.00,ACTIVE
ACC-4380,CUST-723,CREDIT,10000.00,ACTIVE
ACC-4381,CUST-328,CREDIT,5000.00,ACTIVE
ACC-4382,CUST-972,CREDIT,5000.00,ACTIVE
ACC-4383,CUST-693,CREDIT,2500.00,ACTIVE
ACC-4384,CUST-334,CREDIT,5000.00,ACTIVE
ACC-4385,CUST-102,CREDIT,10000.00,ACTIVE
ACC-4386,CUST-380,CREDIT,1000.00,ACTIVE
ACC-4387,CUST-116,CREDIT,15000.00,ACTIVE
ACC-4388,CUST-755,CREDIT,25000.00,ACTIVE
ACC-4389,CUST-779,DEBIT,0.00,ACTIVE
ACC-4390,CUST-777,CREDIT,15000.00,ACTIVE
ACC-4391,CUST-498,CREDIT,1000.00,ACTIVE
ACC-4392,CUST-771,CREDIT,5000.00,ACTIVE
ACC-4393,CUST-436,CREDIT,25000.00,ACTIVE
ACC-4394,CUST-232,CREDIT,10000.00,ACTIVE
ACC-4395,CUST-273,DEBIT,0.00,ACTIVE
ACC-4396,CUST-525,DEBIT,0.00,ACTIVE
ACC-4397,CUST-267,CREDIT,10000.00,ACTIVE
ACC-4398,CUST-655,CREDIT,5000.00,ACTIVE
ACC-4399,CUST-178,DEBIT,0.00,ACTIVE
ACC-4400,CUST-973,DEBIT,0.00,ACTIVE
ACC-4401,CUST-167,DEBIT,0.00,ACTIVE
ACC-4402,CUST-376,DEBIT,0.00,ACTIVE
ACC-4403,CUST-562,DEBIT,0.00,ACTIVE
ACC-4404,CUST-898,CREDIT,15000.00,ACTIVE
ACC-4405,CUST-784,CREDIT,15000.00,ACTIVE
ACC-4406,CUST-194,CREDIT,1000.00,ACTIVE
ACC-4407,CUST-658,CREDIT,10000.00,ACTIVE
ACC-4408,CUST-735,DEBIT,0.00,ACTIVE
ACC-4409,CUST-188,DEBIT,0.00,ACTIVE
ACC-4410,CUST-450,DEBIT,0.00,ACTIVE
ACC-4411,CUST-590,CREDIT,25000.00,ACTIVE
ACC-4412,CUST-459,DEBIT,0.00,ACTIVE
ACC-4413,CUST-542,CREDIT,10000.00,ACTIVE
ACC-4414,CUST-512,CREDIT,15000.00,ACTIVE
ACC-4415,CUST-595,CREDIT,2500.00,ACTIVE
ACC-4416,CUST-168,DEBIT,0.00,ACTIVE
ACC-4417,CUST-954,DEBIT,0.00,ACTIVE
ACC-4418,CUST-606,DEBIT,0.00,ACTIVE
ACC-4419,CUST-757,CREDIT,10000.00,ACTIVE
ACC-4420,CUST-292,CREDIT,1000.00,ACTIVE
ACC-4421,CUST-780,CREDIT,5000.00,ACTIVE
ACC-4422,CUST-525,DEBIT,0.00,ACTIVE
ACC-4423,CUST-422,DEBIT,0.00,ACTIVE
ACC-4424,CUST-963,DEBIT,0.00,ACTIVE
ACC-4425,CUST-219,CREDIT,15000.00,ACTIVE
ACC-4426,CUST-664,CREDIT,10000.00,ACTIVE
ACC-4427,CUST-739,DEBIT,0.00,ACTIVE
ACC-4428,CUST-753,DEBIT,0.00,ACTIVE
ACC-4429,CUST-535,CREDIT,5000.00,ACTIVE
ACC-4430,CUST-407,CREDIT,1000.00,ACTIVE
ACC-4431,CUST-812,DEBIT,0.00,BLOCKED
ACC-4432,CUST-387,CREDIT,10000.00,BLOCKED
ACC-4433,CUST-643,CREDIT,10000.00,BLOCKED
ACC-4434,CUST-407,CREDIT,10000.00,ACTIVE
ACC-4435,CUST-435,CREDIT,1000.00,BLOCKED
ACC-4436,CUST-637,CREDIT,1000.00,ACTIVE
ACC-4437,CUST-197,CREDIT,1000.00,ACTIVE
ACC-4438,CUST-425,DEBIT,0.00,ACTIVE
ACC-4439,CUST-317,DEBIT,0.00,ACTIVE
ACC-4440,CUST-383,CREDIT,1000.00,ACTIVE
ACC-4441,CUST-979,CREDIT,15000.00,ACTIVE
ACC-4442,CUST-691,CREDIT,25000.00,ACTIVE
ACC-4443,CUST-665,DEBIT,0.00,ACTIVE
ACC-4444,CUST-513,DEBIT,0.00,ACTIVE
ACC-4445,CUST-999,DEBIT,0.00,ACTIVE
ACC-4446,CUST-858,CREDIT,25000.00,ACTIVE
ACC-4447,CUST-702,CREDIT,1000.00,ACTIVE
ACC-4448,CUST-928,CREDIT,10000.00,ACTIVE
ACC-4449,CUST-262,CREDIT,15000.00,ACTIVE
ACC-4450,CUST-353,CREDIT,15000.00,ACTIVE
ACC-4451,CUST-682,CREDIT,2500.00,ACTIVE
ACC-4452,CUST-931,DEBIT,0.00,ACTIVE
ACC-4453,CUST-229,CREDIT,2500.00,ACTIVE
ACC-4454,CUST-517,CREDIT,25000.00,ACTIVE
ACC-4455,CUST-690,CREDIT,15000.00,ACTIVE
ACC-4456,CUST-292,DEBIT,0.00,ACTIVE
ACC-4457,CUST-316,CREDIT,2500.00,ACTIVE
ACC-4458,CUST-640,CREDIT,10000.00,ACTIVE
ACC-4459,CUST-704,CREDIT,2500.00,ACTIVE
ACC-4460,CUST-355,CREDIT,15000.00,ACTIVE
ACC-4461,CUST-361,CREDIT,1000.00,ACTIVE
ACC-4462,CUST-217,CREDIT,10000.00,ACTIVE
ACC-4463,CUST-807,CREDIT,2500.00,ACTIVE
ACC-4464,CUST-694,CREDIT,2500.00,ACTIVE
ACC-4465,CUST-828,CREDIT,25000.00,ACTIVE
ACC-4466,CUST-848,CREDIT,2500.00,ACTIVE
ACC-4467,CUST-323,CREDIT,10000.00,ACTIVE
ACC-4468,CUST-767,CREDIT,1000.00,ACTIVE
ACC-4469,CUST-114,CREDIT,1000.00,ACTIVE
ACC-4470,CUST-247,CREDIT,5000.00,ACTIVE
ACC-4471,CUST-989,CREDIT,25000.00,ACTIVE
ACC-4472,CUST-631,CREDIT,10000.00,ACTIVE
ACC-4473,CUST-306,DEBIT,0.00,ACTIVE
ACC-4474,CUST-498,DEBIT,0.00,ACTIVE
ACC-4475,CUST-778,CREDIT,25000.00,ACTIVE
ACC-4476,CUST-547,CREDIT,10000.00,ACTIVE
ACC-4477,CUST-262,CREDIT,1000.00,ACTIVE
ACC-4478,CUST-636,CREDIT,1000.00,ACTIVE
ACC-4479,CUST-394,CREDIT,10000.00,ACTIVE
ACC-4480,CUST-887,CREDIT,5000.00,ACTIVE
ACC-4481,CUST-565,CREDIT,15000.00,ACTIVE
ACC-4482,CUST-305,CREDIT,25000.00,ACTIVE
ACC-4483,CUST-588,DEBIT,0.00,ACTIVE
ACC-4484,CUST-591,DEBIT,0.00,ACTIVE
ACC-4485,CUST-340,CREDIT,2500.00,ACTIVE
ACC-4486,CUST-664,CREDIT,10000.00,ACTIVE
ACC-4487,CUST-838,CREDIT,2500.00,ACTIVE
ACC-4488,CUST-378,CREDIT,5000.00,ACTIVE
ACC-4489,CUST-417,DEBIT,0.00,ACTIVE
ACC-4490,CUST-680,DEBIT,0.00,ACTIVE
ACC-4491,CUST-389,DEBIT,0.00,ACTIVE
ACC-4492,CUST-784,CREDIT,2500.00,ACTIVE
ACC-4493,CUST-688,DEBIT,0.00,ACTIVE
ACC-4494,CUST-287,DEBIT,0.00,ACTIVE
ACC-4495,CUST-120,CREDIT,15000.00,ACTIVE
ACC-4496,CUST-529,CREDIT,25000.00,ACTIVE
ACC-4497,CUST-291,CREDIT,1000.00,ACTIVE
ACC-4498,CUST-535,CREDIT,5000.00,ACTIVE
ACC-4499,CUST-743,CREDIT,5000.00,ACTIVE
ACC-4500,CUST-465,CREDIT,15000.00,ACTIVE
ACC-4501,CUST-350,CREDIT,10000.00,ACTIVE
ACC-4502,CUST-877,CREDIT,5000.00,ACTIVE
ACC-4503,CUST-541,CREDIT,5000.00,ACTIVE
ACC-4504,CUST-178,DEBIT,0.00,ACTIVE
ACC-4505,CUST-987,CREDIT,2500.00,ACTIVE
ACC-4506,CUST-856,CREDIT,10000.00,ACTIVE
ACC-4507,CUST-661,CREDIT,25000.00,BLOCKED
ACC-4508,CUST-319,CREDIT,2500.00,ACTIVE
ACC-4509,CUST-111,CREDIT,1000.00,ACTIVE
ACC-4510,CUST-387,DEBIT,0.00,ACTIVE
ACC-4511,CUST-195,CREDIT,10000.00,ACTIVE
ACC-4512,CUST-195,CREDIT,2500.00,ACTIVE
ACC-4513,CUST-649,DEBIT,0.00,ACTIVE
ACC-4514,CUST-346,DEBIT,0.00,ACTIVE
ACC-4515,CUST-271,CREDIT,25000.00,ACTIVE
ACC-4516,CUST-106,DEBIT,0.00,ACTIVE
ACC-4517,CUST-321,DEBIT,0.00,ACTIVE
ACC-4518,CUST-202,DEBIT,0.00,ACTIVE
ACC-4519,CUST-689,CREDIT,15000.00,ACTIVE
ACC-4520,CUST-465,CREDIT,10000.00,ACTIVE
ACC-4521,CUST-268,DEBIT,0.00,ACTIVE
ACC-4522,CUST-685,CREDIT,1000.00,BLOCKED
ACC-4523,CUST-942,CREDIT,5000.00,ACTIVE
ACC-4524,CUST-283,CREDIT,25000.00,ACTIVE
ACC-4525,CUST-402,CREDIT,2500.00,ACTIVE
ACC-4526,CUST-733,CREDIT,25000.00,ACTIVE
ACC-4527,CUST-841,CREDIT,1000.00,ACTIVE
ACC-4528,CUST-879,CREDIT,25000.00,ACTIVE
ACC-4529,CUST-804,CREDIT,25000.00,ACTIVE
ACC-4530,CUST-107,CREDIT,2500.00,ACTIVE
ACC-4531,CUST-800,CREDIT,1000.00,ACTIVE
ACC-4532,CUST-186,DEBIT,0.00,ACTIVE
ACC-4533,CUST-257,DEBIT,0.00,ACTIVE
ACC-4534,CUST-932,CREDIT,10000.00,ACTIVE
ACC-4535,CUST-668,CREDIT,25000.00,ACTIVE
ACC-4536,CUST-705,DEBIT,0.00,ACTIVE
ACC-4537,CUST-437,DEBIT,0.00,ACTIVE
ACC-4538,CUST-708,DEBIT,0.00,ACTIVE
ACC-4539,CUST-559,CREDIT,15000.00,ACTIVE
ACC-4540,CUST-555,CREDIT,15000.00,ACTIVE
ACC-4541,CUST-851,CREDIT,5000.00,ACTIVE
ACC-4542,CUST-300,DEBIT,0.00,ACTIVE
ACC-4543,CUST-576,CREDIT,10000.00,ACTIVE
ACC-4544,CUST-218,DEBIT,0.00,ACTIVE
ACC-4545,CUST-155,DEBIT,0.00,ACTIVE
ACC-4546,CUST-977,CREDIT,25000.00,ACTIVE
ACC-4547,CUST-765,CREDIT,10000.00,ACTIVE
ACC-4548,CUST-154,CREDIT,25000.00,ACTIVE
ACC-4549,CUST-918,CREDIT,15000.00,ACTIVE
ACC-4550,CUST-721,CREDIT,1000.00,ACTIVE
ACC-4551,CUST-665,CREDIT,1000.00,ACTIVE
ACC-4552,CUST-365,CREDIT,15000.00,ACTIVE
ACC-4553,CUST-282,CREDIT,15000.00,ACTIVE
ACC-4554,CUST-310,CREDIT,10000.00,ACTIVE
ACC-4555,CUST-191,CREDIT,2500.00,ACTIVE
ACC-4556,CUST-532,CREDIT,15000.00,ACTIVE
ACC-4557,CUST-855,DEBIT,0.00,ACTIVE
ACC-4558,CUST-797,DEBIT,0.00,ACTIVE
ACC-4559,CUST-883,CREDIT,5000.00,ACTIVE
ACC-4560,CUST-807,CREDIT,1000.00,ACTIVE
ACC-4561,CUST-430,CREDIT,25000.00,ACTIVE
ACC-4562,CUST-699,CREDIT,25000.00,ACTIVE
ACC-4563,CUST-924,CREDIT,25000.00,ACTIVE
ACC-4564,CUST-158,CREDIT,15000.00,ACTIVE
ACC-4565,CUST-719,DEBIT,0.00,ACTIVE
ACC-4566,CUST-420,CREDIT,2500.00,BLOCKED
ACC-4567,CUST-616,CREDIT,1000.00,ACTIVE
ACC-4568,CUST-187,CREDIT,5000.00,ACTIVE
ACC-4569,CUST-690,CREDIT,2500.00,ACTIVE
ACC-4570,CUST-886,CREDIT,5000.00,ACTIVE
ACC-4571,CUST-395,CREDIT,2500.00,ACTIVE
ACC-4572,CUST-580,CREDIT,1000.00,ACTIVE
ACC-4573,CUST-145,CREDIT,10000.00,ACTIVE
ACC-4574,CUST-351,CREDIT,1000.00,ACTIVE
ACC-4575,CUST-470,CREDIT,25000.00,ACTIVE
ACC-4576,CUST-253,DEBIT,0.00,ACTIVE
ACC-4577,CUST-522,CREDIT,15000.00,ACTIVE
ACC-4578,CUST-429,CREDIT,5000.00,ACTIVE
ACC-4579,CUST-941,CREDIT,1000.00,ACTIVE
ACC-4580,CUST-142,CREDIT,15000.00,ACTIVE
ACC-4581,CUST-154,CREDIT,1000.00,ACTIVE
ACC-4582,CUST-976,CREDIT,2500.00,ACTIVE
ACC-4583,CUST-905,CREDIT,10000.00,ACTIVE
ACC-4584,CUST-897,DEBIT,0.00,ACTIVE
ACC-4585,CUST-166,CREDIT,15000.00,ACTIVE
ACC-4586,CUST-986,CREDIT,1000.00,ACTIVE
ACC-4587,CUST-669,CREDIT,15000.00,ACTIVE
ACC-4588,CUST-367,DEBIT,0.00,ACTIVE
ACC-4589,CUST-759,CREDIT,5000.00,ACTIVE
ACC-4590,CUST-354,CREDIT,10000.00,ACTIVE
ACC-4591,CUST-292,CREDIT,10000.00,ACTIVE
ACC-4592,CUST-348,CREDIT,1000.00,ACTIVE
ACC-4593,CUST-509,CREDIT,1000.00,ACTIVE
ACC-4594,CUST-634,CREDIT,5000.00,ACTIVE
ACC-4595,CUST-414,CREDIT,25000.00,ACTIVE
ACC-4596,CUST-529,CREDIT,2500.00,ACTIVE
ACC-4597,CUST-839,DEBIT,0.00,ACTIVE
ACC-4598,CUST-319,DEBIT,0.00,ACTIVE
ACC-4599,CUST-994,CREDIT,5000.00,ACTIVE
ACC-4600,CUST-746,CREDIT,10000.00,ACTIVE
ACC-4601,CUST-482,CREDIT,5000.00,ACTIVE
ACC-4602,CUST-143,DEBIT,0.00,ACTIVE
ACC-4603,CUST-477,CREDIT,2500.00,ACTIVE
ACC-4604,CUST-296,CREDIT,25000.00,ACTIVE
ACC-4605,CUST-123,DEBIT,0.00,ACTIVE
ACC-4606,CUST-415,DEBIT,0.00,ACTIVE
ACC-4607,CUST-625,CREDIT,5000.00,ACTIVE
ACC-4608,CUST-123,CREDIT,15000.00,ACTIVE
ACC-4609,CUST-477,DEBIT,0.00,ACTIVE
ACC-4610,CUST-282,CREDIT,25000.00,ACTIVE
ACC-4611,CUST-842,DEBIT,0.00,ACTIVE
ACC-4612,CUST-951,DEBIT,0.00,ACTIVE
ACC-4613,CUST-448,DEBIT,0.00,ACTIVE
ACC-4614,CUST-973,CREDIT,25000.00,ACTIVE
ACC-4615,CUST-313,CREDIT,2500.00,ACTIVE
ACC-4616,CUST-298,DEBIT,0.00,ACTIVE
ACC-4617,CUST-422,DEBIT,0.00,ACTIVE
ACC-4618,CUST-845,DEBIT,0.00,ACTIVE
ACC-4619,CUST-192,CREDIT,2500.00,ACTIVE
ACC-4620,CUST-577,CREDIT,15000.00,ACTIVE
ACC-4621,CUST-657,DEBIT,0.00,ACTIVE
ACC-4622,CUST-193,CREDIT,2500.00,ACTIVE
ACC-4623,CUST-237,CREDIT,2500.00,ACTIVE
ACC-4624,CUST-140,CREDIT,5000.00,BLOCKED
ACC-4625,CUST-840,DEBIT,0.00,ACTIVE
ACC-4626,CUST-726,CREDIT,1000.00,ACTIVE
ACC-4627,CUST-435,DEBIT,0.00,ACTIVE
ACC-4628,CUST-612,DEBIT,0.00,ACTIVE
ACC-4629,CUST-837,DEBIT,0.00,ACTIVE
ACC-4630,CUST-110,DEBIT,0.00,ACTIVE
ACC-4631,CUST-127,DEBIT,0.00,ACTIVE
ACC-4632,CUST-209,DEBIT,0.00,ACTIVE
ACC-4633,CUST-230,CREDIT,10000.00,ACTIVE
ACC-4634,CUST-113,DEBIT,0.00,ACTIVE
ACC-4635,CUST-752,CREDIT,10000.00,ACTIVE
ACC-4636,CUST-390,DEBIT,0.00,ACTIVE
ACC-4637,CUST-842,DEBIT,0.00,ACTIVE
ACC-4638,CUST-735,DEBIT,0.00,ACTIVE
ACC-4639,CUST-724,DEBIT,0.00,ACTIVE
ACC-4640,CUST-159,DEBIT,0.00,ACTIVE
ACC-4641,CUST-226,CREDIT,15000.00,ACTIVE
ACC-4642,CUST-688,DEBIT,0.00,ACTIVE
ACC-4643,CUST-336,CREDIT,15000.00,ACTIVE
ACC-4644,CUST-127,CREDIT,10000.00,ACTIVE
ACC-4645,CUST-934,CREDIT,10000.00,ACTIVE
ACC-4646,CUST-721,DEBIT,0.00,ACTIVE
ACC-4647,CUST-562,CREDIT,2500.00,ACTIVE
ACC-4648,CUST-194,CREDIT,5000.00,ACTIVE
ACC-4649,CUST-977,CREDIT,1000.00,ACTIVE
ACC-4650,CUST-648,DEBIT,0.00,ACTIVE
ACC-4651,CUST-475,CREDIT,25000.00,ACTIVE
ACC-4652,CUST-504,CREDIT,5000.00,ACTIVE
ACC-4653,CUST-810,CREDIT,25000.00,ACTIVE
ACC-4654,CUST-899,CREDIT,25000.00,ACTIVE
ACC-4655,CUST-297,DEBIT,0.00,ACTIVE
ACC-4656,CUST-308,DEBIT,0.00,ACTIVE
ACC-4657,CUST-190,CREDIT,10000.00,ACTIVE
ACC-4658,CUST-495,DEBIT,0.00,ACTIVE
ACC-4659,CUST-863,CREDIT,10000.00,ACTIVE
ACC-4660,CUST-360,CREDIT,2500.00,ACTIVE
ACC-4661,CUST-937,DEBIT,0.00,ACTIVE
ACC-4662,CUST-685,CREDIT,15000.00,ACTIVE
ACC-4663,CUST-534,CREDIT,25000.00,ACTIVE
ACC-4664,CUST-246,DEBIT,0.00,ACTIVE
ACC-4665,CUST-397,CREDIT,15000.00,ACTIVE
ACC-4666,CUST-347,DEBIT,0.00,ACTIVE
ACC-4667,CUST-640,CREDIT,15000.00,ACTIVE
ACC-4668,CUST-450,DEBIT,0.00,ACTIVE
ACC-4669,CUST-663,CREDIT,10000.00,ACTIVE
ACC-4670,CUST-517,DEBIT,0.00,ACTIVE
ACC-4671,CUST-729,CREDIT,2500.00,ACTIVE
ACC-4672,CUST-783,DEBIT,0.00,ACTIVE
ACC-4673,CUST-720,CREDIT,25000.00,ACTIVE
ACC-4674,CUST-678,DEBIT,0.00,ACTIVE
ACC-4675,CUST-392,CREDIT,1000.00,ACTIVE
ACC-4676,CUST-563,CREDIT,1000.00,ACTIVE
ACC-4677,CUST-269,DEBIT,0.00,ACTIVE
ACC-4678,CUST-738,CREDIT,15000.00,ACTIVE
ACC-4679,CUST-739,DEBIT,0.00,ACTIVE
ACC-4680,CUST-772,CREDIT,10000.00,ACTIVE
ACC-4681,CUST-877,CREDIT,15000.00,ACTIVE
ACC-4682,CUST-879,CREDIT,25000.00,ACTIVE
ACC-4683,CUST-634,DEBIT,0.00,ACTIVE
ACC-4684,CUST-693,CREDIT,15000.00,ACTIVE
ACC-4685,CUST-438,CREDIT,15000.00,ACTIVE
ACC-4686,CUST-612,CREDIT,5000.00,ACTIVE
ACC-4687,CUST-911,DEBIT,0.00,ACTIVE
ACC-4688,CUST-279,DEBIT,0.00,ACTIVE
ACC-4689,CUST-959,DEBIT,0.00,ACTIVE
ACC-4690,CUST-401,DEBIT,0.00,ACTIVE
ACC-4691,CUST-540,DEBIT,0.00,ACTIVE
ACC-4692,CUST-156,CREDIT,15000.00,ACTIVE
ACC-4693,CUST-671,CREDIT,25000.00,ACTIVE
ACC-4694,CUST-568,CREDIT,10000.00,ACTIVE
ACC-4695,CUST-131,DEBIT,0.00,BLOCKED
ACC-4696,CUST-416,CREDIT,2500.00,ACTIVE
ACC-4697,CUST-721,CREDIT,25000.00,ACTIVE
ACC-4698,CUST-470,CREDIT,25000.00,ACTIVE
ACC-4699,CUST-632,DEBIT,0.00,ACTIVE
ACC-4700,CUST-956,CREDIT,15000.00,ACTIVE
ACC-4701,CUST-103,DEBIT,0.00,ACTIVE
ACC-4702,CUST-779,DEBIT,0.00,ACTIVE
ACC-4703,CUST-679,CREDIT,2500.00,ACTIVE
ACC-4704,CUST-923,CREDIT,5000.00,ACTIVE
ACC-4705,CUST-704,DEBIT,0.00,ACTIVE
ACC-4706,CUST-250,DEBIT,0.00,ACTIVE
ACC-4707,CUST-663,CREDIT,5000.00,ACTIVE
ACC-4708,CUST-745,CREDIT,10000.00,ACTIVE
ACC-4709,CUST-593,CREDIT,2500.00,ACTIVE
ACC-4710,CUST-950,DEBIT,0.00,ACTIVE
ACC-4711,CUST-294,DEBIT,0.00,ACTIVE
ACC-4712,CUST-444,DEBIT,0.00,ACTIVE
ACC-4713,CUST-357,DEBIT,0.00,ACTIVE
ACC-4714,CUST-508,DEBIT,0.00,ACTIVE
ACC-4715,CUST-891,CREDIT,2500.00,ACTIVE
ACC-4716,CUST-141,CREDIT,15000.00,ACTIVE
ACC-4717,CUST-268,DEBIT,0.00,ACTIVE
ACC-4718,CUST-783,CREDIT,2500.00,ACTIVE
ACC-4719,CUST-500,DEBIT,0.00,ACTIVE
ACC-4720,CUST-156,DEBIT,0.00,ACTIVE
ACC-4721,CUST-176,CREDIT,10000.00,ACTIVE
ACC-4722,CUST-442,CREDIT,2500.00,ACTIVE
ACC-4723,CUST-126,DEBIT,0.00,ACTIVE
ACC-4724,CUST-157,CREDIT,1000.00,ACTIVE
ACC-4725,CUST-744,CREDIT,5000.00,ACTIVE
ACC-4726,CUST-564,CREDIT,25000.00,ACTIVE
ACC-4727,CUST-634,CREDIT,2500.00,ACTIVE
ACC-4728,CUST-757,CREDIT,15000.00,ACTIVE
ACC-4729,CUST-477,CREDIT,2500.00,ACTIVE
ACC-4730,CUST-607,CREDIT,5000.00,ACTIVE
ACC-4731,CUST-266,CREDIT,15000.00,ACTIVE
ACC-4732,CUST-843,CREDIT,10000.00,ACTIVE
ACC-4733,CUST-710,CREDIT,10000.00,ACTIVE
ACC-4734,CUST-194,CREDIT,1000.00,ACTIVE
ACC-4735,CUST-740,DEBIT,0.00,ACTIVE
ACC-4736,CUST-148,DEBIT,0.00,ACTIVE
ACC-4737,CUST-716,DEBIT,0.00,ACTIVE
ACC-4738,CUST-636,CREDIT,5000.00,ACTIVE
ACC-4739,CUST-299,DEBIT,0.00,ACTIVE
ACC-4740,CUST-235,CREDIT,10000.00,ACTIVE
ACC-4741,CUST-832,DEBIT,0.00,ACTIVE
ACC-4742,CUST-510,DEBIT,0.00,ACTIVE
ACC-4743,CUST-575,CREDIT,15000.00,ACTIVE
ACC-4744,CUST-180,CREDIT,2500.00,ACTIVE
ACC-4745,CUST-324,CREDIT,1000.00,ACTIVE
ACC-4746,CUST-625,DEBIT,0.00,ACTIVE
ACC-4747,CUST-578,DEBIT,0.00,ACTIVE
ACC-4748,CUST-485,CREDIT,15000.00,BLOCKED
ACC-4749,CUST-783,CREDIT,2500.00,ACTIVE
ACC-4750,CUST-150,CREDIT,5000.00,ACTIVE
ACC-4751,CUST-692,DEBIT,0.00,ACTIVE
ACC-4752,CUST-401,CREDIT,2500.00,ACTIVE
ACC-4753,CUST-391,CREDIT,1000.00,ACTIVE
ACC-4754,CUST-309,DEBIT,0.00,ACTIVE
ACC-4755,CUST-507,DEBIT,0.00,ACTIVE
ACC-4756,CUST-574,CREDIT,1000.00,ACTIVE
ACC-4757,CUST-625,DEBIT,0.00,ACTIVE
ACC-4758,CUST-953,CREDIT,2500.00,ACTIVE
ACC-4759,CUST-940,CREDIT,1000.00,ACTIVE
ACC-4760,CUST-298,CREDIT,2500.00,ACTIVE
ACC-4761,CUST-659,CREDIT,10000.00,ACTIVE
ACC-4762,CUST-803,CREDIT,10000.00,ACTIVE
ACC-4763,CUST-987,CREDIT,2500.00,ACTIVE
ACC-4764,CUST-652,DEBIT,0.00,ACTIVE
ACC-4765,CUST-281,CREDIT,1000.00,ACTIVE
ACC-4766,CUST-446,CREDIT,5000.00,ACTIVE
ACC-4767,CUST-123,CREDIT,10000.00,ACTIVE
ACC-4768,CUST-836,CREDIT,25000.00,ACTIVE
ACC-4769,CUST-221,CREDIT,10000.00,ACTIVE
ACC-4770,CUST-981,CREDIT,25000.00,ACTIVE
ACC-4771,CUST-514,DEBIT,0.00,ACTIVE
ACC-4772,CUST-115,CREDIT,2500.00,ACTIVE
ACC-4773,CUST-247,CREDIT,1000.00,ACTIVE
ACC-4774,CUST-744,CREDIT,2500.00,ACTIVE
ACC-4775,CUST-502,CREDIT,25000.00,ACTIVE
ACC-4776,CUST-115,DEBIT,0.00,ACTIVE
ACC-4777,CUST-558,DEBIT,0.00,ACTIVE
ACC-4778,CUST-514,DEBIT,0.00,ACTIVE
ACC-4779,CUST-766,CREDIT,25000.00,ACTIVE
ACC-4780,CUST-684,DEBIT,0.00,ACTIVE
ACC-4781,CUST-567,CREDIT,15000.00,ACTIVE
ACC-4782,CUST-670,DEBIT,0.00,ACTIVE
ACC-4783,CUST-540,CREDIT,25000.00,ACTIVE
ACC-4784,CUST-659,CREDIT,15000.00,ACTIVE
ACC-4785,CUST-229,DEBIT,0.00,ACTIVE
ACC-4786,CUST-438,DEBIT,0.00,ACTIVE
ACC-4787,CUST-808,DEBIT,0.00,ACTIVE
ACC-4788,CUST-655,DEBIT,0.00,ACTIVE
ACC-4789,CUST-808,CREDIT,25000.00,ACTIVE
ACC-4790,CUST-405,CREDIT,5000.00,ACTIVE
ACC-4791,CUST-853,DEBIT,0.00,ACTIVE
ACC-4792,CUST-762,CREDIT,15000.00,ACTIVE
ACC-4793,CUST-658,CREDIT,5000.00,ACTIVE
ACC-4794,CUST-551,CREDIT,1000.00,ACTIVE
ACC-4795,CUST-657,CREDIT,2500.00,ACTIVE
ACC-4796,CUST-652,CREDIT,10000.00,ACTIVE
ACC-4797,CUST-126,DEBIT,0.00,ACTIVE
ACC-4798,CUST-489,DEBIT,0.00,ACTIVE
ACC-4799,CUST-165,DEBIT,0.00,ACTIVE
ACC-4800,CUST-572,DEBIT,0.00,ACTIVE
ACC-4801,CUST-654,CREDIT,15000.00,ACTIVE
ACC-4802,CUST-546,CREDIT,15000.00,ACTIVE
ACC-4803,CUST-957,CREDIT,25000.00,ACTIVE
ACC-4804,CUST-690,DEBIT,0.00,ACTIVE
ACC-4805,CUST-758,CREDIT,25000.00,ACTIVE
ACC-4806,CUST-508,CREDIT,25000.00,ACTIVE
ACC-4807,CUST-343,CREDIT,25000.00,ACTIVE
ACC-4808,CUST-130,CREDIT,25000.00,ACTIVE
ACC-4809,CUST-873,DEBIT,0.00,ACTIVE
ACC-4810,CUST-734,DEBIT,0.00,ACTIVE
ACC-4811,CUST-131,CREDIT,10000.00,ACTIVE
ACC-4812,CUST-654,DEBIT,0.00,ACTIVE
ACC-4813,CUST-483,CREDIT,25000.00,ACTIVE
ACC-4814,CUST-502,CREDIT,2500.00,ACTIVE
ACC-4815,CUST-461,CREDIT,10000.00,ACTIVE
ACC-4816,CUST-290,DEBIT,0.00,ACTIVE
ACC-4817,CUST-799,CREDIT,25000.00,ACTIVE
ACC-4818,CUST-908,CREDIT,15000.00,ACTIVE
ACC-4819,CUST-299,CREDIT,2500.00,ACTIVE
ACC-4820,CUST-448,CREDIT,15000.00,ACTIVE
ACC-4821,CUST-796,CREDIT,5000.00,ACTIVE
ACC-4822,CUST-879,DEBIT,0.00,ACTIVE
ACC-4823,CUST-451,CREDIT,10000.00,ACTIVE
ACC-4824,CUST-703,CREDIT,15000.00,ACTIVE
ACC-4825,CUST-642,CREDIT,25000.00,ACTIVE
ACC-4826,CUST-328,CREDIT,25000.00,ACTIVE
ACC-4827,CUST-208,DEBIT,0.00,ACTIVE
ACC-4828,CUST-126,CREDIT,10000.00,ACTIVE
ACC-4829,CUST-369,DEBIT,0.00,ACTIVE
ACC-4830,CUST-672,DEBIT,0.00,ACTIVE
ACC-4831,CUST-599,CREDIT,15000.00,ACTIVE
ACC-4832,CUST-367,DEBIT,0.00,ACTIVE
ACC-4833,CUST-738,CREDIT,2500.00,ACTIVE
ACC-4834,CUST-944,CREDIT,25000.00,ACTIVE
ACC-4835,CUST-713,CREDIT,1000.00,ACTIVE
ACC-4836,CUST-953,CREDIT,1000.00,ACTIVE
ACC-4837,CUST-375,DEBIT,0.00,ACTIVE
ACC-4838,CUST-472,DEBIT,0.00,ACTIVE
ACC-4839,CUST-400,CREDIT,5000.00,ACTIVE
ACC-4840,CUST-307,CREDIT,5000.00,ACTIVE
ACC-4841,CUST-734,CREDIT,25000.00,ACTIVE
ACC-4842,CUST-587,DEBIT,0.00,ACTIVE
ACC-4843,CUST-199,DEBIT,0.00,ACTIVE
ACC-4844,CUST-424,CREDIT,10000.00,ACTIVE
ACC-4845,CUST-966,CREDIT,15000.00,ACTIVE
ACC-4846,CUST-390,CREDIT,25000.00,ACTIVE
ACC-4847,CUST-136,DEBIT,0.00,ACTIVE
ACC-4848,CUST-492,DEBIT,0.00,ACTIVE
ACC-4849,CUST-636,CREDIT,1000.00,ACTIVE
ACC-4850,CUST-954,CREDIT,1000.00,ACTIVE
ACC-4851,CUST-469,CREDIT,10000.00,ACTIVE
ACC-4852,CUST-977,CREDIT,15000.00,ACTIVE
ACC-4853,CUST-240,DEBIT,0.00,ACTIVE
ACC-4854,CUST-928,DEBIT,0.00,ACTIVE
ACC-4855,CUST-432,DEBIT,0.00,ACTIVE
ACC-4856,CUST-525,DEBIT,0.00,ACTIVE
ACC-4857,CUST-552,DEBIT,0.00,ACTIVE
ACC-4858,CUST-823,CREDIT,2500.00,ACTIVE
ACC-4859,CUST-785,CREDIT,5000.00,BLOCKED
ACC-4860,CUST-702,CREDIT,25000.00,ACTIVE
ACC-4861,CUST-424,CREDIT,5000.00,ACTIVE
ACC-4862,CUST-394,DEBIT,0.00,ACTIVE
ACC-4863,CUST-729,CREDIT,2500.00,ACTIVE
ACC-4864,CUST-931,DEBIT,0.00,ACTIVE
ACC-4865,CUST-126,DEBIT,0.00,BLOCKED
ACC-4866,CUST-143,CREDIT,1000.00,ACTIVE
ACC-4867,CUST-335,CREDIT,5000.00,ACTIVE
ACC-4868,CUST-342,CREDIT,2500.00,ACTIVE
ACC-4869,CUST-989,CREDIT,1000.00,ACTIVE
ACC-4870,CUST-448,CREDIT,2500.00,ACTIVE
ACC-4871,CUST-748,CREDIT,15000.00,ACTIVE
ACC-4872,CUST-202,CREDIT,25000.00,ACTIVE
ACC-4873,CUST-637,CREDIT,5000.00,ACTIVE
ACC-4874,CUST-833,CREDIT,10000.00,ACTIVE
ACC-4875,CUST-806,CREDIT,10000.00,ACTIVE
ACC-4876,CUST-559,DEBIT,0.00,ACTIVE
ACC-4877,CUST-836,DEBIT,0.00,ACTIVE
ACC-4878,CUST-253,DEBIT,0.00,ACTIVE
ACC-4879,CUST-966,DEBIT,0.00,ACTIVE
ACC-4880,CUST-477,CREDIT,25000.00,ACTIVE
ACC-4881,CUST-924,CREDIT,1000.00,ACTIVE
ACC-4882,CUST-927,DEBIT,0.00,ACTIVE
ACC-4883,CUST-294,DEBIT,0.00,ACTIVE
ACC-4884,CUST-721,DEBIT,0.00,ACTIVE
ACC-4885,CUST-412,CREDIT,25000.00,ACTIVE
ACC-4886,CUST-108,CREDIT,1000.00,ACTIVE
ACC-4887,CUST-525,DEBIT,0.00,ACTIVE
ACC-4888,CUST-666,CREDIT,2500.00,ACTIVE
ACC-4889,CUST-885,CREDIT,1000.00,ACTIVE
ACC-4890,CUST-781,CREDIT,15000.00,ACTIVE
ACC-4891,CUST-591,CREDIT,2500.00,ACTIVE
ACC-4892,CUST-471,CREDIT,5000.00,ACTIVE
ACC-4893,CUST-488,CREDIT,5000.00,ACTIVE
ACC-4894,CUST-433,CREDIT,15000.00,ACTIVE
ACC-4895,CUST-894,CREDIT,1000.00,ACTIVE
ACC-4896,CUST-491,DEBIT,0.00,ACTIVE
ACC-4897,CUST-847,DEBIT,0.00,ACTIVE
ACC-4898,CUST-286,CREDIT,1000.00,ACTIVE
ACC-4899,CUST-760,DEBIT,0.00,ACTIVE
ACC-4900,CUST-320,CREDIT,1000.00,ACTIVE
ACC-4901,CUST-678,CREDIT,25000.00,ACTIVE
ACC-4902,CUST-957,DEBIT,0.00,ACTIVE
ACC-4903,CUST-276,DEBIT,0.00,ACTIVE
ACC-4904,CUST-319,CREDIT,15000.00,ACTIVE
ACC-4905,CUST-203,DEBIT,0.00,ACTIVE
ACC-4906,CUST-773,DEBIT,0.00,ACTIVE
ACC-4907,CUST-410,DEBIT,0.00,ACTIVE
ACC-4908,CUST-270,CREDIT,15000.00,ACTIVE
ACC-4909,CUST-350,CREDIT,5000.00,ACTIVE
ACC-4910,CUST-653,DEBIT,0.00,ACTIVE
ACC-4911,CUST-373,CREDIT,15000.00,ACTIVE
ACC-4912,CUST-574,CREDIT,10000.00,ACTIVE
ACC-4913,CUST-324,DEBIT,0.00,ACTIVE
ACC-4914,CUST-120,CREDIT,10000.00,ACTIVE
ACC-4915,CUST-691,CREDIT,5000.00,ACTIVE
ACC-4916,CUST-725,DEBIT,0.00,ACTIVE
ACC-4917,CUST-557,DEBIT,0.00,ACTIVE
ACC-4918,CUST-291,CREDIT,15000.00,ACTIVE
ACC-4919,CUST-156,CREDIT,10000.00,ACTIVE
ACC-4920,CUST-579,CREDIT,25000.00,ACTIVE
ACC-4921,CUST-836,DEBIT,0.00,ACTIVE
ACC-4922,CUST-937,CREDIT,10000.00,ACTIVE
ACC-4923,CUST-631,CREDIT,15000.00,ACTIVE
ACC-4924,CUST-791,CREDIT,2500.00,ACTIVE
ACC-4925,CUST-912,DEBIT,0.00,ACTIVE
ACC-4926,CUST-983,CREDIT,25000.00,ACTIVE
ACC-4927,CUST-145,CREDIT,2500.00,ACTIVE
ACC-4928,CUST-930,CREDIT,15000.00,ACTIVE
ACC-4929,CUST-631,DEBIT,0.00,ACTIVE
ACC-4930,CUST-800,CREDIT,15000.00,ACTIVE
ACC-4931,CUST-999,CREDIT,25000.00,ACTIVE
ACC-4932,CUST-342,CREDIT,15000.00,ACTIVE
ACC-4933,CUST-917,CREDIT,10000.00,ACTIVE
ACC-4934,CUST-933,DEBIT,0.00,ACTIVE
ACC-4935,CUST-384,DEBIT,0.00,ACTIVE
ACC-4936,CUST-497,DEBIT,0.00,ACTIVE
ACC-4937,CUST-687,CREDIT,15000.00,ACTIVE
ACC-4938,CUST-955,CREDIT,10000.00,ACTIVE
ACC-4939,CUST-992,DEBIT,0.00,ACTIVE
ACC-4940,CUST-988,DEBIT,0.00,ACTIVE
ACC-4941,CUST-271,CREDIT,2500.00,ACTIVE
ACC-4942,CUST-700,DEBIT,0.00,ACTIVE
ACC-4943,CUST-194,DEBIT,0.00,ACTIVE
ACC-4944,CUST-988,CREDIT,10000.00,ACTIVE
ACC-4945,CUST-726,DEBIT,0.00,ACTIVE
ACC-4946,CUST-690,DEBIT,0.00,ACTIVE
ACC-4947,CUST-803,CREDIT,10000.00,ACTIVE
ACC-4948,CUST-217,CREDIT,1000.00,ACTIVE
ACC-4949,CUST-849,CREDIT,1000.00,ACTIVE
ACC-4950,CUST-987,CREDIT,2500.00,ACTIVE
ACC-4951,CUST-571,DEBIT,0.00,ACTIVE
ACC-4952,CUST-217,CREDIT,25000.00,ACTIVE
ACC-4953,CUST-218,CREDIT,25000.00,ACTIVE
ACC-4954,CUST-285,CREDIT,10000.00,ACTIVE
ACC-4955,CUST-557,CREDIT,15000.00,ACTIVE
ACC-4956,CUST-641,CREDIT,5000.00,ACTIVE
ACC-4957,CUST-302,DEBIT,0.00,ACTIVE
ACC-4958,CUST-319,DEBIT,0.00,ACTIVE
ACC-4959,CUST-489,CREDIT,15000.00,ACTIVE
ACC-4960,CUST-283,CREDIT,15000.00,ACTIVE
ACC-4961,CUST-895,CREDIT,25000.00,ACTIVE
ACC-4962,CUST-388,CREDIT,2500.00,ACTIVE
ACC-4963,CUST-908,CREDIT,1000.00,ACTIVE
ACC-4964,CUST-243,CREDIT,10000.00,ACTIVE
ACC-4965,CUST-690,DEBIT,0.00,ACTIVE
ACC-4966,CUST-253,DEBIT,0.00,BLOCKED
ACC-4967,CUST-960,CREDIT,10000.00,ACTIVE
ACC-4968,CUST-967,DEBIT,0.00,ACTIVE
ACC-4969,CUST-959,CREDIT,5000.00,ACTIVE
ACC-4970,CUST-853,DEBIT,0.00,ACTIVE
ACC-4971,CUST-319,DEBIT,0.00,ACTIVE
ACC-4972,CUST-453,DEBIT,0.00,ACTIVE
ACC-4973,CUST-943,CREDIT,25000.00,ACTIVE
ACC-4974,CUST-564,CREDIT,1000.00,ACTIVE
ACC-4975,CUST-467,CREDIT,5000.00,ACTIVE
ACC-4976,CUST-414,CREDIT,15000.00,ACTIVE
ACC-4977,CUST-966,DEBIT,0.00,ACTIVE
ACC-4978,CUST-897,CREDIT,1000.00,ACTIVE
ACC-4979,CUST-155,CREDIT,2500.00,BLOCKED
ACC-4980,CUST-590,CREDIT,5000.00,ACTIVE
ACC-4981,CUST-270,CREDIT,10000.00,ACTIVE
ACC-4982,CUST-838,CREDIT,1000.00,ACTIVE
ACC-4983,CUST-982,DEBIT,0.00,ACTIVE
ACC-4984,CUST-229,CREDIT,10000.00,ACTIVE
ACC-4985,CUST-209,DEBIT,0.00,ACTIVE
ACC-4986,CUST-262,CREDIT,5000.00,ACTIVE
ACC-4987,CUST-757,DEBIT,0.00,ACTIVE
ACC-4988,CUST-392,CREDIT,25000.00,ACTIVE
ACC-4989,CUST-730,CREDIT,1000.00,ACTIVE
ACC-4990,CUST-677,CREDIT,10000.00,ACTIVE
ACC-4991,CUST-477,DEBIT,0.00,ACTIVE
ACC-4992,CUST-479,CREDIT,5000.00,ACTIVE
ACC-4993,CUST-456,CREDIT,25000.00,ACTIVE
ACC-4994,CUST-352,CREDIT,10000.00,ACTIVE
ACC-4995,CUST-929,CREDIT,1000.00,ACTIVE
ACC-4996,CUST-145,CREDIT,10000.00,ACTIVE
ACC-4997,CUST-626,CREDIT,1000.00,ACTIVE
ACC-4998,CUST-854,CREDIT,2500.00,ACTIVE
ACC-4999,CUST-202,DEBIT,0.00,ACTIVE
ACC-5000,CUST-192,CREDIT,5000.00,ACTIVE
ACC-5001,CUST-657,CREDIT,10000.00,ACTIVE
ACC-5002,CUST-786,CREDIT,1000.00,ACTIVE
ACC-5003,CUST-131,CREDIT,1000.00,ACTIVE
ACC-5004,CUST-450,DEBIT,0.00,ACTIVE
ACC-5005,CUST-300,DEBIT,0.00,ACTIVE
ACC-5006,CUST-352,CREDIT,10000.00,ACTIVE
ACC-5007,CUST-181,CREDIT,25000.00,ACTIVE
ACC-5008,CUST-394,DEBIT,0.00,ACTIVE
ACC-5009,CUST-603,CREDIT,15000.00,ACTIVE
ACC-5010,CUST-820,CREDIT,10000.00,ACTIVE
ACC-5011,CUST-286,CREDIT,1000.00,ACTIVE
ACC-5012,CUST-557,CREDIT,15000.00,ACTIVE
ACC-5013,CUST-608,CREDIT,10000.00,ACTIVE
ACC-5014,CUST-441,CREDIT,1000.00,ACTIVE
ACC-5015,CUST-895,CREDIT,25000.00,ACTIVE
ACC-5016,CUST-929,CREDIT,10000.00,ACTIVE
ACC-5017,CUST-360,DEBIT,0.00,ACTIVE
ACC-5018,CUST-547,DEBIT,0.00,ACTIVE
ACC-5019,CUST-699,DEBIT,0.00,ACTIVE
ACC-5020,CUST-816,CREDIT,2500.00,ACTIVE
ACC-5021,CUST-158,DEBIT,0.00,ACTIVE
ACC-5022,CUST-535,DEBIT,0.00,ACTIVE
ACC-5023,CUST-125,CREDIT,5000.00,ACTIVE
ACC-5024,CUST-151,DEBIT,0.00,ACTIVE
ACC-5025,CUST-227,CREDIT,10000.00,ACTIVE
ACC-5026,CUST-866,DEBIT,0.00,ACTIVE
ACC-5027,CUST-656,DEBIT,0.00,ACTIVE
ACC-5028,CUST-940,DEBIT,0.00,ACTIVE
ACC-5029,CUST-978,DEBIT,0.00,ACTIVE
ACC-5030,CUST-687,DEBIT,0.00,ACTIVE
ACC-5031,CUST-824,CREDIT,2500.00,ACTIVE
ACC-5032,CUST-725,CREDIT,2500.00,ACTIVE
ACC-5033,CUST-404,CREDIT,1000.00,ACTIVE
ACC-5034,CUST-504,CREDIT,15000.00,ACTIVE
ACC-5035,CUST-604,DEBIT,0.00,ACTIVE
ACC-5036,CUST-574,CREDIT,25000.00,ACTIVE
ACC-5037,CUST-524,CREDIT,25000.00,ACTIVE
ACC-5038,CUST-204,CREDIT,15000.00,ACTIVE
ACC-5039,CUST-252,CREDIT,10000.00,ACTIVE
ACC-5040,CUST-596,CREDIT,5000.00,ACTIVE
ACC-5041,CUST-950,CREDIT,5000.00,ACTIVE
ACC-5042,CUST-315,CREDIT,5000.00,ACTIVE
ACC-5043,CUST-785,DEBIT,0.00,ACTIVE
ACC-5044,CUST-216,CREDIT,5000.00,ACTIVE
ACC-5045,CUST-115,DEBIT,0.00,ACTIVE
ACC-5046,CUST-541,CREDIT,5000.00,ACTIVE
ACC-5047,CUST-242,DEBIT,0.00,ACTIVE
ACC-5048,CUST-571,CREDIT,10000.00,ACTIVE
ACC-5049,CUST-275,DEBIT,0.00,ACTIVE
ACC-5050,CUST-262,CREDIT,10000.00,ACTIVE
ACC-5051,CUST-745,DEBIT,0.00,ACTIVE
ACC-5052,CUST-197,DEBIT,0.00,ACTIVE
ACC-5053,CUST-658,DEBIT,0.00,ACTIVE
ACC-5054,CUST-340,DEBIT,0.00,ACTIVE
ACC-5055,CUST-685,CREDIT,25000.00,ACTIVE
ACC-5056,CUST-898,CREDIT,15000.00,ACTIVE
ACC-5057,CUST-185,CREDIT,2500.00,ACTIVE
ACC-5058,CUST-848,DEBIT,0.00,ACTIVE
ACC-5059,CUST-701,DEBIT,0.00,ACTIVE
ACC-5060,CUST-620,DEBIT,0.00,ACTIVE
ACC-5061,CUST-508,CREDIT,1000.00,BLOCKED
ACC-5062,CUST-241,DEBIT,0.00,ACTIVE
ACC-5063,CUST-464,CREDIT,1000.00,ACTIVE
ACC-5064,CUST-684,CREDIT,25000.00,ACTIVE
ACC-5065,CUST-482,DEBIT,0.00,BLOCKED
ACC-5066,CUST-163,CREDIT,1000.00,ACTIVE
ACC-5067,CUST-147,DEBIT,0.00,ACTIVE
ACC-5068,CUST-195,CREDIT,5000.00,ACTIVE
ACC-5069,CUST-293,DEBIT,0.00,ACTIVE
ACC-5070,CUST-512,CREDIT,1000.00,ACTIVE
ACC-5071,CUST-261,CREDIT,25000.00,ACTIVE
ACC-5072,CUST-704,CREDIT,10000.00,ACTIVE
ACC-5073,CUST-533,CREDIT,2500.00,ACTIVE
ACC-5074,CUST-843,CREDIT,15000.00,ACTIVE
ACC-5075,CUST-786,DEBIT,0.00,ACTIVE
ACC-5076,CUST-750,DEBIT,0.00,ACTIVE
ACC-5077,CUST-334,CREDIT,1000.00,ACTIVE
ACC-5078,CUST-909,DEBIT,0.00,ACTIVE
ACC-5079,CUST-463,CREDIT,15000.00,ACTIVE
ACC-5080,CUST-757,CREDIT,10000.00,ACTIVE
ACC-5081,CUST-927,CREDIT,10000.00,ACTIVE
ACC-5082,CUST-441,DEBIT,0.00,ACTIVE
ACC-5083,CUST-897,DEBIT,0.00,ACTIVE
ACC-5084,CUST-979,DEBIT,0.00,ACTIVE
ACC-5085,CUST-507,DEBIT,0.00,ACTIVE
ACC-5086,CUST-719,CREDIT,25000.00,ACTIVE
ACC-5087,CUST-389,DEBIT,0.00,ACTIVE
ACC-5088,CUST-659,DEBIT,0.00,ACTIVE
ACC-5089,CUST-539,CREDIT,5000.00,ACTIVE
ACC-5090,CUST-255,CREDIT,10000.00,ACTIVE
ACC-5091,CUST-446,CREDIT,1000.00,ACTIVE
ACC-5092,CUST-464,CREDIT,2500.00,ACTIVE
ACC-5093,CUST-516,CREDIT,2500.00,ACTIVE
ACC-5094,CUST-614,CREDIT,15000.00,ACTIVE
ACC-5095,CUST-897,DEBIT,0.00,ACTIVE
ACC-5096,CUST-813,CREDIT,15000.00,ACTIVE
ACC-5097,CUST-546,CREDIT,15000.00,ACTIVE
ACC-5098,CUST-254,CREDIT,5000.00,ACTIVE
ACC-5099,CUST-555,DEBIT,0.00,ACTIVE
ACC-5100,CUST-738,CREDIT,1000.00,ACTIVE
ACC-5101,CUST-175,DEBIT,0.00,ACTIVE
ACC-5102,CUST-874,CREDIT,1000.00,ACTIVE
ACC-5103,CUST-777,DEBIT,0.00,ACTIVE
ACC-5104,CUST-934,DEBIT,0.00,ACTIVE
ACC-5105,CUST-210,CREDIT,2500.00,ACTIVE
ACC-5106,CUST-100,CREDIT,10000.00,ACTIVE
ACC-5107,CUST-360,CREDIT,2500.00,ACTIVE
ACC-5108,CUST-440,CREDIT,15000.00,ACTIVE
ACC-5109,CUST-269,DEBIT,0.00,ACTIVE
ACC-5110,CUST-607,CREDIT,5000.00,ACTIVE
ACC-5111,CUST-539,CREDIT,1000.00,ACTIVE
ACC-5112,CUST-813,CREDIT,1000.00,ACTIVE
ACC-5113,CUST-526,CREDIT,1000.00,ACTIVE
ACC-5114,CUST-858,CREDIT,1000.00,ACTIVE
ACC-5115,CUST-628,CREDIT,25000.00,ACTIVE
ACC-5116,CUST-686,CREDIT,5000.00,ACTIVE
ACC-5117,CUST-659,DEBIT,0.00,ACTIVE
ACC-5118,CUST-510,CREDIT,25000.00,ACTIVE
ACC-5119,CUST-378,CREDIT,15000.00,ACTIVE
ACC-5120,CUST-968,CREDIT,5000.00,ACTIVE
ACC-5121,CUST-959,DEBIT,0.00,ACTIVE
ACC-5122,CUST-741,CREDIT,2500.00,ACTIVE
ACC-5123,CUST-731,CREDIT,5000.00,ACTIVE
ACC-5124,CUST-354,DEBIT,0.00,ACTIVE
ACC-5125,CUST-813,DEBIT,0.00,ACTIVE
ACC-5126,CUST-618,CREDIT,10000.00,ACTIVE
ACC-5127,CUST-987,CREDIT,5000.00,ACTIVE
ACC-5128,CUST-421,CREDIT,5000.00,ACTIVE
ACC-5129,CUST-227,DEBIT,0.00,ACTIVE
ACC-5130,CUST-284,CREDIT,25000.00,ACTIVE
ACC-5131,CUST-469,CREDIT,25000.00,ACTIVE
ACC-5132,CUST-145,CREDIT,10000.00,ACTIVE
ACC-5133,CUST-532,CREDIT,1000.00,ACTIVE
ACC-5134,CUST-952,DEBIT,0.00,ACTIVE
ACC-5135,CUST-312,CREDIT,15000.00,ACTIVE
ACC-5136,CUST-826,CREDIT,2500.00,ACTIVE
ACC-5137,CUST-366,CREDIT,1000.00,ACTIVE
ACC-5138,CUST-597,CREDIT,15000.00,ACTIVE
ACC-5139,CUST-766,CREDIT,1000.00,ACTIVE
ACC-5140,CUST-694,CREDIT,2500.00,ACTIVE
ACC-5141,CUST-485,CREDIT,1000.00,ACTIVE
ACC-5142,CUST-380,DEBIT,0.00,ACTIVE
ACC-5143,CUST-670,DEBIT,0.00,ACTIVE
ACC-5144,CUST-151,CREDIT,10000.00,ACTIVE
ACC-5145,CUST-114,CREDIT,10000.00,ACTIVE
ACC-5146,CUST-422,DEBIT,0.00,ACTIVE
ACC-5147,CUST-553,CREDIT,5000.00,ACTIVE
ACC-5148,CUST-901,CREDIT,1000.00,ACTIVE
ACC-5149,CUST-326,DEBIT,0.00,ACTIVE
ACC-5150,CUST-129,CREDIT,15000.00,ACTIVE
ACC-5151,CUST-478,CREDIT,2500.00,ACTIVE
ACC-5152,CUST-902,CREDIT,10000.00,ACTIVE
ACC-5153,CUST-528,CREDIT,25000.00,ACTIVE
ACC-5154,CUST-506,CREDIT,5000.00,ACTIVE
ACC-5155,CUST-334,CREDIT,15000.00,ACTIVE
ACC-5156,CUST-791,DEBIT,0.00,ACTIVE
ACC-5157,CUST-255,CREDIT,2500.00,ACTIVE
ACC-5158,CUST-589,CREDIT,10000.00,ACTIVE
ACC-5159,CUST-510,DEBIT,0.00,ACTIVE
ACC-5160,CUST-499,CREDIT,5000.00,ACTIVE
ACC-5161,CUST-826,CREDIT,1000.00,ACTIVE
ACC-5162,CUST-972,DEBIT,0.00,ACTIVE
ACC-5163,CUST-629,CREDIT,5000.00,ACTIVE
ACC-5164,CUST-649,CREDIT,1000.00,ACTIVE
ACC-5165,CUST-505,CREDIT,10000.00,ACTIVE
ACC-5166,CUST-230,CREDIT,10000.00,BLOCKED
ACC-5167,CUST-709,CREDIT,1000.00,ACTIVE
ACC-5168,CUST-904,DEBIT,0.00,ACTIVE
ACC-5169,CUST-379,DEBIT,0.00,ACTIVE
ACC-5170,CUST-369,CREDIT,25000.00,ACTIVE
ACC-5171,CUST-535,DEBIT,0.00,ACTIVE
ACC-5172,CUST-268,CREDIT,25000.00,ACTIVE
ACC-5173,CUST-853,CREDIT,15000.00,ACTIVE
ACC-5174,CUST-333,DEBIT,0.00,ACTIVE
ACC-5175,CUST-495,CREDIT,25000.00,ACTIVE
ACC-5176,CUST-572,DEBIT,0.00,ACTIVE
ACC-5177,CUST-371,CREDIT,25000.00,ACTIVE
ACC-5178,CUST-230,DEBIT,0.00,ACTIVE
ACC-5179,CUST-338,CREDIT,15000.00,ACTIVE
ACC-5180,CUST-870,CREDIT,5000.00,ACTIVE
ACC-5181,CUST-132,DEBIT,0.00,ACTIVE
ACC-5182,CUST-412,DEBIT,0.00,ACTIVE
ACC-5183,CUST-578,DEBIT,0.00,ACTIVE
ACC-5184,CUST-965,CREDIT,2500.00,ACTIVE
ACC-5185,CUST-298,DEBIT,0.00,ACTIVE
ACC-5186,CUST-392,CREDIT,25000.00,BLOCKED
ACC-5187,CUST-854,DEBIT,0.00,ACTIVE
ACC-5188,CUST-735,DEBIT,0.00,ACTIVE
ACC-5189,CUST-561,DEBIT,0.00,BLOCKED
ACC-5190,CUST-348,CREDIT,10000.00,ACTIVE
ACC-5191,CUST-794,DEBIT,0.00,ACTIVE
ACC-5192,CUST-131,DEBIT,0.00,ACTIVE
ACC-5193,CUST-801,CREDIT,15000.00,ACTIVE
ACC-5194,CUST-462,CREDIT,1000.00,ACTIVE
ACC-5195,CUST-162,DEBIT,0.00,ACTIVE
ACC-5196,CUST-902,DEBIT,0.00,ACTIVE
ACC-5197,CUST-361,CREDIT,2500.00,ACTIVE
ACC-5198,CUST-495,CREDIT,25000.00,ACTIVE
ACC-5199,CUST-658,CREDIT,2500.00,ACTIVE
ACC-5200,CUST-334,CREDIT,2500.00,ACTIVE
ACC-5201,CUST-112,CREDIT,2500.00,ACTIVE
ACC-5202,CUST-858,CREDIT,25000.00,ACTIVE
ACC-5203,CUST-505,CREDIT,1000.00,ACTIVE
ACC-5204,CUST-168,CREDIT,15000.00,ACTIVE
ACC-5205,CUST-276,DEBIT,0.00,ACTIVE
ACC-5206,CUST-468,CREDIT,5000.00,ACTIVE
ACC-5207,CUST-644,CREDIT,10000.00,ACTIVE
ACC-5208,CUST-804,CREDIT,15000.00,ACTIVE
ACC-5209,CUST-561,CREDIT,15000.00,ACTIVE
ACC-5210,CUST-115,DEBIT,0.00,ACTIVE
ACC-5211,CUST-919,CREDIT,25000.00,ACTIVE
ACC-5212,CUST-759,DEBIT,0.00,ACTIVE
ACC-5213,CUST-614,CREDIT,2500.00,ACTIVE
ACC-5214,CUST-852,CREDIT,5000.00,ACTIVE
ACC-5215,CUST-535,CREDIT,15000.00,ACTIVE
ACC-5216,CUST-895,DEBIT,0.00,ACTIVE
ACC-5217,CUST-413,CREDIT,25000.00,ACTIVE
ACC-5218,CUST-692,DEBIT,0.00,ACTIVE
ACC-5219,CUST-207,DEBIT,0.00,ACTIVE
ACC-5220,CUST-359,CREDIT,10000.00,ACTIVE
ACC-5221,CUST-982,CREDIT,1000.00,ACTIVE
ACC-5222,CUST-865,DEBIT,0.00,ACTIVE
ACC-5223,CUST-279,DEBIT,0.00,ACTIVE
ACC-5224,CUST-764,CREDIT,2500.00,ACTIVE
ACC-5225,CUST-341,CREDIT,10000.00,ACTIVE
ACC-5226,CUST-215,CREDIT,1000.00,ACTIVE
ACC-5227,CUST-611,DEBIT,0.00,ACTIVE
ACC-5228,CUST-680,CREDIT,2500.00,ACTIVE
ACC-5229,CUST-627,CREDIT,2500.00,ACTIVE
ACC-5230,CUST-670,DEBIT,0.00,ACTIVE
ACC-5231,CUST-224,DEBIT,0.00,ACTIVE
ACC-5232,CUST-335,CREDIT,1000.00,ACTIVE
ACC-5233,CUST-808,CREDIT,1000.00,ACTIVE
ACC-5234,CUST-217,CREDIT,10000.00,ACTIVE
ACC-5235,CUST-746,CREDIT,1000.00,ACTIVE
ACC-5236,CUST-792,CREDIT,15000.00,ACTIVE
ACC-5237,CUST-660,CREDIT,10000.00,ACTIVE
ACC-5238,CUST-492,CREDIT,5000.00,ACTIVE
ACC-5239,CUST-841,DEBIT,0.00,ACTIVE
ACC-5240,CUST-426,CREDIT,15000.00,ACTIVE
ACC-5241,CUST-703,CREDIT,25000.00,ACTIVE
ACC-5242,CUST-382,CREDIT,1000.00,ACTIVE
ACC-5243,CUST-299,CREDIT,15000.00,ACTIVE
ACC-5244,CUST-702,CREDIT,10000.00,ACTIVE
ACC-5245,CUST-135,CREDIT,25000.00,ACTIVE
ACC-5246,CUST-117,CREDIT,25000.00,ACTIVE
ACC-5247,CUST-103,CREDIT,10000.00,ACTIVE
ACC-5248,CUST-860,CREDIT,5000.00,ACTIVE
ACC-5249,CUST-439,CREDIT,10000.00,ACTIVE
ACC-5250,CUST-543,CREDIT,25000.00,ACTIVE
ACC-5251,CUST-532,DEBIT,0.00,ACTIVE
ACC-5252,CUST-762,CREDIT,1000.00,ACTIVE
ACC-5253,CUST-188,CREDIT,5000.00,ACTIVE
ACC-5254,CUST-330,DEBIT,0.00,ACTIVE
ACC-5255,CUST-557,DEBIT,0.00,ACTIVE
ACC-5256,CUST-937,CREDIT,1000.00,ACTIVE
ACC-5257,CUST-890,DEBIT,0.00,ACTIVE
ACC-5258,CUST-115,CREDIT,1000.00,ACTIVE
ACC-5259,CUST-540,CREDIT,15000.00,ACTIVE
ACC-5260,CUST-244,CREDIT,2500.00,ACTIVE
ACC-5261,CUST-736,CREDIT,25000.00,ACTIVE
ACC-5262,CUST-903,CREDIT,10000.00,ACTIVE
ACC-5263,CUST-671,CREDIT,2500.00,ACTIVE
ACC-5264,CUST-583,CREDIT,25000.00,ACTIVE
ACC-5265,CUST-596,CREDIT,25000.00,ACTIVE
ACC-5266,CUST-131,DEBIT,0.00,ACTIVE
ACC-5267,CUST-471,CREDIT,15000.00,ACTIVE
ACC-5268,CUST-486,CREDIT,1000.00,ACTIVE
ACC-5269,CUST-122,CREDIT,15000.00,ACTIVE
ACC-5270,CUST-818,DEBIT,0.00,ACTIVE
ACC-5271,CUST-969,DEBIT,0.00,ACTIVE
ACC-5272,CUST-672,DEBIT,0.00,ACTIVE
ACC-5273,CUST-115,DEBIT,0.00,ACTIVE
ACC-5274,CUST-105,CREDIT,1000.00,ACTIVE
ACC-5275,CUST-685,DEBIT,0.00,BLOCKED
ACC-5276,CUST-902,CREDIT,2500.00,ACTIVE
ACC-5277,CUST-220,CREDIT,5000.00,ACTIVE
ACC-5278,CUST-192,CREDIT,10000.00,ACTIVE
ACC-5279,CUST-403,DEBIT,0.00,ACTIVE
ACC-5280,CUST-198,CREDIT,2500.00,ACTIVE
ACC-5281,CUST-387,CREDIT,25000.00,ACTIVE
ACC-5282,CUST-241,CREDIT,25000.00,ACTIVE
ACC-5283,CUST-717,CREDIT,2500.00,ACTIVE
ACC-5284,CUST-701,DEBIT,0.00,ACTIVE
ACC-5285,CUST-370,CREDIT,1000.00,ACTIVE
ACC-5286,CUST-235,DEBIT,0.00,ACTIVE
ACC-5287,CUST-400,CREDIT,15000.00,ACTIVE
ACC-5288,CUST-898,CREDIT,1000.00,ACTIVE
ACC-5289,CUST-244,CREDIT,1000.00,ACTIVE
ACC-5290,CUST-100,CREDIT,5000.00,ACTIVE
ACC-5291,CUST-851,DEBIT,0.00,ACTIVE
ACC-5292,CUST-821,CREDIT,25000.00,ACTIVE
ACC-5293,CUST-154,DEBIT,0.00,ACTIVE
ACC-5294,CUST-385,CREDIT,2500.00,ACTIVE
ACC-5295,CUST-281,DEBIT,0.00,ACTIVE
ACC-5296,CUST-838,CREDIT,15000.00,ACTIVE
ACC-5297,CUST-159,DEBIT,0.00,ACTIVE
ACC-5298,CUST-936,CREDIT,15000.00,ACTIVE
ACC-5299,CUST-834,CREDIT,2500.00,ACTIVE
ACC-5300,CUST-529,CREDIT,1000.00,ACTIVE
ACC-5301,CUST-913,CREDIT,15000.00,ACTIVE
ACC-5302,CUST-167,DEBIT,0.00,ACTIVE
ACC-5303,CUST-756,CREDIT,5000.00,ACTIVE
ACC-5304,CUST-193,DEBIT,0.00,ACTIVE
ACC-5305,CUST-725,CREDIT,5000.00,BLOCKED
ACC-5306,CUST-211,CREDIT,10000.00,ACTIVE
ACC-5307,CUST-422,DEBIT,0.00,ACTIVE
ACC-5308,CUST-144,CREDIT,1000.00,ACTIVE
ACC-5309,CUST-936,DEBIT,0.00,ACTIVE
ACC-5310,CUST-940,DEBIT,0.00,ACTIVE
ACC-5311,CUST-573,CREDIT,2500.00,ACTIVE
ACC-5312,CUST-796,CREDIT,10000.00,ACTIVE
ACC-5313,CUST-817,CREDIT,10000.00,ACTIVE
ACC-5314,CUST-998,DEBIT,0.00,ACTIVE
ACC-5315,CUST-435,CREDIT,5000.00,ACTIVE
ACC-5316,CUST-761,DEBIT,0.00,ACTIVE
ACC-5317,CUST-523,CREDIT,15000.00,ACTIVE
ACC-5318,CUST-978,CREDIT,15000.00,ACTIVE
ACC-5319,CUST-385,CREDIT,2500.00,ACTIVE
ACC-5320,CUST-523,DEBIT,0.00,ACTIVE
ACC-5321,CUST-739,DEBIT,0.00,ACTIVE
ACC-5322,CUST-244,DEBIT,0.00,ACTIVE
ACC-5323,CUST-418,DEBIT,0.00,ACTIVE
ACC-5324,CUST-889,DEBIT,0.00,ACTIVE
ACC-5325,CUST-364,DEBIT,0.00,ACTIVE
ACC-5326,CUST-674,CREDIT,2500.00,ACTIVE
ACC-5327,CUST-801,DEBIT,0.00,ACTIVE
ACC-5328,CUST-318,CREDIT,10000.00,ACTIVE
ACC-5329,CUST-845,DEBIT,0.00,ACTIVE
ACC-5330,CUST-943,CREDIT,5000.00,ACTIVE
ACC-5331,CUST-161,CREDIT,2500.00,ACTIVE
ACC-5332,CUST-545,CREDIT,5000.00,BLOCKED
ACC-5333,CUST-702,CREDIT,10000.00,ACTIVE
ACC-5334,CUST-406,CREDIT,25000.00,BLOCKED
ACC-5335,CUST-660,DEBIT,0.00,ACTIVE
ACC-5336,CUST-333,CREDIT,2500.00,ACTIVE
ACC-5337,CUST-405,CREDIT,25000.00,ACTIVE
ACC-5338,CUST-438,CREDIT,2500.00,ACTIVE
ACC-5339,CUST-383,CREDIT,10000.00,ACTIVE
ACC-5340,CUST-559,DEBIT,0.00,ACTIVE
ACC-5341,CUST-506,CREDIT,5000.00,ACTIVE
ACC-5342,CUST-944,CREDIT,15000.00,ACTIVE
ACC-5343,CUST-441,CREDIT,1000.00,ACTIVE
ACC-5344,CUST-143,DEBIT,0.00,ACTIVE
ACC-5345,CUST-128,CREDIT,25000.00,ACTIVE
ACC-5346,CUST-339,DEBIT,0.00,ACTIVE
ACC-5347,CUST-573,CREDIT,1000.00,BLOCKED
ACC-5348,CUST-197,DEBIT,0.00,ACTIVE
ACC-5349,CUST-436,CREDIT,25000.00,ACTIVE
ACC-5350,CUST-555,DEBIT,0.00,ACTIVE
ACC-5351,CUST-819,DEBIT,0.00,ACTIVE
ACC-5352,CUST-834,CREDIT,25000.00,ACTIVE
ACC-5353,CUST-374,CREDIT,2500.00,ACTIVE
ACC-5354,CUST-281,DEBIT,0.00,ACTIVE
ACC-5355,CUST-782,DEBIT,0.00,ACTIVE
ACC-5356,CUST-903,CREDIT,10000.00,ACTIVE
ACC-5357,CUST-992,DEBIT,0.00,ACTIVE
ACC-5358,CUST-980,DEBIT,0.00,ACTIVE
ACC-5359,CUST-180,CREDIT,25000.00,ACTIVE
ACC-5360,CUST-836,CREDIT,5000.00,ACTIVE
ACC-5361,CUST-455,DEBIT,0.00,ACTIVE
ACC-5362,CUST-802,DEBIT,0.00,ACTIVE
ACC-5363,CUST-732,CREDIT,10000.00,ACTIVE
ACC-5364,CUST-954,CREDIT,10000.00,ACTIVE
ACC-5365,CUST-964,CREDIT,10000.00,ACTIVE
ACC-5366,CUST-462,CREDIT,15000.00,ACTIVE
ACC-5367,CUST-474,DEBIT,0.00,ACTIVE
ACC-5368,CUST-949,CREDIT,2500.00,ACTIVE
ACC-5369,CUST-394,CREDIT,1000.00,BLOCKED
ACC-5370,CUST-411,DEBIT,0.00,ACTIVE
ACC-5371,CUST-806,DEBIT,0.00,ACTIVE
ACC-5372,CUST-384,DEBIT,0.00,ACTIVE
ACC-5373,CUST-538,CREDIT,1000.00,ACTIVE
ACC-5374,CUST-878,CREDIT,15000.00,ACTIVE
ACC-5375,CUST-741,CREDIT,1000.00,ACTIVE
ACC-5376,CUST-769,CREDIT,1000.00,ACTIVE
ACC-5377,CUST-278,CREDIT,15000.00,ACTIVE
ACC-5378,CUST-878,DEBIT,0.00,ACTIVE
ACC-5379,CUST-802,DEBIT,0.00,ACTIVE
ACC-5380,CUST-497,CREDIT,2500.00,ACTIVE
ACC-5381,CUST-598,CREDIT,1000.00,ACTIVE
ACC-5382,CUST-119,CREDIT,15000.00,ACTIVE
ACC-5383,CUST-944,CREDIT,10000.00,ACTIVE
ACC-5384,CUST-834,CREDIT,1000.00,ACTIVE
ACC-5385,CUST-812,CREDIT,5000.00,ACTIVE
ACC-5386,CUST-612,DEBIT,0.00,BLOCKED
ACC-5387,CUST-323,CREDIT,25000.00,ACTIVE
ACC-5388,CUST-395,DEBIT,0.00,ACTIVE
ACC-5389,CUST-483,CREDIT,25000.00,ACTIVE
ACC-5390,CUST-502,DEBIT,0.00,ACTIVE
ACC-5391,CUST-966,CREDIT,10000.00,ACTIVE
ACC-5392,CUST-264,CREDIT,5000.00,ACTIVE
ACC-5393,CUST-317,CREDIT,1000.00,ACTIVE
ACC-5394,CUST-233,DEBIT,0.00,ACTIVE
ACC-5395,CUST-208,DEBIT,0.00,ACTIVE
ACC-5396,CUST-162,CREDIT,5000.00,ACTIVE
ACC-5397,CUST-819,CREDIT,25000.00,ACTIVE
ACC-5398,CUST-326,DEBIT,0.00,ACTIVE
ACC-5399,CUST-854,CREDIT,1000.00,ACTIVE
ACC-5400,CUST-758,DEBIT,0.00,ACTIVE
ACC-5401,CUST-793,DEBIT,0.00,ACTIVE
ACC-5402,CUST-882,CREDIT,2500.00,ACTIVE
ACC-5403,CUST-523,DEBIT,0.00,ACTIVE
ACC-5404,CUST-219,CREDIT,2500.00,ACTIVE
ACC-5405,CUST-913,CREDIT,10000.00,ACTIVE
ACC-5406,CUST-794,CREDIT,1000.00,ACTIVE
ACC-5407,CUST-997,CREDIT,10000.00,ACTIVE
ACC-5408,CUST-656,DEBIT,0.00,ACTIVE
ACC-5409,CUST-189,CREDIT,15000.00,ACTIVE
ACC-5410,CUST-533,CREDIT,25000.00,ACTIVE
ACC-5411,CUST-963,CREDIT,10000.00,ACTIVE
ACC-5412,CUST-283,CREDIT,25000.00,ACTIVE
ACC-5413,CUST-244,DEBIT,0.00,ACTIVE
ACC-5414,CUST-179,CREDIT,5000.00,ACTIVE
ACC-5415,CUST-811,CREDIT,10000.00,ACTIVE
ACC-5416,CUST-217,CREDIT,1000.00,ACTIVE
ACC-5417,CUST-331,CREDIT,5000.00,ACTIVE
ACC-5418,CUST-285,DEBIT,0.00,ACTIVE
ACC-5419,CUST-201,CREDIT,25000.00,ACTIVE
ACC-5420,CUST-275,CREDIT,15000.00,ACTIVE
ACC-5421,CUST-634,CREDIT,15000.00,ACTIVE
ACC-5422,CUST-802,CREDIT,10000.00,ACTIVE
ACC-5423,CUST-891,CREDIT,1000.00,ACTIVE
ACC-5424,CUST-480,CREDIT,10000.00,ACTIVE
ACC-5425,CUST-702,CREDIT,15000.00,ACTIVE
ACC-5426,CUST-574,DEBIT,0.00,ACTIVE
ACC-5427,CUST-820,DEBIT,0.00,ACTIVE
ACC-5428,CUST-629,DEBIT,0.00,ACTIVE
ACC-5429,CUST-891,CREDIT,1000.00,ACTIVE
ACC-5430,CUST-883,CREDIT,2500.00,ACTIVE
ACC-5431,CUST-321,DEBIT,0.00,ACTIVE
ACC-5432,CUST-258,CREDIT,10000.00,ACTIVE
ACC-5433,CUST-276,CREDIT,15000.00,ACTIVE
ACC-5434,CUST-418,DEBIT,0.00,ACTIVE
ACC-5435,CUST-626,DEBIT,0.00,ACTIVE
ACC-5436,CUST-266,CREDIT,25000.00,ACTIVE
ACC-5437,CUST-729,CREDIT,2500.00,ACTIVE
ACC-5438,CUST-958,CREDIT,2500.00,ACTIVE
ACC-5439,CUST-259,DEBIT,0.00,ACTIVE
ACC-5440,CUST-598,CREDIT,1000.00,ACTIVE
ACC-5441,CUST-848,DEBIT,0.00,ACTIVE
ACC-5442,CUST-865,CREDIT,25000.00,ACTIVE
ACC-5443,CUST-468,CREDIT,10000.00,BLOCKED
ACC-5444,CUST-110,CREDIT,25000.00,ACTIVE
ACC-5445,CUST-852,DEBIT,0.00,ACTIVE
ACC-5446,CUST-151,CREDIT,1000.00,ACTIVE
ACC-5447,CUST-324,CREDIT,25000.00,ACTIVE
ACC-5448,CUST-549,DEBIT,0.00,ACTIVE
ACC-5449,CUST-205,CREDIT,2500.00,ACTIVE
ACC-5450,CUST-895,CREDIT,25000.00,ACTIVE
ACC-5451,CUST-527,DEBIT,0.00,ACTIVE
ACC-5452,CUST-505,CREDIT,1000.00,ACTIVE
ACC-5453,CUST-158,CREDIT,25000.00,BLOCKED
ACC-5454,CUST-948,CREDIT,15000.00,ACTIVE
ACC-5455,CUST-698,CREDIT,10000.00,ACTIVE
ACC-5456,CUST-886,CREDIT,15000.00,ACTIVE
ACC-5457,CUST-712,CREDIT,1000.00,ACTIVE
ACC-5458,CUST-802,CREDIT,25000.00,ACTIVE
ACC-5459,CUST-405,DEBIT,0.00,ACTIVE
ACC-5460,CUST-262,CREDIT,15000.00,ACTIVE
ACC-5461,CUST-904,CREDIT,15000.00,ACTIVE
ACC-5462,CUST-859,CREDIT,2500.00,ACTIVE
ACC-5463,CUST-496,CREDIT,5000.00,ACTIVE
ACC-5464,CUST-920,CREDIT,2500.00,ACTIVE
ACC-5465,CUST-529,DEBIT,0.00,ACTIVE
ACC-5466,CUST-515,CREDIT,15000.00,ACTIVE
ACC-5467,CUST-527,CREDIT,5000.00,ACTIVE
ACC-5468,CUST-571,DEBIT,0.00,ACTIVE
ACC-5469,CUST-141,DEBIT,0.00,ACTIVE
ACC-5470,CUST-256,CREDIT,25000.00,ACTIVE
ACC-5471,CUST-470,CREDIT,15000.00,ACTIVE
ACC-5472,CUST-897,CREDIT,5000.00,ACTIVE
ACC-5473,CUST-771,DEBIT,0.00,ACTIVE
ACC-5474,CUST-301,CREDIT,10000.00,ACTIVE
ACC-5475,CUST-293,DEBIT,0.00,ACTIVE
ACC-5476,CUST-452,DEBIT,0.00,ACTIVE
ACC-5477,CUST-271,CREDIT,25000.00,ACTIVE
ACC-5478,CUST-494,CREDIT,2500.00,ACTIVE
ACC-5479,CUST-250,CREDIT,1000.00,ACTIVE
ACC-5480,CUST-948,CREDIT,10000.00,ACTIVE
ACC-5481,CUST-668,DEBIT,0.00,ACTIVE
ACC-5482,CUST-254,DEBIT,0.00,ACTIVE
ACC-5483,CUST-751,CREDIT,15000.00,ACTIVE
ACC-5484,CUST-852,DEBIT,0.00,ACTIVE
ACC-5485,CUST-732,CREDIT,15000.00,ACTIVE
ACC-5486,CUST-251,CREDIT,15000.00,ACTIVE
ACC-5487,CUST-940,CREDIT,25000.00,ACTIVE
ACC-5488,CUST-684,DEBIT,0.00,ACTIVE
ACC-5489,CUST-305,DEBIT,0.00,ACTIVE
ACC-5490,CUST-837,CREDIT,2500.00,ACTIVE
ACC-5491,CUST-571,DEBIT,0.00,BLOCKED
ACC-5492,CUST-474,DEBIT,0.00,ACTIVE
ACC-5493,CUST-341,DEBIT,0.00,ACTIVE
ACC-5494,CUST-934,CREDIT,5000.00,ACTIVE
ACC-5495,CUST-180,CREDIT,25000.00,ACTIVE
ACC-5496,CUST-784,DEBIT,0.00,ACTIVE
ACC-5497,CUST-836,CREDIT,10000.00,ACTIVE
ACC-5498,CUST-499,CREDIT,10000.00,ACTIVE
ACC-5499,CUST-375,DEBIT,0.00,ACTIVE
ACC-5500,CUST-829,CREDIT,10000.00,ACTIVE
ACC-5501,CUST-374,DEBIT,0.00,ACTIVE
ACC-5502,CUST-750,DEBIT,0.00,ACTIVE
ACC-5503,CUST-345,CREDIT,2500.00,ACTIVE
ACC-5504,CUST-977,CREDIT,15000.00,ACTIVE
ACC-5505,CUST-708,CREDIT,10000.00,ACTIVE
ACC-5506,CUST-926,DEBIT,0.00,ACTIVE
ACC-5507,CUST-229,CREDIT,2500.00,ACTIVE
ACC-5508,CUST-122,CREDIT,5000.00,ACTIVE
ACC-5509,CUST-958,CREDIT,1000.00,ACTIVE
ACC-5510,CUST-413,DEBIT,0.00,ACTIVE
ACC-5511,CUST-508,CREDIT,5000.00,ACTIVE
ACC-5512,CUST-480,CREDIT,5000.00,ACTIVE
ACC-5513,CUST-557,CREDIT,10000.00,ACTIVE
ACC-5514,CUST-990,CREDIT,2500.00,ACTIVE
ACC-5515,CUST-476,DEBIT,0.00,ACTIVE
ACC-5516,CUST-221,DEBIT,0.00,ACTIVE
ACC-5517,CUST-933,CREDIT,10000.00,ACTIVE
ACC-5518,CUST-766,CREDIT,25000.00,ACTIVE
ACC-5519,CUST-261,CREDIT,2500.00,ACTIVE
ACC-5520,CUST-408,DEBIT,0.00,ACTIVE
ACC-5521,CUST-318,DEBIT,0.00,ACTIVE
ACC-5522,CUST-680,DEBIT,0.00,ACTIVE
ACC-5523,CUST-331,CREDIT,25000.00,ACTIVE
ACC-5524,CUST-130,CREDIT,25000.00,ACTIVE
ACC-5525,CUST-607,CREDIT,25000.00,ACTIVE
ACC-5526,CUST-271,DEBIT,0.00,ACTIVE
ACC-5527,CUST-847,CREDIT,1000.00,ACTIVE
ACC-5528,CUST-670,CREDIT,1000.00,ACTIVE
ACC-5529,CUST-935,CREDIT,2500.00,ACTIVE
ACC-5530,CUST-280,DEBIT,0.00,ACTIVE
ACC-5531,CUST-365,CREDIT,15000.00,ACTIVE
ACC-5532,CUST-795,CREDIT,25000.00,ACTIVE
ACC-5533,CUST-758,CREDIT,1000.00,ACTIVE
ACC-5534,CUST-935,DEBIT,0.00,ACTIVE
ACC-5535,CUST-520,DEBIT,0.00,ACTIVE
ACC-5536,CUST-940,DEBIT,0.00,ACTIVE
ACC-5537,CUST-235,CREDIT,10000.00,ACTIVE
ACC-5538,CUST-516,CREDIT,10000.00,ACTIVE
ACC-5539,CUST-385,CREDIT,10000.00,ACTIVE
ACC-5540,CUST-147,DEBIT,0.00,ACTIVE
ACC-5541,CUST-465,DEBIT,0.00,ACTIVE
ACC-5542,CUST-649,DEBIT,0.00,ACTIVE
ACC-5543,CUST-631,CREDIT,5000.00,ACTIVE
ACC-5544,CUST-125,DEBIT,0.00,ACTIVE
ACC-5545,CUST-798,DEBIT,0.00,ACTIVE
ACC-5546,CUST-290,CREDIT,2500.00,ACTIVE
ACC-5547,CUST-299,CREDIT,25000.00,ACTIVE
ACC-5548,CUST-332,CREDIT,1000.00,ACTIVE
ACC-5549,CUST-226,DEBIT,0.00,ACTIVE
ACC-5550,CUST-507,DEBIT,0.00,ACTIVE
ACC-5551,CUST-606,CREDIT,25000.00,ACTIVE
ACC-5552,CUST-303,DEBIT,0.00,ACTIVE
ACC-5553,CUST-459,CREDIT,10000.00,ACTIVE
ACC-5554,CUST-500,DEBIT,0.00,ACTIVE
ACC-5555,CUST-760,CREDIT,25000.00,ACTIVE
ACC-5556,CUST-596,CREDIT,25000.00,ACTIVE
ACC-5557,CUST-836,DEBIT,0.00,ACTIVE
ACC-5558,CUST-980,CREDIT,15000.00,ACTIVE
ACC-5559,CUST-340,DEBIT,0.00,ACTIVE
ACC-5560,CUST-889,CREDIT,2500.00,ACTIVE
ACC-5561,CUST-730,DEBIT,0.00,ACTIVE
ACC-5562,CUST-278,CREDIT,15000.00,ACTIVE
ACC-5563,CUST-807,CREDIT,5000.00,ACTIVE
ACC-5564,CUST-951,DEBIT,0.00,ACTIVE
ACC-5565,CUST-332,CREDIT,5000.00,ACTIVE
ACC-5566,CUST-135,CREDIT,1000.00,ACTIVE
ACC-5567,CUST-664,CREDIT,1000.00,ACTIVE
ACC-5568,CUST-291,DEBIT,0.00,ACTIVE
ACC-5569,CUST-223,CREDIT,10000.00,ACTIVE
ACC-5570,CUST-949,DEBIT,0.00,ACTIVE
ACC-5571,CUST-201,DEBIT,0.00,ACTIVE
ACC-5572,CUST-202,CREDIT,1000.00,ACTIVE
ACC-5573,CUST-671,CREDIT,15000.00,ACTIVE
ACC-5574,CUST-287,DEBIT,0.00,ACTIVE
ACC-5575,CUST-604,DEBIT,0.00,ACTIVE
ACC-5576,CUST-545,DEBIT,0.00,ACTIVE
ACC-5577,CUST-646,DEBIT,0.00,ACTIVE
ACC-5578,CUST-589,DEBIT,0.00,ACTIVE
ACC-5579,CUST-234,CREDIT,10000.00,ACTIVE
ACC-5580,CUST-256,CREDIT,2500.00,BLOCKED
ACC-5581,CUST-620,CREDIT,2500.00,ACTIVE
ACC-5582,CUST-399,CREDIT,1000.00,ACTIVE
ACC-5583,CUST-786,CREDIT,2500.00,ACTIVE
ACC-5584,CUST-834,DEBIT,0.00,ACTIVE
ACC-5585,CUST-746,DEBIT,0.00,BLOCKED
ACC-5586,CUST-462,DEBIT,0.00,ACTIVE
ACC-5587,CUST-732,CREDIT,10000.00,ACTIVE
ACC-5588,CUST-480,DEBIT,0.00,ACTIVE
ACC-5589,CUST-348,DEBIT,0.00,ACTIVE
ACC-5590,CUST-839,DEBIT,0.00,ACTIVE
ACC-5591,CUST-763,CREDIT,2500.00,ACTIVE
ACC-5592,CUST-800,CREDIT,1000.00,ACTIVE
ACC-5593,CUST-947,DEBIT,0.00,ACTIVE
ACC-5594,CUST-334,CREDIT,10000.00,ACTIVE
ACC-5595,CUST-890,DEBIT,0.00,ACTIVE
ACC-5596,CUST-113,CREDIT,15000.00,ACTIVE
ACC-5597,CUST-893,DEBIT,0.00,ACTIVE
ACC-5598,CUST-620,CREDIT,10000.00,ACTIVE
ACC-5599,CUST-334,DEBIT,0.00,ACTIVE
ACC-5600,CUST-474,CREDIT,25000.00,ACTIVE
ACC-5601,CUST-909,CREDIT,5000.00,ACTIVE
ACC-5602,CUST-682,CREDIT,5000.00,ACTIVE
ACC-5603,CUST-775,CREDIT,2500.00,ACTIVE
ACC-5604,CUST-837,CREDIT,1000.00,ACTIVE
ACC-5605,CUST-789,CREDIT,1000.00,ACTIVE
ACC-5606,CUST-683,CREDIT,10000.00,ACTIVE
ACC-5607,CUST-838,DEBIT,0.00,ACTIVE
ACC-5608,CUST-561,CREDIT,2500.00,ACTIVE
ACC-5609,CUST-161,CREDIT,5000.00,ACTIVE
ACC-5610,CUST-118,CREDIT,1000.00,ACTIVE
ACC-5611,CUST-782,CREDIT,10000.00,BLOCKED
ACC-5612,CUST-608,CREDIT,15000.00,ACTIVE
ACC-5613,CUST-253,CREDIT,25000.00,ACTIVE
ACC-5614,CUST-869,CREDIT,2500.00,ACTIVE
ACC-5615,CUST-735,DEBIT,0.00,ACTIVE
ACC-5616,CUST-564,CREDIT,15000.00,ACTIVE
ACC-5617,CUST-585,CREDIT,15000.00,ACTIVE
ACC-5618,CUST-595,CREDIT,2500.00,ACTIVE
ACC-5619,CUST-289,CREDIT,15000.00,BLOCKED
ACC-5620,CUST-882,CREDIT,25000.00,ACTIVE
ACC-5621,CUST-643,CREDIT,5000.00,ACTIVE
ACC-5622,CUST-530,CREDIT,10000.00,ACTIVE
ACC-5623,CUST-746,CREDIT,25000.00,ACTIVE
ACC-5624,CUST-815,DEBIT,0.00,ACTIVE
ACC-5625,CUST-717,DEBIT,0.00,ACTIVE
ACC-5626,CUST-292,CREDIT,10000.00,ACTIVE
ACC-5627,CUST-904,CREDIT,15000.00,ACTIVE
ACC-5628,CUST-227,CREDIT,5000.00,ACTIVE
ACC-5629,CUST-170,CREDIT,2500.00,ACTIVE
ACC-5630,CUST-597,CREDIT,1000.00,ACTIVE
ACC-5631,CUST-389,DEBIT,0.00,ACTIVE
ACC-5632,CUST-390,CREDIT,10000.00,ACTIVE
ACC-5633,CUST-243,CREDIT,25000.00,ACTIVE
ACC-5634,CUST-413,CREDIT,15000.00,ACTIVE
ACC-5635,CUST-608,CREDIT,25000.00,ACTIVE
ACC-5636,CUST-560,CREDIT,15000.00,ACTIVE
ACC-5637,CUST-191,DEBIT,0.00,ACTIVE
ACC-5638,CUST-455,CREDIT,2500.00,ACTIVE
ACC-5639,CUST-438,CREDIT,1000.00,ACTIVE
ACC-5640,CUST-422,CREDIT,10000.00,ACTIVE
ACC-5641,CUST-138,DEBIT,0.00,ACTIVE
ACC-5642,CUST-678,CREDIT,10000.00,BLOCKED
ACC-5643,CUST-551,CREDIT,2500.00,ACTIVE
ACC-5644,CUST-466,CREDIT,25000.00,ACTIVE
ACC-5645,CUST-428,CREDIT,25000.00,ACTIVE
ACC-5646,CUST-577,CREDIT,25000.00,ACTIVE
ACC-5647,CUST-458,DEBIT,0.00,ACTIVE
ACC-5648,CUST-523,CREDIT,15000.00,ACTIVE
ACC-5649,CUST-340,DEBIT,0.00,ACTIVE
ACC-5650,CUST-728,DEBIT,0.00,ACTIVE
ACC-5651,CUST-673,CREDIT,15000.00,ACTIVE
ACC-5652,CUST-726,DEBIT,0.00,ACTIVE
ACC-5653,CUST-545,CREDIT,5000.00,ACTIVE
ACC-5654,CUST-995,CREDIT,5000.00,ACTIVE
ACC-5655,CUST-863,DEBIT,0.00,ACTIVE
ACC-5656,CUST-174,CREDIT,25000.00,ACTIVE
ACC-5657,CUST-224,DEBIT,0.00,ACTIVE
ACC-5658,CUST-871,CREDIT,15000.00,ACTIVE
ACC-5659,CUST-364,CREDIT,25000.00,ACTIVE
ACC-5660,CUST-688,CREDIT,10000.00,ACTIVE
ACC-5661,CUST-370,DEBIT,0.00,ACTIVE
ACC-5662,CUST-816,CREDIT,25000.00,ACTIVE
ACC-5663,CUST-707,CREDIT,2500.00,ACTIVE
ACC-5664,CUST-840,CREDIT,10000.00,ACTIVE
ACC-5665,CUST-785,CREDIT,2500.00,BLOCKED
ACC-5666,CUST-634,DEBIT,0.00,ACTIVE
ACC-5667,CUST-261,CREDIT,5000.00,ACTIVE
ACC-5668,CUST-878,CREDIT,1000.00,BLOCKED
ACC-5669,CUST-277,CREDIT,2500.00,ACTIVE
ACC-5670,CUST-590,CREDIT,10000.00,ACTIVE
ACC-5671,CUST-393,CREDIT,15000.00,ACTIVE
ACC-5672,CUST-583,CREDIT,10000.00,ACTIVE
ACC-5673,CUST-896,DEBIT,0.00,ACTIVE
ACC-5674,CUST-409,CREDIT,2500.00,ACTIVE
ACC-5675,CUST-490,CREDIT,10000.00,ACTIVE
ACC-5676,CUST-725,DEBIT,0.00,ACTIVE
ACC-5677,CUST-244,CREDIT,1000.00,ACTIVE
ACC-5678,CUST-209,DEBIT,0.00,ACTIVE
ACC-5679,CUST-984,CREDIT,1000.00,ACTIVE
ACC-5680,CUST-641,CREDIT,10000.00,ACTIVE
ACC-5681,CUST-438,DEBIT,0.00,ACTIVE
ACC-5682,CUST-582,CREDIT,25000.00,ACTIVE
ACC-5683,CUST-540,DEBIT,0.00,ACTIVE
ACC-5684,CUST-687,DEBIT,0.00,ACTIVE
ACC-5685,CUST-469,CREDIT,1000.00,ACTIVE
ACC-5686,CUST-435,CREDIT,2500.00,ACTIVE
ACC-5687,CUST-328,CREDIT,2500.00,ACTIVE
ACC-5688,CUST-149,DEBIT,0.00,ACTIVE
ACC-5689,CUST-287,DEBIT,0.00,ACTIVE
ACC-5690,CUST-786,CREDIT,10000.00,ACTIVE
ACC-5691,CUST-354,DEBIT,0.00,ACTIVE
ACC-5692,CUST-371,CREDIT,10000.00,ACTIVE
ACC-5693,CUST-408,CREDIT,25000.00,ACTIVE
ACC-5694,CUST-525,CREDIT,10000.00,ACTIVE
ACC-5695,CUST-773,CREDIT,25000.00,ACTIVE
ACC-5696,CUST-133,CREDIT,15000.00,ACTIVE
ACC-5697,CUST-824,CREDIT,25000.00,ACTIVE
ACC-5698,CUST-387,DEBIT,0.00,ACTIVE
ACC-5699,CUST-256,CREDIT,15000.00,ACTIVE
ACC-5700,CUST-762,DEBIT,0.00,ACTIVE
ACC-5701,CUST-392,DEBIT,0.00,ACTIVE
ACC-5702,CUST-138,CREDIT,5000.00,ACTIVE
ACC-5703,CUST-333,CREDIT,5000.00,ACTIVE
ACC-5704,CUST-267,CREDIT,5000.00,ACTIVE
ACC-5705,CUST-387,CREDIT,15000.00,ACTIVE
ACC-5706,CUST-869,CREDIT,5000.00,ACTIVE
ACC-5707,CUST-236,CREDIT,2500.00,ACTIVE
ACC-5708,CUST-339,CREDIT,2500.00,ACTIVE
ACC-5709,CUST-510,CREDIT,1000.00,ACTIVE
ACC-5710,CUST-998,CREDIT,1000.00,ACTIVE
ACC-5711,CUST-359,CREDIT,1000.00,ACTIVE
ACC-5712,CUST-808,CREDIT,10000.00,ACTIVE
ACC-5713,CUST-473,CREDIT,10000.00,ACTIVE
ACC-5714,CUST-976,DEBIT,0.00,ACTIVE
ACC-5715,CUST-455,CREDIT,10000.00,ACTIVE
ACC-5716,CUST-866,DEBIT,0.00,ACTIVE
ACC-5717,CUST-315,CREDIT,5000.00,ACTIVE
ACC-5718,CUST-852,CREDIT,2500.00,ACTIVE
ACC-5719,CUST-274,CREDIT,5000.00,ACTIVE
ACC-5720,CUST-911,CREDIT,2500.00,ACTIVE
ACC-5721,CUST-569,CREDIT,2500.00,ACTIVE
ACC-5722,CUST-916,CREDIT,15000.00,ACTIVE
ACC-5723,CUST-193,DEBIT,0.00,ACTIVE
ACC-5724,CUST-777,CREDIT,2500.00,ACTIVE
ACC-5725,CUST-482,DEBIT,0.00,ACTIVE
ACC-5726,CUST-951,CREDIT,25000.00,ACTIVE
ACC-5727,CUST-894,CREDIT,15000.00,ACTIVE
ACC-5728,CUST-587,DEBIT,0.00,ACTIVE
ACC-5729,CUST-944,CREDIT,25000.00,ACTIVE
ACC-5730,CUST-952,CREDIT,1000.00,ACTIVE
ACC-5731,CUST-151,CREDIT,2500.00,ACTIVE
ACC-5732,CUST-649,CREDIT,25000.00,ACTIVE
ACC-5733,CUST-907,DEBIT,0.00,ACTIVE
ACC-5734,CUST-447,DEBIT,0.00,ACTIVE
ACC-5735,CUST-424,CREDIT,1000.00,ACTIVE
ACC-5736,CUST-451,CREDIT,15000.00,ACTIVE
ACC-5737,CUST-360,CREDIT,15000.00,ACTIVE
ACC-5738,CUST-250,DEBIT,0.00,ACTIVE
ACC-5739,CUST-742,DEBIT,0.00,ACTIVE
ACC-5740,CUST-178,CREDIT,15000.00,ACTIVE
ACC-5741,CUST-186,DEBIT,0.00,ACTIVE
ACC-5742,CUST-568,CREDIT,1000.00,ACTIVE
ACC-5743,CUST-813,DEBIT,0.00,ACTIVE
ACC-5744,CUST-926,CREDIT,25000.00,ACTIVE
ACC-5745,CUST-785,DEBIT,0.00,ACTIVE
ACC-5746,CUST-175,DEBIT,0.00,BLOCKED
ACC-5747,CUST-596,CREDIT,1000.00,ACTIVE
ACC-5748,CUST-330,CREDIT,1000.00,ACTIVE
ACC-5749,CUST-734,CREDIT,5000.00,ACTIVE
ACC-5750,CUST-712,CREDIT,25000.00,ACTIVE
ACC-5751,CUST-276,CREDIT,1000.00,ACTIVE
ACC-5752,CUST-866,CREDIT,10000.00,ACTIVE
ACC-5753,CUST-286,CREDIT,2500.00,ACTIVE
ACC-5754,CUST-253,CREDIT,5000.00,ACTIVE
ACC-5755,CUST-795,CREDIT,10000.00,ACTIVE
ACC-5756,CUST-761,CREDIT,5000.00,ACTIVE
ACC-5757,CUST-857,CREDIT,2500.00,ACTIVE
ACC-5758,CUST-936,DEBIT,0.00,ACTIVE
ACC-5759,CUST-553,CREDIT,5000.00,ACTIVE
ACC-5760,CUST-412,DEBIT,0.00,ACTIVE
ACC-5761,CUST-713,CREDIT,15000.00,ACTIVE
ACC-5762,CUST-575,CREDIT,5000.00,ACTIVE
ACC-5763,CUST-483,CREDIT,2500.00,ACTIVE
ACC-5764,CUST-800,CREDIT,10000.00,ACTIVE
ACC-5765,CUST-420,CREDIT,15000.00,ACTIVE
ACC-5766,CUST-363,CREDIT,25000.00,ACTIVE
ACC-5767,CUST-749,CREDIT,2500.00,ACTIVE
ACC-5768,CUST-998,DEBIT,0.00,ACTIVE
ACC-5769,CUST-374,CREDIT,5000.00,ACTIVE
ACC-5770,CUST-913,CREDIT,10000.00,ACTIVE
ACC-5771,CUST-117,CREDIT,5000.00,ACTIVE
ACC-5772,CUST-185,CREDIT,10000.00,ACTIVE
ACC-5773,CUST-769,CREDIT,15000.00,ACTIVE
ACC-5774,CUST-254,CREDIT,25000.00,ACTIVE
ACC-5775,CUST-985,CREDIT,1000.00,ACTIVE
ACC-5776,CUST-323,DEBIT,0.00,ACTIVE
ACC-5777,CUST-875,CREDIT,15000.00,ACTIVE
ACC-5778,CUST-338,DEBIT,0.00,ACTIVE
ACC-5779,CUST-931,CREDIT,10000.00,ACTIVE
ACC-5780,CUST-737,CREDIT,10000.00,ACTIVE
ACC-5781,CUST-284,DEBIT,0.00,ACTIVE
ACC-5782,CUST-779,CREDIT,10000.00,ACTIVE
ACC-5783,CUST-784,CREDIT,15000.00,ACTIVE
ACC-5784,CUST-841,CREDIT,1000.00,ACTIVE
ACC-5785,CUST-971,CREDIT,25000.00,ACTIVE
ACC-5786,CUST-972,CREDIT,5000.00,ACTIVE
ACC-5787,CUST-260,DEBIT,0.00,ACTIVE
ACC-5788,CUST-970,CREDIT,25000.00,ACTIVE
ACC-5789,CUST-481,CREDIT,2500.00,ACTIVE
ACC-5790,CUST-215,DEBIT,0.00,ACTIVE
ACC-5791,CUST-990,DEBIT,0.00,ACTIVE
ACC-5792,CUST-511,CREDIT,10000.00,ACTIVE
ACC-5793,CUST-696,CREDIT,1000.00,ACTIVE
ACC-5794,CUST-650,CREDIT,5000.00,ACTIVE
ACC-5795,CUST-868,CREDIT,5000.00,BLOCKED
ACC-5796,CUST-913,CREDIT,25000.00,ACTIVE
ACC-5797,CUST-609,CREDIT,15000.00,ACTIVE
ACC-5798,CUST-951,CREDIT,15000.00,ACTIVE
ACC-5799,CUST-497,CREDIT,5000.00,ACTIVE
ACC-5800,CUST-508,CREDIT,5000.00,ACTIVE
ACC-5801,CUST-221,DEBIT,0.00,ACTIVE
ACC-5802,CUST-403,CREDIT,25000.00,ACTIVE
ACC-5803,CUST-244,DEBIT,0.00,ACTIVE
ACC-5804,CUST-248,DEBIT,0.00,ACTIVE
ACC-5805,CUST-412,CREDIT,2500.00,ACTIVE
ACC-5806,CUST-267,DEBIT,0.00,ACTIVE
ACC-5807,CUST-215,CREDIT,15000.00,ACTIVE
ACC-5808,CUST-681,CREDIT,10000.00,ACTIVE
ACC-5809,CUST-214,DEBIT,0.00,ACTIVE
ACC-5810,CUST-945,CREDIT,15000.00,ACTIVE
ACC-5811,CUST-708,DEBIT,0.00,ACTIVE
ACC-5812,CUST-807,DEBIT,0.00,ACTIVE
ACC-5813,CUST-815,CREDIT,25000.00,ACTIVE
ACC-5814,CUST-158,CREDIT,25000.00,ACTIVE
ACC-5815,CUST-121,CREDIT,10000.00,ACTIVE
ACC-5816,CUST-823,DEBIT,0.00,ACTIVE
ACC-5817,CUST-301,CREDIT,1000.00,ACTIVE
ACC-5818,CUST-298,DEBIT,0.00,ACTIVE
ACC-5819,CUST-103,CREDIT,2500.00,ACTIVE
ACC-5820,CUST-283,CREDIT,1000.00,ACTIVE
ACC-5821,CUST-663,CREDIT,15000.00,ACTIVE
ACC-5822,CUST-666,DEBIT,0.00,ACTIVE
ACC-5823,CUST-962,DEBIT,0.00,ACTIVE
ACC-5824,CUST-897,DEBIT,0.00,ACTIVE
ACC-5825,CUST-561,CREDIT,15000.00,ACTIVE
ACC-5826,CUST-942,CREDIT,25000.00,ACTIVE
ACC-5827,CUST-978,CREDIT,10000.00,ACTIVE
ACC-5828,CUST-311,CREDIT,15000.00,BLOCKED
ACC-5829,CUST-494,DEBIT,0.00,ACTIVE
ACC-5830,CUST-308,DEBIT,0.00,ACTIVE
ACC-5831,CUST-864,CREDIT,10000.00,ACTIVE
ACC-5832,CUST-746,CREDIT,5000.00,ACTIVE
ACC-5833,CUST-868,DEBIT,0.00,ACTIVE
ACC-5834,CUST-507,DEBIT,0.00,ACTIVE
ACC-5835,CUST-412,CREDIT,2500.00,ACTIVE
ACC-5836,CUST-176,DEBIT,0.00,ACTIVE
ACC-5837,CUST-260,CREDIT,25000.00,ACTIVE
ACC-5838,CUST-256,CREDIT,2500.00,ACTIVE
ACC-5839,CUST-848,CREDIT,15000.00,ACTIVE
ACC-5840,CUST-291,DEBIT,0.00,ACTIVE
ACC-5841,CUST-164,CREDIT,15000.00,ACTIVE
ACC-5842,CUST-882,CREDIT,5000.00,ACTIVE
ACC-5843,CUST-515,DEBIT,0.00,ACTIVE
ACC-5844,CUST-494,DEBIT,0.00,ACTIVE
ACC-5845,CUST-744,CREDIT,1000.00,ACTIVE
ACC-5846,CUST-271,DEBIT,0.00,ACTIVE
ACC-5847,CUST-976,CREDIT,15000.00,ACTIVE
ACC-5848,CUST-888,DEBIT,0.00,ACTIVE
ACC-5849,CUST-555,CREDIT,2500.00,ACTIVE
ACC-5850,CUST-615,DEBIT,0.00,ACTIVE
ACC-5851,CUST-707,DEBIT,0.00,ACTIVE
ACC-5852,CUST-654,CREDIT,15000.00,ACTIVE
ACC-5853,CUST-609,DEBIT,0.00,ACTIVE
ACC-5854,CUST-833,CREDIT,25000.00,ACTIVE
ACC-5855,CUST-500,DEBIT,0.00,ACTIVE
ACC-5856,CUST-508,CREDIT,25000.00,ACTIVE
ACC-5857,CUST-462,CREDIT,2500.00,ACTIVE
ACC-5858,CUST-558,CREDIT,1000.00,ACTIVE
ACC-5859,CUST-679,CREDIT,15000.00,ACTIVE
ACC-5860,CUST-433,DEBIT,0.00,ACTIVE
ACC-5861,CUST-743,CREDIT,5000.00,ACTIVE
ACC-5862,CUST-239,CREDIT,10000.00,ACTIVE
ACC-5863,CUST-374,CREDIT,15000.00,ACTIVE
ACC-5864,CUST-521,CREDIT,2500.00,ACTIVE
ACC-5865,CUST-548,CREDIT,5000.00,ACTIVE
ACC-5866,CUST-675,CREDIT,10000.00,ACTIVE
ACC-5867,CUST-802,CREDIT,15000.00,ACTIVE
ACC-5868,CUST-460,DEBIT,0.00,ACTIVE
ACC-5869,CUST-391,DEBIT,0.00,ACTIVE
ACC-5870,CUST-298,CREDIT,1000.00,ACTIVE
ACC-5871,CUST-967,DEBIT,0.00,ACTIVE
ACC-5872,CUST-395,CREDIT,10000.00,ACTIVE
ACC-5873,CUST-745,DEBIT,0.00,ACTIVE
ACC-5874,CUST-649,CREDIT,10000.00,ACTIVE
ACC-5875,CUST-489,DEBIT,0.00,ACTIVE
ACC-5876,CUST-371,CREDIT,15000.00,ACTIVE
ACC-5877,CUST-270,CREDIT,1000.00,ACTIVE
ACC-5878,CUST-503,DEBIT,0.00,ACTIVE
ACC-5879,CUST-275,DEBIT,0.00,ACTIVE
ACC-5880,CUST-242,CREDIT,1000.00,ACTIVE
ACC-5881,CUST-509,DEBIT,0.00,ACTIVE
ACC-5882,CUST-118,CREDIT,15000.00,ACTIVE
ACC-5883,CUST-647,DEBIT,0.00,ACTIVE
ACC-5884,CUST-206,DEBIT,0.00,ACTIVE
ACC-5885,CUST-998,DEBIT,0.00,ACTIVE
ACC-5886,CUST-781,CREDIT,15000.00,ACTIVE
ACC-5887,CUST-412,DEBIT,0.00,ACTIVE
ACC-5888,CUST-342,DEBIT,0.00,ACTIVE
ACC-5889,CUST-953,CREDIT,25000.00,ACTIVE
ACC-5890,CUST-666,DEBIT,0.00,BLOCKED
ACC-5891,CUST-557,CREDIT,2500.00,ACTIVE
ACC-5892,CUST-148,DEBIT,0.00,ACTIVE
ACC-5893,CUST-837,CREDIT,1000.00,ACTIVE
ACC-5894,CUST-706,CREDIT,25000.00,ACTIVE
ACC-5895,CUST-464,DEBIT,0.00,ACTIVE
ACC-5896,CUST-466,CREDIT,1000.00,ACTIVE
ACC-5897,CUST-885,CREDIT,1000.00,ACTIVE
ACC-5898,CUST-780,CREDIT,10000.00,BLOCKED
ACC-5899,CUST-542,DEBIT,0.00,BLOCKED
ACC-5900,CUST-591,CREDIT,1000.00,ACTIVE
ACC-5901,CUST-769,DEBIT,0.00,ACTIVE
ACC-5902,CUST-999,CREDIT,10000.00,ACTIVE
ACC-5903,CUST-746,CREDIT,1000.00,ACTIVE
ACC-5904,CUST-804,DEBIT,0.00,ACTIVE
ACC-5905,CUST-402,CREDIT,2500.00,ACTIVE
ACC-5906,CUST-709,CREDIT,5000.00,ACTIVE
ACC-5907,CUST-380,DEBIT,0.00,ACTIVE
ACC-5908,CUST-672,DEBIT,0.00,ACTIVE
ACC-5909,CUST-483,DEBIT,0.00,ACTIVE
ACC-5910,CUST-906,CREDIT,1000.00,ACTIVE
ACC-5911,CUST-452,DEBIT,0.00,ACTIVE
ACC-5912,CUST-240,CREDIT,10000.00,ACTIVE
ACC-5913,CUST-288,CREDIT,10000.00,ACTIVE
ACC-5914,CUST-723,DEBIT,0.00,ACTIVE
ACC-5915,CUST-750,CREDIT,2500.00,ACTIVE
ACC-5916,CUST-130,CREDIT,5000.00,ACTIVE
ACC-5917,CUST-498,CREDIT,5000.00,ACTIVE
ACC-5918,CUST-433,CREDIT,5000.00,ACTIVE
ACC-5919,CUST-434,CREDIT,2500.00,ACTIVE
ACC-5920,CUST-420,CREDIT,2500.00,ACTIVE
ACC-5921,CUST-394,CREDIT,1000.00,ACTIVE
ACC-5922,CUST-270,CREDIT,5000.00,ACTIVE
ACC-5923,CUST-710,DEBIT,0.00,ACTIVE
ACC-5924,CUST-230,CREDIT,25000.00,ACTIVE
ACC-5925,CUST-989,DEBIT,0.00,ACTIVE
ACC-5926,CUST-342,CREDIT,25000.00,ACTIVE
ACC-5927,CUST-748,DEBIT,0.00,ACTIVE
ACC-5928,CUST-535,DEBIT,0.00,ACTIVE
ACC-5929,CUST-658,DEBIT,0.00,ACTIVE
ACC-5930,CUST-669,DEBIT,0.00,ACTIVE
ACC-5931,CUST-432,CREDIT,25000.00,ACTIVE
ACC-5932,CUST-274,CREDIT,15000.00,ACTIVE
ACC-5933,CUST-829,DEBIT,0.00,ACTIVE
ACC-5934,CUST-218,DEBIT,0.00,ACTIVE
ACC-5935,CUST-477,DEBIT,0.00,ACTIVE
ACC-5936,CUST-444,CREDIT,10000.00,ACTIVE
ACC-5937,CUST-752,DEBIT,0.00,ACTIVE
ACC-5938,CUST-364,CREDIT,5000.00,ACTIVE
ACC-5939,CUST-335,CREDIT,5000.00,ACTIVE
ACC-5940,CUST-465,DEBIT,0.00,ACTIVE
ACC-5941,CUST-994,DEBIT,0.00,ACTIVE
ACC-5942,CUST-402,CREDIT,25000.00,ACTIVE
ACC-5943,CUST-694,CREDIT,10000.00,ACTIVE
ACC-5944,CUST-366,CREDIT,15000.00,ACTIVE
ACC-5945,CUST-441,CREDIT,15000.00,ACTIVE
ACC-5946,CUST-327,CREDIT,15000.00,ACTIVE
ACC-5947,CUST-185,CREDIT,15000.00,ACTIVE
ACC-5948,CUST-305,DEBIT,0.00,ACTIVE
ACC-5949,CUST-715,CREDIT,25000.00,ACTIVE
ACC-5950,CUST-138,DEBIT,0.00,ACTIVE
ACC-5951,CUST-279,CREDIT,15000.00,ACTIVE
ACC-5952,CUST-461,DEBIT,0.00,ACTIVE
ACC-5953,CUST-586,DEBIT,0.00,ACTIVE
ACC-5954,CUST-545,CREDIT,5000.00,ACTIVE
ACC-5955,CUST-285,CREDIT,25000.00,ACTIVE
ACC-5956,CUST-434,CREDIT,25000.00,ACTIVE
ACC-5957,CUST-435,DEBIT,0.00,ACTIVE
ACC-5958,CUST-925,DEBIT,0.00,ACTIVE
ACC-5959,CUST-624,DEBIT,0.00,ACTIVE
ACC-5960,CUST-802,CREDIT,1000.00,ACTIVE
ACC-5961,CUST-490,CREDIT,5000.00,ACTIVE
ACC-5962,CUST-860,CREDIT,25000.00,ACTIVE
ACC-5963,CUST-507,CREDIT,2500.00,ACTIVE
ACC-5964,CUST-329,CREDIT,1000.00,BLOCKED
ACC-5965,CUST-719,CREDIT,10000.00,ACTIVE
ACC-5966,CUST-540,CREDIT,10000.00,ACTIVE
ACC-5967,CUST-701,CREDIT,5000.00,ACTIVE
ACC-5968,CUST-214,CREDIT,1000.00,ACTIVE
ACC-5969,CUST-591,CREDIT,15000.00,ACTIVE
ACC-5970,CUST-339,CREDIT,1000.00,ACTIVE
ACC-5971,CUST-448,DEBIT,0.00,ACTIVE
ACC-5972,CUST-708,CREDIT,25000.00,ACTIVE
ACC-5973,CUST-394,CREDIT,15000.00,ACTIVE
ACC-5974,CUST-853,CREDIT,5000.00,ACTIVE
ACC-5975,CUST-404,DEBIT,0.00,ACTIVE
ACC-5976,CUST-568,CREDIT,25000.00,ACTIVE
ACC-5977,CUST-997,CREDIT,10000.00,ACTIVE
ACC-5978,CUST-827,CREDIT,10000.00,ACTIVE
ACC-5979,CUST-630,CREDIT,15000.00,ACTIVE
ACC-5980,CUST-152,DEBIT,0.00,ACTIVE
ACC-5981,CUST-697,CREDIT,1000.00,ACTIVE
ACC-5982,CUST-778,CREDIT,15000.00,ACTIVE
ACC-5983,CUST-939,DEBIT,0.00,ACTIVE
ACC-5984,CUST-754,CREDIT,15000.00,ACTIVE
ACC-5985,CUST-573,CREDIT,10000.00,ACTIVE
ACC-5986,CUST-641,CREDIT,5000.00,ACTIVE
ACC-5987,CUST-930,CREDIT,5000.00,ACTIVE
ACC-5988,CUST-311,CREDIT,5000.00,ACTIVE
ACC-5989,CUST-500,CREDIT,2500.00,ACTIVE
ACC-5990,CUST-286,DEBIT,0.00,ACTIVE
ACC-5991,CUST-314,DEBIT,0.00,ACTIVE
ACC-5992,CUST-969,CREDIT,5000.00,ACTIVE
ACC-5993,CUST-724,CREDIT,1000.00,ACTIVE
ACC-5994,CUST-651,DEBIT,0.00,ACTIVE
ACC-5995,CUST-940,CREDIT,5000.00,ACTIVE
ACC-5996,CUST-987,CREDIT,15000.00,ACTIVE
ACC-5997,CUST-745,DEBIT,0.00,ACTIVE
ACC-5998,CUST-555,DEBIT,0.00,ACTIVE
ACC-5999,CUST-251,CREDIT,1000.00,ACTIVE
ACC-6000,CUST-699,CREDIT,10000.00,ACTIVE
ACC-6001,CUST-948,CREDIT,5000.00,ACTIVE
ACC-6002,CUST-651,DEBIT,0.00,ACTIVE
ACC-6003,CUST-575,DEBIT,0.00,ACTIVE
ACC-6004,CUST-956,DEBIT,0.00,ACTIVE
ACC-6005,CUST-789,DEBIT,0.00,ACTIVE
ACC-6006,CUST-224,CREDIT,25000.00,ACTIVE
ACC-6007,CUST-354,CREDIT,15000.00,ACTIVE
ACC-6008,CUST-973,DEBIT,0.00,ACTIVE
ACC-6009,CUST-761,CREDIT,10000.00,ACTIVE
ACC-6010,CUST-349,DEBIT,0.00,ACTIVE
ACC-6011,CUST-160,DEBIT,0.00,ACTIVE
ACC-6012,CUST-647,DEBIT,0.00,ACTIVE
ACC-6013,CUST-834,DEBIT,0.00,ACTIVE
ACC-6014,CUST-238,CREDIT,5000.00,ACTIVE
ACC-6015,CUST-510,CREDIT,25000.00,ACTIVE
ACC-6016,CUST-914,CREDIT,5000.00,ACTIVE
ACC-6017,CUST-488,DEBIT,0.00,ACTIVE
ACC-6018,CUST-550,DEBIT,0.00,ACTIVE
ACC-6019,CUST-837,CREDIT,25000.00,ACTIVE
ACC-6020,CUST-461,CREDIT,15000.00,ACTIVE
ACC-6021,CUST-107,CREDIT,15000.00,ACTIVE
ACC-6022,CUST-994,CREDIT,15000.00,ACTIVE
ACC-6023,CUST-540,DEBIT,0.00,ACTIVE
ACC-6024,CUST-561,CREDIT,25000.00,ACTIVE
ACC-6025,CUST-442,DEBIT,0.00,ACTIVE
ACC-6026,CUST-345,DEBIT,0.00,ACTIVE
ACC-6027,CUST-455,CREDIT,15000.00,ACTIVE
ACC-6028,CUST-488,DEBIT,0.00,ACTIVE
ACC-6029,CUST-728,CREDIT,10000.00,ACTIVE
ACC-6030,CUST-345,CREDIT,2500.00,ACTIVE
ACC-6031,CUST-975,CREDIT,2500.00,ACTIVE
ACC-6032,CUST-884,CREDIT,15000.00,ACTIVE
ACC-6033,CUST-451,DEBIT,0.00,ACTIVE
ACC-6034,CUST-633,DEBIT,0.00,ACTIVE
ACC-6035,CUST-936,CREDIT,5000.00,ACTIVE
ACC-6036,CUST-135,DEBIT,0.00,ACTIVE
ACC-6037,CUST-813,DEBIT,0.00,ACTIVE
ACC-6038,CUST-309,CREDIT,5000.00,ACTIVE
ACC-6039,CUST-519,CREDIT,25000.00,ACTIVE
ACC-6040,CUST-482,DEBIT,0.00,ACTIVE
ACC-6041,CUST-785,DEBIT,0.00,ACTIVE
ACC-6042,CUST-319,CREDIT,1000.00,ACTIVE
ACC-6043,CUST-313,CREDIT,2500.00,ACTIVE
ACC-6044,CUST-369,CREDIT,15000.00,ACTIVE
ACC-6045,CUST-218,CREDIT,25000.00,ACTIVE
ACC-6046,CUST-424,CREDIT,15000.00,ACTIVE
ACC-6047,CUST-689,DEBIT,0.00,ACTIVE
ACC-6048,CUST-511,CREDIT,1000.00,ACTIVE
ACC-6049,CUST-741,CREDIT,25000.00,ACTIVE
ACC-6050,CUST-683,DEBIT,0.00,ACTIVE
ACC-6051,CUST-978,CREDIT,15000.00,ACTIVE
ACC-6052,CUST-883,CREDIT,15000.00,ACTIVE
ACC-6053,CUST-459,CREDIT,5000.00,ACTIVE
ACC-6054,CUST-951,CREDIT,25000.00,ACTIVE
ACC-6055,CUST-564,DEBIT,0.00,ACTIVE
ACC-6056,CUST-372,CREDIT,10000.00,ACTIVE
ACC-6057,CUST-535,DEBIT,0.00,ACTIVE
ACC-6058,CUST-222,DEBIT,0.00,ACTIVE
ACC-6059,CUST-959,DEBIT,0.00,ACTIVE
ACC-6060,CUST-838,DEBIT,0.00,ACTIVE
ACC-6061,CUST-412,DEBIT,0.00,ACTIVE
ACC-6062,CUST-878,DEBIT,0.00,ACTIVE
ACC-6063,CUST-310,CREDIT,1000.00,ACTIVE
ACC-6064,CUST-467,CREDIT,10000.00,ACTIVE
ACC-6065,CUST-339,DEBIT,0.00,ACTIVE
ACC-6066,CUST-560,CREDIT,5000.00,ACTIVE
ACC-6067,CUST-834,CREDIT,5000.00,ACTIVE
ACC-6068,CUST-215,CREDIT,1000.00,ACTIVE
ACC-6069,CUST-624,DEBIT,0.00,ACTIVE
ACC-6070,CUST-123,DEBIT,0.00,ACTIVE
ACC-6071,CUST-457,CREDIT,2500.00,ACTIVE
ACC-6072,CUST-368,CREDIT,2500.00,ACTIVE
ACC-6073,CUST-338,CREDIT,2500.00,ACTIVE
ACC-6074,CUST-841,DEBIT,0.00,ACTIVE
ACC-6075,CUST-237,DEBIT,0.00,ACTIVE
ACC-6076,CUST-157,CREDIT,5000.00,ACTIVE
ACC-6077,CUST-705,DEBIT,0.00,ACTIVE
ACC-6078,CUST-678,DEBIT,0.00,ACTIVE
ACC-6079,CUST-899,CREDIT,5000.00,ACTIVE
ACC-6080,CUST-160,CREDIT,15000.00,ACTIVE
ACC-6081,CUST-201,CREDIT,25000.00,ACTIVE
ACC-6082,CUST-247,DEBIT,0.00,ACTIVE
ACC-6083,CUST-576,DEBIT,0.00,ACTIVE
ACC-6084,CUST-586,CREDIT,25000.00,ACTIVE
ACC-6085,CUST-986,CREDIT,10000.00,BLOCKED
ACC-6086,CUST-287,DEBIT,0.00,ACTIVE
ACC-6087,CUST-962,CREDIT,1000.00,BLOCKED
ACC-6088,CUST-114,CREDIT,2500.00,ACTIVE
ACC-6089,CUST-319,CREDIT,25000.00,ACTIVE
ACC-6090,CUST-948,CREDIT,1000.00,ACTIVE
ACC-6091,CUST-491,CREDIT,1000.00,ACTIVE
ACC-6092,CUST-320,CREDIT,1000.00,ACTIVE
ACC-6093,CUST-508,CREDIT,1000.00,ACTIVE
ACC-6094,CUST-255,CREDIT,25000.00,ACTIVE
ACC-6095,CUST-443,DEBIT,0.00,ACTIVE
ACC-6096,CUST-921,DEBIT,0.00,ACTIVE
ACC-6097,CUST-469,CREDIT,2500.00,ACTIVE
ACC-6098,CUST-110,CREDIT,15000.00,ACTIVE
ACC-6099,CUST-130,CREDIT,10000.00,ACTIVE
ACC-6100,CUST-441,CREDIT,10000.00,ACTIVE
ACC-6101,CUST-112,DEBIT,0.00,ACTIVE
ACC-6102,CUST-572,CREDIT,10000.00,ACTIVE
ACC-6103,CUST-275,CREDIT,1000.00,ACTIVE
ACC-6104,CUST-932,CREDIT,1000.00,ACTIVE
ACC-6105,CUST-583,CREDIT,1000.00,ACTIVE
ACC-6106,CUST-607,DEBIT,0.00,ACTIVE
ACC-6107,CUST-943,CREDIT,1000.00,ACTIVE
ACC-6108,CUST-861,CREDIT,25000.00,ACTIVE
ACC-6109,CUST-213,CREDIT,1000.00,BLOCKED
ACC-6110,CUST-170,CREDIT,15000.00,ACTIVE
ACC-6111,CUST-413,CREDIT,1000.00,ACTIVE
ACC-6112,CUST-248,CREDIT,1000.00,BLOCKED
ACC-6113,CUST-400,DEBIT,0.00,ACTIVE
ACC-6114,CUST-234,DEBIT,0.00,ACTIVE
ACC-6115,CUST-506,CREDIT,2500.00,ACTIVE
ACC-6116,CUST-701,CREDIT,5000.00,ACTIVE
ACC-6117,CUST-850,CREDIT,1000.00,ACTIVE
ACC-6118,CUST-117,DEBIT,0.00,ACTIVE
ACC-6119,CUST-556,CREDIT,5000.00,ACTIVE
ACC-6120,CUST-284,DEBIT,0.00,ACTIVE
ACC-6121,CUST-287,CREDIT,1000.00,ACTIVE
ACC-6122,CUST-196,CREDIT,25000.00,ACTIVE
ACC-6123,CUST-180,CREDIT,2500.00,ACTIVE
ACC-6124,CUST-407,DEBIT,0.00,ACTIVE
ACC-6125,CUST-793,DEBIT,0.00,ACTIVE
ACC-6126,CUST-467,CREDIT,5000.00,ACTIVE
ACC-6127,CUST-137,CREDIT,5000.00,ACTIVE
ACC-6128,CUST-213,CREDIT,1000.00,ACTIVE
ACC-6129,CUST-961,CREDIT,15000.00,ACTIVE
ACC-6130,CUST-514,CREDIT,10000.00,ACTIVE
ACC-6131,CUST-850,DEBIT,0.00,ACTIVE
ACC-6132,CUST-361,CREDIT,15000.00,ACTIVE
ACC-6133,CUST-626,CREDIT,10000.00,ACTIVE
ACC-6134,CUST-574,DEBIT,0.00,ACTIVE
ACC-6135,CUST-612,CREDIT,1000.00,ACTIVE
ACC-6136,CUST-124,CREDIT,5000.00,ACTIVE
ACC-6137,CUST-773,CREDIT,2500.00,ACTIVE
ACC-6138,CUST-212,CREDIT,1000.00,BLOCKED
ACC-6139,CUST-966,CREDIT,10000.00,ACTIVE
ACC-6140,CUST-144,CREDIT,1000.00,ACTIVE
ACC-6141,CUST-882,CREDIT,15000.00,ACTIVE
ACC-6142,CUST-847,CREDIT,2500.00,ACTIVE
ACC-6143,CUST-335,CREDIT,2500.00,ACTIVE
ACC-6144,CUST-376,CREDIT,5000.00,ACTIVE
ACC-6145,CUST-220,CREDIT,1000.00,ACTIVE
ACC-6146,CUST-380,CREDIT,15000.00,ACTIVE
ACC-6147,CUST-109,CREDIT,2500.00,ACTIVE
ACC-6148,CUST-844,CREDIT,2500.00,ACTIVE
ACC-6149,CUST-114,CREDIT,25000.00,ACTIVE
ACC-6150,CUST-313,CREDIT,5000.00,ACTIVE
ACC-6151,CUST-121,DEBIT,0.00,ACTIVE
ACC-6152,CUST-912,CREDIT,15000.00,ACTIVE
ACC-6153,CUST-564,CREDIT,25000.00,BLOCKED
ACC-6154,CUST-103,CREDIT,1000.00,ACTIVE
ACC-6155,CUST-681,CREDIT,15000.00,ACTIVE
ACC-6156,CUST-221,DEBIT,0.00,ACTIVE
ACC-6157,CUST-976,CREDIT,1000.00,ACTIVE
ACC-6158,CUST-871,DEBIT,0.00,ACTIVE
ACC-6159,CUST-340,DEBIT,0.00,ACTIVE
ACC-6160,CUST-567,CREDIT,10000.00,ACTIVE
ACC-6161,CUST-644,DEBIT,0.00,ACTIVE
ACC-6162,CUST-570,DEBIT,0.00,ACTIVE
ACC-6163,CUST-497,DEBIT,0.00,ACTIVE
ACC-6164,CUST-656,CREDIT,25000.00,ACTIVE
ACC-6165,CUST-975,DEBIT,0.00,ACTIVE
ACC-6166,CUST-591,DEBIT,0.00,ACTIVE
ACC-6167,CUST-141,DEBIT,0.00,ACTIVE
ACC-6168,CUST-703,CREDIT,15000.00,ACTIVE
ACC-6169,CUST-544,CREDIT,25000.00,ACTIVE
ACC-6170,CUST-350,CREDIT,1000.00,ACTIVE
ACC-6171,CUST-198,DEBIT,0.00,ACTIVE
ACC-6172,CUST-778,CREDIT,1000.00,ACTIVE
ACC-6173,CUST-365,CREDIT,25000.00,ACTIVE
ACC-6174,CUST-924,CREDIT,2500.00,ACTIVE
ACC-6175,CUST-366,CREDIT,1000.00,ACTIVE
ACC-6176,CUST-170,DEBIT,0.00,ACTIVE
ACC-6177,CUST-384,CREDIT,5000.00,ACTIVE
ACC-6178,CUST-484,CREDIT,1000.00,ACTIVE
ACC-6179,CUST-356,DEBIT,0.00,ACTIVE
ACC-6180,CUST-514,CREDIT,25000.00,ACTIVE
ACC-6181,CUST-197,CREDIT,2500.00,ACTIVE
ACC-6182,CUST-759,CREDIT,2500.00,ACTIVE
ACC-6183,CUST-823,DEBIT,0.00,ACTIVE
ACC-6184,CUST-805,DEBIT,0.00,ACTIVE
ACC-6185,CUST-625,CREDIT,2500.00,ACTIVE
ACC-6186,CUST-252,CREDIT,5000.00,ACTIVE
ACC-6187,CUST-134,DEBIT,0.00,ACTIVE
ACC-6188,CUST-608,CREDIT,15000.00,ACTIVE
ACC-6189,CUST-578,CREDIT,5000.00,ACTIVE
ACC-6190,CUST-297,CREDIT,5000.00,ACTIVE
ACC-6191,CUST-327,CREDIT,2500.00,ACTIVE
ACC-6192,CUST-401,CREDIT,10000.00,ACTIVE
ACC-6193,CUST-890,CREDIT,15000.00,ACTIVE
ACC-6194,CUST-439,CREDIT,2500.00,ACTIVE
ACC-6195,CUST-171,CREDIT,1000.00,ACTIVE
ACC-6196,CUST-454,CREDIT,25000.00,BLOCKED
ACC-6197,CUST-507,CREDIT,5000.00,ACTIVE
ACC-6198,CUST-716,CREDIT,1000.00,ACTIVE
ACC-6199,CUST-518,CREDIT,1000.00,ACTIVE
ACC-6200,CUST-348,CREDIT,1000.00,ACTIVE
ACC-6201,CUST-191,CREDIT,10000.00,ACTIVE
ACC-6202,CUST-279,DEBIT,0.00,ACTIVE
ACC-6203,CUST-742,CREDIT,2500.00,ACTIVE
ACC-6204,CUST-130,CREDIT,5000.00,ACTIVE
ACC-6205,CUST-645,DEBIT,0.00,ACTIVE
ACC-6206,CUST-853,DEBIT,0.00,ACTIVE
ACC-6207,CUST-934,CREDIT,5000.00,ACTIVE
ACC-6208,CUST-872,DEBIT,0.00,ACTIVE
ACC-6209,CUST-996,CREDIT,10000.00,ACTIVE
ACC-6210,CUST-550,CREDIT,2500.00,ACTIVE
ACC-6211,CUST-407,CREDIT,2500.00,ACTIVE
ACC-6212,CUST-190,CREDIT,1000.00,ACTIVE
ACC-6213,CUST-836,CREDIT,1000.00,ACTIVE
ACC-6214,CUST-309,DEBIT,0.00,ACTIVE
ACC-6215,CUST-965,DEBIT,0.00,ACTIVE
ACC-6216,CUST-531,CREDIT,2500.00,ACTIVE
ACC-6217,CUST-267,CREDIT,10000.00,ACTIVE
ACC-6218,CUST-867,DEBIT,0.00,ACTIVE
ACC-6219,CUST-784,DEBIT,0.00,ACTIVE
ACC-6220,CUST-103,DEBIT,0.00,ACTIVE
ACC-6221,CUST-496,CREDIT,10000.00,ACTIVE
ACC-6222,CUST-901,DEBIT,0.00,ACTIVE
ACC-6223,CUST-382,CREDIT,2500.00,ACTIVE
ACC-6224,CUST-736,DEBIT,0.00,ACTIVE
ACC-6225,CUST-518,DEBIT,0.00,ACTIVE
ACC-6226,CUST-976,DEBIT,0.00,ACTIVE
ACC-6227,CUST-400,DEBIT,0.00,ACTIVE
ACC-6228,CUST-692,CREDIT,1000.00,ACTIVE
ACC-6229,CUST-137,CREDIT,2500.00,ACTIVE
ACC-6230,CUST-410,CREDIT,1000.00,ACTIVE
ACC-6231,CUST-249,CREDIT,10000.00,BLOCKED
ACC-6232,CUST-931,CREDIT,5000.00,ACTIVE
ACC-6233,CUST-529,CREDIT,1000.00,ACTIVE
ACC-6234,CUST-660,DEBIT,0.00,ACTIVE
ACC-6235,CUST-444,CREDIT,1000.00,ACTIVE
ACC-6236,CUST-358,DEBIT,0.00,ACTIVE
ACC-6237,CUST-362,CREDIT,5000.00,ACTIVE
ACC-6238,CUST-509,CREDIT,2500.00,ACTIVE
ACC-6239,CUST-389,DEBIT,0.00,ACTIVE
ACC-6240,CUST-203,CREDIT,1000.00,ACTIVE
ACC-6241,CUST-892,DEBIT,0.00,ACTIVE
ACC-6242,CUST-250,CREDIT,15000.00,ACTIVE
ACC-6243,CUST-539,CREDIT,1000.00,ACTIVE
ACC-6244,CUST-700,CREDIT,2500.00,ACTIVE
ACC-6245,CUST-984,DEBIT,0.00,ACTIVE
ACC-6246,CUST-640,CREDIT,2500.00,ACTIVE
ACC-6247,CUST-649,CREDIT,15000.00,ACTIVE
ACC-6248,CUST-986,CREDIT,10000.00,ACTIVE
ACC-6249,CUST-200,DEBIT,0.00,ACTIVE
ACC-6250,CUST-286,DEBIT,0.00,BLOCKED
ACC-6251,CUST-772,CREDIT,5000.00,ACTIVE
ACC-6252,CUST-843,DEBIT,0.00,ACTIVE
ACC-6253,CUST-511,CREDIT,1000.00,ACTIVE
ACC-6254,CUST-640,CREDIT,15000.00,ACTIVE
ACC-6255,CUST-202,CREDIT,2500.00,ACTIVE
ACC-6256,CUST-617,DEBIT,0.00,ACTIVE
ACC-6257,CUST-163,CREDIT,1000.00,ACTIVE
ACC-6258,CUST-708,DEBIT,0.00,ACTIVE
ACC-6259,CUST-150,CREDIT,15000.00,ACTIVE
ACC-6260,CUST-113,CREDIT,5000.00,ACTIVE
ACC-6261,CUST-346,CREDIT,10000.00,ACTIVE
ACC-6262,CUST-201,CREDIT,25000.00,ACTIVE
ACC-6263,CUST-668,CREDIT,10000.00,ACTIVE
ACC-6264,CUST-745,CREDIT,25000.00,ACTIVE
ACC-6265,CUST-259,DEBIT,0.00,ACTIVE
ACC-6266,CUST-800,DEBIT,0.00,ACTIVE
ACC-6267,CUST-152,DEBIT,0.00,BLOCKED
ACC-6268,CUST-695,DEBIT,0.00,ACTIVE
ACC-6269,CUST-636,CREDIT,25000.00,ACTIVE
ACC-6270,CUST-743,CREDIT,5000.00,ACTIVE
ACC-6271,CUST-448,CREDIT,2500.00,ACTIVE
ACC-6272,CUST-222,CREDIT,15000.00,ACTIVE
ACC-6273,CUST-792,CREDIT,2500.00,ACTIVE
ACC-6274,CUST-862,DEBIT,0.00,ACTIVE
ACC-6275,CUST-713,CREDIT,2500.00,ACTIVE
ACC-6276,CUST-579,DEBIT,0.00,ACTIVE
ACC-6277,CUST-128,CREDIT,10000.00,ACTIVE
ACC-6278,CUST-730,CREDIT,15000.00,ACTIVE
ACC-6279,CUST-307,CREDIT,2500.00,ACTIVE
ACC-6280,CUST-702,DEBIT,0.00,ACTIVE
ACC-6281,CUST-602,CREDIT,10000.00,ACTIVE
ACC-6282,CUST-596,DEBIT,0.00,ACTIVE
ACC-6283,CUST-999,CREDIT,2500.00,ACTIVE
ACC-6284,CUST-107,CREDIT,1000.00,ACTIVE
ACC-6285,CUST-789,CREDIT,5000.00,ACTIVE
ACC-6286,CUST-903,DEBIT,0.00,ACTIVE
ACC-6287,CUST-273,CREDIT,15000.00,ACTIVE
ACC-6288,CUST-400,DEBIT,0.00,ACTIVE
ACC-6289,CUST-504,CREDIT,2500.00,ACTIVE
ACC-6290,CUST-944,DEBIT,0.00,ACTIVE
ACC-6291,CUST-493,CREDIT,15000.00,ACTIVE
ACC-6292,CUST-967,CREDIT,10000.00,ACTIVE
ACC-6293,CUST-120,CREDIT,10000.00,ACTIVE
ACC-6294,CUST-465,CREDIT,10000.00,ACTIVE
ACC-6295,CUST-351,CREDIT,15000.00,ACTIVE
ACC-6296,CUST-998,CREDIT,5000.00,ACTIVE
ACC-6297,CUST-156,DEBIT,0.00,ACTIVE
ACC-6298,CUST-405,DEBIT,0.00,ACTIVE
ACC-6299,CUST-104,DEBIT,0.00,ACTIVE
ACC-6300,CUST-472,CREDIT,1000.00,ACTIVE
ACC-6301,CUST-364,CREDIT,25000.00,ACTIVE
ACC-6302,CUST-968,DEBIT,0.00,ACTIVE
ACC-6303,CUST-734,CREDIT,25000.00,ACTIVE
ACC-6304,CUST-395,CREDIT,2500.00,ACTIVE
ACC-6305,CUST-325,CREDIT,5000.00,ACTIVE
ACC-6306,CUST-856,CREDIT,5000.00,ACTIVE
ACC-6307,CUST-423,CREDIT,1000.00,ACTIVE
ACC-6308,CUST-203,DEBIT,0.00,ACTIVE
ACC-6309,CUST-836,CREDIT,1000.00,ACTIVE
ACC-6310,CUST-497,CREDIT,25000.00,ACTIVE
ACC-6311,CUST-913,DEBIT,0.00,ACTIVE
ACC-6312,CUST-729,CREDIT,25000.00,ACTIVE
ACC-6313,CUST-663,DEBIT,0.00,ACTIVE
ACC-6314,CUST-939,CREDIT,1000.00,ACTIVE
ACC-6315,CUST-530,CREDIT,5000.00,ACTIVE
ACC-6316,CUST-939,CREDIT,2500.00,ACTIVE
ACC-6317,CUST-976,DEBIT,0.00,ACTIVE
ACC-6318,CUST-352,DEBIT,0.00,ACTIVE
ACC-6319,CUST-984,CREDIT,5000.00,ACTIVE
ACC-6320,CUST-559,CREDIT,15000.00,ACTIVE
ACC-6321,CUST-200,DEBIT,0.00,ACTIVE
ACC-6322,CUST-676,CREDIT,15000.00,ACTIVE
ACC-6323,CUST-365,CREDIT,1000.00,ACTIVE
ACC-6324,CUST-787,CREDIT,25000.00,ACTIVE
ACC-6325,CUST-332,DEBIT,0.00,ACTIVE
ACC-6326,CUST-402,DEBIT,0.00,ACTIVE
ACC-6327,CUST-855,DEBIT,0.00,ACTIVE
ACC-6328,CUST-386,DEBIT,0.00,ACTIVE
ACC-6329,CUST-137,CREDIT,10000.00,ACTIVE
ACC-6330,CUST-571,CREDIT,10000.00,ACTIVE
ACC-6331,CUST-470,CREDIT,15000.00,ACTIVE
ACC-6332,CUST-592,CREDIT,5000.00,ACTIVE
ACC-6333,CUST-592,CREDIT,25000.00,ACTIVE
ACC-6334,CUST-200,DEBIT,0.00,ACTIVE
ACC-6335,CUST-642,CREDIT,5000.00,BLOCKED
ACC-6336,CUST-403,CREDIT,2500.00,ACTIVE
ACC-6337,CUST-615,DEBIT,0.00,ACTIVE
ACC-6338,CUST-787,DEBIT,0.00,ACTIVE
ACC-6339,CUST-276,CREDIT,1000.00,ACTIVE
ACC-6340,CUST-512,CREDIT,10000.00,ACTIVE
ACC-6341,CUST-290,DEBIT,0.00,ACTIVE
ACC-6342,CUST-559,CREDIT,5000.00,BLOCKED
ACC-6343,CUST-556,CREDIT,5000.00,ACTIVE
ACC-6344,CUST-311,DEBIT,0.00,ACTIVE
ACC-6345,CUST-823,CREDIT,1000.00,ACTIVE
ACC-6346,CUST-661,CREDIT,5000.00,ACTIVE
ACC-6347,CUST-527,DEBIT,0.00,ACTIVE
ACC-6348,CUST-228,DEBIT,0.00,ACTIVE
ACC-6349,CUST-616,CREDIT,15000.00,ACTIVE
ACC-6350,CUST-516,DEBIT,0.00,ACTIVE
ACC-6351,CUST-916,DEBIT,0.00,ACTIVE
ACC-6352,CUST-705,CREDIT,15000.00,BLOCKED
ACC-6353,CUST-810,DEBIT,0.00,ACTIVE
ACC-6354,CUST-365,CREDIT,5000.00,ACTIVE
ACC-6355,CUST-954,CREDIT,1000.00,ACTIVE
ACC-6356,CUST-691,CREDIT,2500.00,ACTIVE
ACC-6357,CUST-435,CREDIT,1000.00,ACTIVE
ACC-6358,CUST-363,CREDIT,10000.00,ACTIVE
ACC-6359,CUST-798,DEBIT,0.00,ACTIVE
ACC-6360,CUST-561,DEBIT,0.00,ACTIVE
ACC-6361,CUST-574,CREDIT,10000.00,ACTIVE
ACC-6362,CUST-262,CREDIT,5000.00,ACTIVE
ACC-6363,CUST-983,CREDIT,1000.00,ACTIVE
ACC-6364,CUST-965,CREDIT,15000.00,ACTIVE
ACC-6365,CUST-867,CREDIT,2500.00,ACTIVE
ACC-6366,CUST-311,DEBIT,0.00,ACTIVE
ACC-6367,CUST-758,CREDIT,25000.00,ACTIVE
ACC-6368,CUST-176,CREDIT,1000.00,ACTIVE
ACC-6369,CUST-766,DEBIT,0.00,ACTIVE
ACC-6370,CUST-223,DEBIT,0.00,ACTIVE
ACC-6371,CUST-268,DEBIT,0.00,ACTIVE
ACC-6372,CUST-656,CREDIT,5000.00,ACTIVE
ACC-6373,CUST-665,CREDIT,5000.00,ACTIVE
ACC-6374,CUST-483,CREDIT,15000.00,ACTIVE
ACC-6375,CUST-692,CREDIT,1000.00,ACTIVE
ACC-6376,CUST-283,CREDIT,15000.00,ACTIVE
ACC-6377,CUST-682,CREDIT,2500.00,ACTIVE
ACC-6378,CUST-372,DEBIT,0.00,ACTIVE
ACC-6379,CUST-948,CREDIT,10000.00,ACTIVE
ACC-6380,CUST-989,CREDIT,10000.00,ACTIVE
ACC-6381,CUST-877,CREDIT,10000.00,ACTIVE
ACC-6382,CUST-182,CREDIT,2500.00,ACTIVE
ACC-6383,CUST-897,CREDIT,2500.00,ACTIVE
ACC-6384,CUST-133,CREDIT,5000.00,ACTIVE
ACC-6385,CUST-523,CREDIT,2500.00,ACTIVE
ACC-6386,CUST-386,DEBIT,0.00,ACTIVE
ACC-6387,CUST-983,CREDIT,2500.00,ACTIVE
ACC-6388,CUST-385,DEBIT,0.00,ACTIVE
ACC-6389,CUST-347,DEBIT,0.00,ACTIVE
ACC-6390,CUST-327,DEBIT,0.00,ACTIVE
ACC-6391,CUST-507,DEBIT,0.00,ACTIVE
ACC-6392,CUST-162,DEBIT,0.00,ACTIVE
ACC-6393,CUST-727,CREDIT,5000.00,ACTIVE
ACC-6394,CUST-211,DEBIT,0.00,ACTIVE
ACC-6395,CUST-719,DEBIT,0.00,ACTIVE
ACC-6396,CUST-876,CREDIT,10000.00,ACTIVE
ACC-6397,CUST-263,CREDIT,15000.00,ACTIVE
ACC-6398,CUST-496,DEBIT,0.00,ACTIVE
ACC-6399,CUST-890,CREDIT,25000.00,ACTIVE
ACC-6400,CUST-950,CREDIT,10000.00,ACTIVE
ACC-6401,CUST-761,CREDIT,10000.00,ACTIVE
ACC-6402,CUST-270,CREDIT,2500.00,ACTIVE
ACC-6403,CUST-310,CREDIT,5000.00,ACTIVE
ACC-6404,CUST-741,CREDIT,5000.00,ACTIVE
ACC-6405,CUST-100,CREDIT,1000.00,ACTIVE
ACC-6406,CUST-935,CREDIT,15000.00,ACTIVE
ACC-6407,CUST-472,CREDIT,25000.00,ACTIVE
ACC-6408,CUST-122,DEBIT,0.00,ACTIVE
ACC-6409,CUST-832,CREDIT,15000.00,ACTIVE
ACC-6410,CUST-962,DEBIT,0.00,ACTIVE
ACC-6411,CUST-269,DEBIT,0.00,ACTIVE
ACC-6412,CUST-895,CREDIT,1000.00,ACTIVE
ACC-6413,CUST-933,DEBIT,0.00,ACTIVE
ACC-6414,CUST-655,CREDIT,1000.00,ACTIVE
ACC-6415,CUST-277,CREDIT,1000.00,ACTIVE
ACC-6416,CUST-297,DEBIT,0.00,ACTIVE
ACC-6417,CUST-271,CREDIT,2500.00,ACTIVE
ACC-6418,CUST-929,CREDIT,1000.00,ACTIVE
ACC-6419,CUST-452,CREDIT,25000.00,ACTIVE
ACC-6420,CUST-733,DEBIT,0.00,ACTIVE
ACC-6421,CUST-445,DEBIT,0.00,ACTIVE
ACC-6422,CUST-134,CREDIT,25000.00,ACTIVE
ACC-6423,CUST-932,CREDIT,10000.00,ACTIVE
ACC-6424,CUST-902,CREDIT,15000.00,ACTIVE
ACC-6425,CUST-351,CREDIT,2500.00,ACTIVE
ACC-6426,CUST-352,CREDIT,2500.00,ACTIVE
ACC-6427,CUST-235,CREDIT,2500.00,ACTIVE
ACC-6428,CUST-677,CREDIT,15000.00,ACTIVE
ACC-6429,CUST-760,DEBIT,0.00,ACTIVE
ACC-6430,CUST-907,CREDIT,2500.00,ACTIVE
ACC-6431,CUST-693,CREDIT,5000.00,ACTIVE
ACC-6432,CUST-502,CREDIT,5000.00,ACTIVE
ACC-6433,CUST-237,CREDIT,15000.00,ACTIVE
ACC-6434,CUST-348,DEBIT,0.00,ACTIVE
ACC-6435,CUST-177,DEBIT,0.00,ACTIVE
ACC-6436,CUST-384,CREDIT,5000.00,ACTIVE
ACC-6437,CUST-709,CREDIT,1000.00,ACTIVE
ACC-6438,CUST-195,DEBIT,0.00,ACTIVE
ACC-6439,CUST-915,CREDIT,10000.00,ACTIVE
ACC-6440,CUST-557,CREDIT,2500.00,ACTIVE
ACC-6441,CUST-481,CREDIT,2500.00,ACTIVE
ACC-6442,CUST-533,CREDIT,10000.00,ACTIVE
ACC-6443,CUST-426,DEBIT,0.00,ACTIVE
ACC-6444,CUST-508,CREDIT,15000.00,ACTIVE
ACC-6445,CUST-245,CREDIT,1000.00,ACTIVE
ACC-6446,CUST-535,DEBIT,0.00,ACTIVE
ACC-6447,CUST-684,CREDIT,2500.00,ACTIVE
ACC-6448,CUST-645,CREDIT,25000.00,ACTIVE
ACC-6449,CUST-240,DEBIT,0.00,ACTIVE
ACC-6450,CUST-208,CREDIT,2500.00,ACTIVE
ACC-6451,CUST-439,CREDIT,25000.00,ACTIVE
ACC-6452,CUST-314,CREDIT,5000.00,ACTIVE
ACC-6453,CUST-695,DEBIT,0.00,ACTIVE
ACC-6454,CUST-961,CREDIT,5000.00,ACTIVE
ACC-6455,CUST-705,CREDIT,10000.00,ACTIVE
ACC-6456,CUST-719,CREDIT,2500.00,ACTIVE
ACC-6457,CUST-859,DEBIT,0.00,ACTIVE
ACC-6458,CUST-195,CREDIT,2500.00,ACTIVE
ACC-6459,CUST-360,CREDIT,2500.00,ACTIVE
ACC-6460,CUST-652,CREDIT,25000.00,ACTIVE
ACC-6461,CUST-853,DEBIT,0.00,ACTIVE
ACC-6462,CUST-890,DEBIT,0.00,ACTIVE
ACC-6463,CUST-604,CREDIT,10000.00,ACTIVE
ACC-6464,CUST-313,CREDIT,15000.00,ACTIVE
ACC-6465,CUST-703,DEBIT,0.00,ACTIVE
ACC-6466,CUST-197,CREDIT,15000.00,ACTIVE
ACC-6467,CUST-269,CREDIT,15000.00,ACTIVE
ACC-6468,CUST-396,CREDIT,25000.00,ACTIVE
ACC-6469,CUST-632,DEBIT,0.00,ACTIVE
ACC-6470,CUST-467,CREDIT,15000.00,ACTIVE
ACC-6471,CUST-949,DEBIT,0.00,ACTIVE
ACC-6472,CUST-893,DEBIT,0.00,ACTIVE
ACC-6473,CUST-589,CREDIT,10000.00,ACTIVE
ACC-6474,CUST-620,CREDIT,2500.00,ACTIVE
ACC-6475,CUST-698,CREDIT,10000.00,ACTIVE
ACC-6476,CUST-321,DEBIT,0.00,ACTIVE
ACC-6477,CUST-426,DEBIT,0.00,ACTIVE
ACC-6478,CUST-699,DEBIT,0.00,ACTIVE
ACC-6479,CUST-287,CREDIT,15000.00,ACTIVE
ACC-6480,CUST-208,DEBIT,0.00,ACTIVE
ACC-6481,CUST-779,CREDIT,5000.00,ACTIVE
ACC-6482,CUST-875,DEBIT,0.00,ACTIVE
ACC-6483,CUST-276,DEBIT,0.00,ACTIVE
ACC-6484,CUST-357,CREDIT,2500.00,ACTIVE
ACC-6485,CUST-192,DEBIT,0.00,ACTIVE
ACC-6486,CUST-266,DEBIT,0.00,ACTIVE
ACC-6487,CUST-683,CREDIT,5000.00,ACTIVE
ACC-6488,CUST-113,CREDIT,15000.00,ACTIVE
ACC-6489,CUST-274,CREDIT,25000.00,ACTIVE
ACC-6490,CUST-237,DEBIT,0.00,ACTIVE
ACC-6491,CUST-950,CREDIT,1000.00,ACTIVE
ACC-6492,CUST-153,DEBIT,0.00,ACTIVE
ACC-6493,CUST-298,DEBIT,0.00,ACTIVE
ACC-6494,CUST-762,CREDIT,10000.00,ACTIVE
ACC-6495,CUST-176,CREDIT,25000.00,ACTIVE
ACC-6496,CUST-351,CREDIT,1000.00,ACTIVE
ACC-6497,CUST-281,CREDIT,2500.00,ACTIVE
ACC-6498,CUST-195,CREDIT,5000.00,ACTIVE
ACC-6499,CUST-972,CREDIT,15000.00,ACTIVE
ACC-6500,CUST-121,CREDIT,1000.00,ACTIVE
ACC-6501,CUST-597,DEBIT,0.00,ACTIVE
ACC-6502,CUST-387,DEBIT,0.00,ACTIVE
ACC-6503,CUST-950,CREDIT,25000.00,ACTIVE
ACC-6504,CUST-546,DEBIT,0.00,ACTIVE
ACC-6505,CUST-323,DEBIT,0.00,ACTIVE
ACC-6506,CUST-462,DEBIT,0.00,ACTIVE
ACC-6507,CUST-574,CREDIT,15000.00,ACTIVE
ACC-6508,CUST-555,CREDIT,5000.00,ACTIVE
ACC-6509,CUST-977,DEBIT,0.00,ACTIVE
ACC-6510,CUST-988,CREDIT,1000.00,ACTIVE
ACC-6511,CUST-217,DEBIT,0.00,ACTIVE
ACC-6512,CUST-829,CREDIT,15000.00,ACTIVE
ACC-6513,CUST-304,CREDIT,10000.00,ACTIVE
ACC-6514,CUST-382,DEBIT,0.00,ACTIVE
ACC-6515,CUST-866,DEBIT,0.00,ACTIVE
ACC-6516,CUST-774,CREDIT,2500.00,ACTIVE
ACC-6517,CUST-588,DEBIT,0.00,ACTIVE
ACC-6518,CUST-870,DEBIT,0.00,ACTIVE
ACC-6519,CUST-357,CREDIT,25000.00,ACTIVE
ACC-6520,CUST-146,CREDIT,2500.00,ACTIVE
ACC-6521,CUST-928,DEBIT,0.00,ACTIVE
ACC-6522,CUST-202,CREDIT,5000.00,ACTIVE
ACC-6523,CUST-188,CREDIT,10000.00,ACTIVE
ACC-6524,CUST-730,DEBIT,0.00,ACTIVE
ACC-6525,CUST-287,CREDIT,2500.00,ACTIVE
ACC-6526,CUST-324,CREDIT,2500.00,ACTIVE
ACC-6527,CUST-179,CREDIT,5000.00,ACTIVE
ACC-6528,CUST-375,DEBIT,0.00,ACTIVE
ACC-6529,CUST-613,CREDIT,5000.00,ACTIVE
ACC-6530,CUST-559,DEBIT,0.00,ACTIVE
ACC-6531,CUST-995,CREDIT,1000.00,ACTIVE
ACC-6532,CUST-330,CREDIT,15000.00,ACTIVE
ACC-6533,CUST-681,CREDIT,2500.00,ACTIVE
ACC-6534,CUST-302,CREDIT,25000.00,ACTIVE
ACC-6535,CUST-164,CREDIT,25000.00,ACTIVE
ACC-6536,CUST-103,DEBIT,0.00,BLOCKED
ACC-6537,CUST-445,CREDIT,2500.00,ACTIVE
ACC-6538,CUST-374,CREDIT,5000.00,ACTIVE
ACC-6539,CUST-340,CREDIT,10000.00,ACTIVE
ACC-6540,CUST-955,CREDIT,15000.00,ACTIVE
ACC-6541,CUST-325,DEBIT,0.00,ACTIVE
ACC-6542,CUST-537,CREDIT,1000.00,ACTIVE
ACC-6543,CUST-750,CREDIT,10000.00,ACTIVE
ACC-6544,CUST-566,CREDIT,1000.00,ACTIVE
ACC-6545,CUST-317,CREDIT,15000.00,ACTIVE
ACC-6546,CUST-184,CREDIT,10000.00,ACTIVE
ACC-6547,CUST-976,CREDIT,10000.00,ACTIVE
ACC-6548,CUST-524,CREDIT,10000.00,ACTIVE
ACC-6549,CUST-997,DEBIT,0.00,ACTIVE
ACC-6550,CUST-928,CREDIT,2500.00,ACTIVE
ACC-6551,CUST-476,DEBIT,0.00,ACTIVE
ACC-6552,CUST-189,DEBIT,0.00,ACTIVE
ACC-6553,CUST-684,CREDIT,15000.00,ACTIVE
ACC-6554,CUST-586,CREDIT,1000.00,ACTIVE
ACC-6555,CUST-963,DEBIT,0.00,ACTIVE
ACC-6556,CUST-141,CREDIT,15000.00,ACTIVE
ACC-6557,CUST-957,DEBIT,0.00,ACTIVE
ACC-6558,CUST-341,CREDIT,1000.00,ACTIVE
ACC-6559,CUST-137,CREDIT,10000.00,ACTIVE
ACC-6560,CUST-535,CREDIT,2500.00,ACTIVE
ACC-6561,CUST-505,CREDIT,2500.00,ACTIVE
ACC-6562,CUST-122,CREDIT,10000.00,ACTIVE
ACC-6563,CUST-910,DEBIT,0.00,ACTIVE
ACC-6564,CUST-238,DEBIT,0.00,ACTIVE
ACC-6565,CUST-978,CREDIT,2500.00,ACTIVE
ACC-6566,CUST-894,CREDIT,15000.00,ACTIVE
ACC-6567,CUST-562,CREDIT,1000.00,ACTIVE
ACC-6568,CUST-323,CREDIT,15000.00,ACTIVE
ACC-6569,CUST-927,CREDIT,5000.00,ACTIVE
ACC-6570,CUST-869,DEBIT,0.00,ACTIVE
ACC-6571,CUST-796,CREDIT,10000.00,ACTIVE
ACC-6572,CUST-810,DEBIT,0.00,ACTIVE
ACC-6573,CUST-509,CREDIT,15000.00,ACTIVE
ACC-6574,CUST-752,CREDIT,5000.00,ACTIVE
ACC-6575,CUST-752,CREDIT,1000.00,ACTIVE
ACC-6576,CUST-220,CREDIT,2500.00,ACTIVE
ACC-6577,CUST-763,DEBIT,0.00,ACTIVE
ACC-6578,CUST-816,DEBIT,0.00,ACTIVE
ACC-6579,CUST-511,DEBIT,0.00,ACTIVE
ACC-6580,CUST-516,DEBIT,0.00,ACTIVE
ACC-6581,CUST-880,CREDIT,2500.00,ACTIVE
ACC-6582,CUST-792,CREDIT,2500.00,ACTIVE
ACC-6583,CUST-296,DEBIT,0.00,ACTIVE
ACC-6584,CUST-281,DEBIT,0.00,ACTIVE
ACC-6585,CUST-730,DEBIT,0.00,ACTIVE
ACC-6586,CUST-263,CREDIT,15000.00,ACTIVE
ACC-6587,CUST-819,CREDIT,15000.00,ACTIVE
ACC-6588,CUST-338,CREDIT,2500.00,ACTIVE
ACC-6589,CUST-106,CREDIT,10000.00,ACTIVE
ACC-6590,CUST-275,CREDIT,5000.00,ACTIVE
ACC-6591,CUST-311,CREDIT,5000.00,ACTIVE
ACC-6592,CUST-803,DEBIT,0.00,ACTIVE
ACC-6593,CUST-189,DEBIT,0.00,ACTIVE
ACC-6594,CUST-434,DEBIT,0.00,ACTIVE
ACC-6595,CUST-119,CREDIT,25000.00,ACTIVE
ACC-6596,CUST-725,CREDIT,5000.00,ACTIVE
ACC-6597,CUST-489,DEBIT,0.00,ACTIVE
ACC-6598,CUST-939,CREDIT,1000.00,ACTIVE
ACC-6599,CUST-364,CREDIT,2500.00,ACTIVE
ACC-6600,CUST-378,DEBIT,0.00,ACTIVE
ACC-6601,CUST-384,CREDIT,15000.00,ACTIVE
ACC-6602,CUST-155,DEBIT,0.00,ACTIVE
ACC-6603,CUST-810,DEBIT,0.00,ACTIVE
ACC-6604,CUST-577,DEBIT,0.00,ACTIVE
ACC-6605,CUST-582,DEBIT,0.00,ACTIVE
ACC-6606,CUST-485,CREDIT,1000.00,ACTIVE
ACC-6607,CUST-327,DEBIT,0.00,ACTIVE
ACC-6608,CUST-760,DEBIT,0.00,ACTIVE
ACC-6609,CUST-766,CREDIT,1000.00,ACTIVE
ACC-6610,CUST-694,DEBIT,0.00,ACTIVE
ACC-6611,CUST-970,DEBIT,0.00,ACTIVE
ACC-6612,CUST-101,DEBIT,0.00,ACTIVE
ACC-6613,CUST-217,CREDIT,10000.00,ACTIVE
ACC-6614,CUST-522,CREDIT,15000.00,BLOCKED
ACC-6615,CUST-149,CREDIT,1000.00,ACTIVE
ACC-6616,CUST-132,CREDIT,15000.00,ACTIVE
ACC-6617,CUST-511,CREDIT,1000.00,ACTIVE
ACC-6618,CUST-524,CREDIT,2500.00,ACTIVE
ACC-6619,CUST-403,CREDIT,25000.00,ACTIVE
ACC-6620,CUST-434,DEBIT,0.00,ACTIVE
ACC-6621,CUST-971,DEBIT,0.00,ACTIVE
ACC-6622,CUST-775,CREDIT,2500.00,ACTIVE
ACC-6623,CUST-288,CREDIT,5000.00,ACTIVE
ACC-6624,CUST-190,CREDIT,10000.00,ACTIVE
ACC-6625,CUST-706,CREDIT,15000.00,ACTIVE
ACC-6626,CUST-494,DEBIT,0.00,ACTIVE
ACC-6627,CUST-583,DEBIT,0.00,ACTIVE
ACC-6628,CUST-133,CREDIT,2500.00,ACTIVE
ACC-6629,CUST-222,CREDIT,1000.00,ACTIVE
ACC-6630,CUST-279,CREDIT,25000.00,ACTIVE
ACC-6631,CUST-788,DEBIT,0.00,ACTIVE
ACC-6632,CUST-375,DEBIT,0.00,ACTIVE
ACC-6633,CUST-766,CREDIT,15000.00,ACTIVE
ACC-6634,CUST-634,CREDIT,5000.00,ACTIVE
ACC-6635,CUST-106,DEBIT,0.00,ACTIVE
ACC-6636,CUST-402,CREDIT,1000.00,ACTIVE
ACC-6637,CUST-246,DEBIT,0.00,ACTIVE
ACC-6638,CUST-320,CREDIT,25000.00,ACTIVE
ACC-6639,CUST-259,CREDIT,1000.00,ACTIVE
ACC-6640,CUST-354,DEBIT,0.00,ACTIVE
ACC-6641,CUST-683,CREDIT,15000.00,ACTIVE
ACC-6642,CUST-724,CREDIT,25000.00,ACTIVE
ACC-6643,CUST-872,CREDIT,10000.00,ACTIVE
ACC-6644,CUST-964,CREDIT,10000.00,ACTIVE
ACC-6645,CUST-143,DEBIT,0.00,ACTIVE
ACC-6646,CUST-535,CREDIT,2500.00,ACTIVE
ACC-6647,CUST-934,CREDIT,1000.00,ACTIVE
ACC-6648,CUST-385,CREDIT,5000.00,ACTIVE
ACC-6649,CUST-994,DEBIT,0.00,BLOCKED
ACC-6650,CUST-998,CREDIT,25000.00,ACTIVE
ACC-6651,CUST-221,DEBIT,0.00,ACTIVE
ACC-6652,CUST-610,CREDIT,25000.00,ACTIVE
ACC-6653,CUST-829,CREDIT,5000.00,ACTIVE
ACC-6654,CUST-230,CREDIT,2500.00,BLOCKED
ACC-6655,CUST-926,CREDIT,1000.00,ACTIVE
ACC-6656,CUST-517,CREDIT,15000.00,BLOCKED
ACC-6657,CUST-695,CREDIT,1000.00,ACTIVE
ACC-6658,CUST-975,CREDIT,10000.00,ACTIVE
ACC-6659,CUST-238,DEBIT,0.00,ACTIVE
ACC-6660,CUST-290,DEBIT,0.00,ACTIVE
ACC-6661,CUST-520,CREDIT,10000.00,ACTIVE
ACC-6662,CUST-526,CREDIT,2500.00,ACTIVE
ACC-6663,CUST-682,CREDIT,10000.00,ACTIVE
ACC-6664,CUST-453,CREDIT,2500.00,ACTIVE
ACC-6665,CUST-715,CREDIT,15000.00,ACTIVE
ACC-6666,CUST-854,DEBIT,0.00,ACTIVE
ACC-6667,CUST-320,CREDIT,25000.00,ACTIVE
ACC-6668,CUST-985,CREDIT,15000.00,ACTIVE
ACC-6669,CUST-575,DEBIT,0.00,ACTIVE
ACC-6670,CUST-291,DEBIT,0.00,ACTIVE
ACC-6671,CUST-224,CREDIT,10000.00,ACTIVE
ACC-6672,CUST-635,CREDIT,15000.00,ACTIVE
ACC-6673,CUST-722,DEBIT,0.00,ACTIVE
ACC-6674,CUST-304,DEBIT,0.00,ACTIVE
ACC-6675,CUST-882,CREDIT,25000.00,ACTIVE
ACC-6676,CUST-512,CREDIT,2500.00,BLOCKED
ACC-6677,CUST-396,CREDIT,1000.00,ACTIVE
ACC-6678,CUST-815,CREDIT,25000.00,BLOCKED
ACC-6679,CUST-731,CREDIT,10000.00,ACTIVE
ACC-6680,CUST-911,DEBIT,0.00,ACTIVE
ACC-6681,CUST-973,CREDIT,25000.00,ACTIVE
ACC-6682,CUST-677,CREDIT,5000.00,ACTIVE
ACC-6683,CUST-309,CREDIT,5000.00,ACTIVE
ACC-6684,CUST-255,CREDIT,15000.00,ACTIVE
ACC-6685,CUST-581,DEBIT,0.00,ACTIVE
ACC-6686,CUST-545,CREDIT,15000.00,ACTIVE
ACC-6687,CUST-263,CREDIT,25000.00,ACTIVE
ACC-6688,CUST-814,DEBIT,0.00,ACTIVE
ACC-6689,CUST-826,CREDIT,1000.00,ACTIVE
ACC-6690,CUST-339,CREDIT,1000.00,ACTIVE
ACC-6691,CUST-596,CREDIT,2500.00,ACTIVE
ACC-6692,CUST-919,DEBIT,0.00,ACTIVE
ACC-6693,CUST-735,CREDIT,5000.00,ACTIVE
ACC-6694,CUST-947,CREDIT,15000.00,ACTIVE
ACC-6695,CUST-936,DEBIT,0.00,ACTIVE
ACC-6696,CUST-234,CREDIT,5000.00,ACTIVE
ACC-6697,CUST-774,DEBIT,0.00,ACTIVE
ACC-6698,CUST-559,CREDIT,25000.00,ACTIVE
ACC-6699,CUST-638,CREDIT,10000.00,ACTIVE
ACC-6700,CUST-256,CREDIT,5000.00,BLOCKED
ACC-6701,CUST-850,DEBIT,0.00,ACTIVE
ACC-6702,CUST-106,CREDIT,5000.00,ACTIVE
ACC-6703,CUST-223,CREDIT,5000.00,ACTIVE
ACC-6704,CUST-174,DEBIT,0.00,ACTIVE
ACC-6705,CUST-733,DEBIT,0.00,ACTIVE
ACC-6706,CUST-153,CREDIT,10000.00,ACTIVE
ACC-6707,CUST-273,CREDIT,10000.00,ACTIVE
ACC-6708,CUST-529,CREDIT,5000.00,ACTIVE
ACC-6709,CUST-283,CREDIT,15000.00,ACTIVE
ACC-6710,CUST-441,DEBIT,0.00,ACTIVE
ACC-6711,CUST-697,DEBIT,0.00,ACTIVE
ACC-6712,CUST-628,CREDIT,1000.00,ACTIVE
ACC-6713,CUST-294,CREDIT,2500.00,ACTIVE
ACC-6714,CUST-972,CREDIT,2500.00,ACTIVE
ACC-6715,CUST-559,DEBIT,0.00,ACTIVE
ACC-6716,CUST-377,CREDIT,15000.00,ACTIVE
ACC-6717,CUST-647,CREDIT,1000.00,ACTIVE
ACC-6718,CUST-422,CREDIT,2500.00,ACTIVE
ACC-6719,CUST-105,DEBIT,0.00,ACTIVE
ACC-6720,CUST-429,DEBIT,0.00,ACTIVE
ACC-6721,CUST-582,CREDIT,15000.00,ACTIVE
ACC-6722,CUST-899,CREDIT,25000.00,ACTIVE
ACC-6723,CUST-811,DEBIT,0.00,ACTIVE
ACC-6724,CUST-651,CREDIT,25000.00,ACTIVE
ACC-6725,CUST-492,CREDIT,1000.00,ACTIVE
ACC-6726,CUST-933,CREDIT,5000.00,ACTIVE
ACC-6727,CUST-452,CREDIT,5000.00,ACTIVE
ACC-6728,CUST-854,CREDIT,25000.00,ACTIVE
ACC-6729,CUST-955,DEBIT,0.00,ACTIVE
ACC-6730,CUST-734,CREDIT,5000.00,ACTIVE
ACC-6731,CUST-782,CREDIT,5000.00,ACTIVE
ACC-6732,CUST-603,CREDIT,10000.00,ACTIVE
ACC-6733,CUST-391,DEBIT,0.00,ACTIVE
ACC-6734,CUST-920,CREDIT,2500.00,ACTIVE
ACC-6735,CUST-419,CREDIT,5000.00,ACTIVE
ACC-6736,CUST-879,CREDIT,5000.00,BLOCKED
ACC-6737,CUST-282,CREDIT,25000.00,ACTIVE
ACC-6738,CUST-314,CREDIT,15000.00,ACTIVE
ACC-6739,CUST-885,CREDIT,10000.00,ACTIVE
ACC-6740,CUST-344,DEBIT,0.00,ACTIVE
ACC-6741,CUST-800,CREDIT,15000.00,ACTIVE
ACC-6742,CUST-810,DEBIT,0.00,ACTIVE
ACC-6743,CUST-646,DEBIT,0.00,ACTIVE
ACC-6744,CUST-261,CREDIT,2500.00,ACTIVE
ACC-6745,CUST-491,CREDIT,5000.00,ACTIVE
ACC-6746,CUST-311,CREDIT,10000.00,ACTIVE
ACC-6747,CUST-450,DEBIT,0.00,ACTIVE
ACC-6748,CUST-156,DEBIT,0.00,ACTIVE
ACC-6749,CUST-579,DEBIT,0.00,ACTIVE
ACC-6750,CUST-619,CREDIT,1000.00,ACTIVE
ACC-6751,CUST-960,DEBIT,0.00,ACTIVE
ACC-6752,CUST-719,CREDIT,1000.00,ACTIVE
ACC-6753,CUST-142,CREDIT,1000.00,ACTIVE
ACC-6754,CUST-713,DEBIT,0.00,ACTIVE
ACC-6755,CUST-959,DEBIT,0.00,ACTIVE
ACC-6756,CUST-388,DEBIT,0.00,ACTIVE
ACC-6757,CUST-304,DEBIT,0.00,ACTIVE
ACC-6758,CUST-930,DEBIT,0.00,ACTIVE
ACC-6759,CUST-650,CREDIT,1000.00,ACTIVE
ACC-6760,CUST-451,CREDIT,5000.00,ACTIVE
ACC-6761,CUST-773,CREDIT,10000.00,ACTIVE
ACC-6762,CUST-133,CREDIT,15000.00,ACTIVE
ACC-6763,CUST-788,CREDIT,10000.00,ACTIVE
ACC-6764,CUST-421,DEBIT,0.00,ACTIVE
ACC-6765,CUST-587,CREDIT,10000.00,ACTIVE
ACC-6766,CUST-385,CREDIT,5000.00,ACTIVE
ACC-6767,CUST-908,CREDIT,25000.00,ACTIVE
ACC-6768,CUST-795,CREDIT,15000.00,ACTIVE
ACC-6769,CUST-301,DEBIT,0.00,ACTIVE
ACC-6770,CUST-863,CREDIT,1000.00,ACTIVE
ACC-6771,CUST-846,CREDIT,15000.00,ACTIVE
ACC-6772,CUST-911,CREDIT,5000.00,ACTIVE
ACC-6773,CUST-235,CREDIT,10000.00,BLOCKED
ACC-6774,CUST-434,DEBIT,0.00,ACTIVE
ACC-6775,CUST-102,DEBIT,0.00,ACTIVE
ACC-6776,CUST-493,CREDIT,1000.00,ACTIVE
ACC-6777,CUST-232,CREDIT,15000.00,ACTIVE
ACC-6778,CUST-106,CREDIT,15000.00,ACTIVE
ACC-6779,CUST-149,CREDIT,10000.00,ACTIVE
ACC-6780,CUST-142,CREDIT,1000.00,ACTIVE
ACC-6781,CUST-108,CREDIT,2500.00,ACTIVE
ACC-6782,CUST-756,CREDIT,2500.00,ACTIVE
ACC-6783,CUST-957,CREDIT,25000.00,ACTIVE
ACC-6784,CUST-111,CREDIT,15000.00,ACTIVE
ACC-6785,CUST-706,DEBIT,0.00,ACTIVE
ACC-6786,CUST-858,CREDIT,2500.00,ACTIVE
ACC-6787,CUST-238,CREDIT,1000.00,ACTIVE
ACC-6788,CUST-805,CREDIT,5000.00,ACTIVE
ACC-6789,CUST-682,CREDIT,10000.00,ACTIVE
ACC-6790,CUST-978,CREDIT,15000.00,ACTIVE
ACC-6791,CUST-501,CREDIT,25000.00,ACTIVE
ACC-6792,CUST-540,CREDIT,15000.00,ACTIVE
ACC-6793,CUST-934,CREDIT,10000.00,ACTIVE
ACC-6794,CUST-777,DEBIT,0.00,ACTIVE
ACC-6795,CUST-704,CREDIT,5000.00,BLOCKED
ACC-6796,CUST-392,DEBIT,0.00,ACTIVE
ACC-6797,CUST-388,DEBIT,0.00,ACTIVE
ACC-6798,CUST-330,DEBIT,0.00,ACTIVE
ACC-6799,CUST-745,CREDIT,1000.00,ACTIVE
ACC-6800,CUST-498,CREDIT,25000.00,ACTIVE
ACC-6801,CUST-390,CREDIT,5000.00,ACTIVE
ACC-6802,CUST-880,DEBIT,0.00,ACTIVE
ACC-6803,CUST-271,CREDIT,10000.00,ACTIVE
ACC-6804,CUST-226,CREDIT,25000.00,ACTIVE
ACC-6805,CUST-816,CREDIT,10000.00,ACTIVE
ACC-6806,CUST-931,CREDIT,1000.00,ACTIVE
ACC-6807,CUST-417,CREDIT,10000.00,ACTIVE
ACC-6808,CUST-403,CREDIT,1000.00,ACTIVE
ACC-6809,CUST-531,CREDIT,25000.00,ACTIVE
ACC-6810,CUST-234,DEBIT,0.00,ACTIVE
ACC-6811,CUST-473,CREDIT,1000.00,ACTIVE
ACC-6812,CUST-797,CREDIT,5000.00,ACTIVE
ACC-6813,CUST-843,CREDIT,10000.00,ACTIVE
ACC-6814,CUST-928,CREDIT,1000.00,ACTIVE
ACC-6815,CUST-639,CREDIT,10000.00,ACTIVE
ACC-6816,CUST-283,CREDIT,1000.00,ACTIVE
ACC-6817,CUST-704,CREDIT,1000.00,ACTIVE
ACC-6818,CUST-157,CREDIT,10000.00,ACTIVE
ACC-6819,CUST-849,DEBIT,0.00,ACTIVE
ACC-6820,CUST-796,DEBIT,0.00,ACTIVE
ACC-6821,CUST-578,DEBIT,0.00,ACTIVE
ACC-6822,CUST-226,CREDIT,5000.00,ACTIVE
ACC-6823,CUST-758,CREDIT,25000.00,ACTIVE
ACC-6824,CUST-644,DEBIT,0.00,ACTIVE
ACC-6825,CUST-967,CREDIT,25000.00,ACTIVE
ACC-6826,CUST-539,DEBIT,0.00,ACTIVE
ACC-6827,CUST-299,CREDIT,1000.00,ACTIVE
ACC-6828,CUST-606,DEBIT,0.00,ACTIVE
ACC-6829,CUST-505,CREDIT,25000.00,ACTIVE
ACC-6830,CUST-579,CREDIT,1000.00,ACTIVE
ACC-6831,CUST-863,CREDIT,2500.00,BLOCKED
ACC-6832,CUST-920,DEBIT,0.00,ACTIVE
ACC-6833,CUST-350,DEBIT,0.00,ACTIVE
ACC-6834,CUST-202,DEBIT,0.00,ACTIVE
ACC-6835,CUST-468,CREDIT,2500.00,ACTIVE
ACC-6836,CUST-970,CREDIT,2500.00,ACTIVE
ACC-6837,CUST-718,DEBIT,0.00,ACTIVE
ACC-6838,CUST-798,DEBIT,0.00,ACTIVE
ACC-6839,CUST-514,CREDIT,15000.00,BLOCKED
ACC-6840,CUST-674,CREDIT,1000.00,ACTIVE
ACC-6841,CUST-881,DEBIT,0.00,ACTIVE
ACC-6842,CUST-571,CREDIT,10000.00,ACTIVE
ACC-6843,CUST-364,CREDIT,15000.00,ACTIVE
ACC-6844,CUST-736,CREDIT,10000.00,ACTIVE
ACC-6845,CUST-838,DEBIT,0.00,ACTIVE
ACC-6846,CUST-147,CREDIT,5000.00,ACTIVE
ACC-6847,CUST-689,CREDIT,25000.00,ACTIVE
ACC-6848,CUST-166,CREDIT,25000.00,BLOCKED
ACC-6849,CUST-917,CREDIT,2500.00,ACTIVE
ACC-6850,CUST-317,CREDIT,5000.00,ACTIVE
ACC-6851,CUST-172,DEBIT,0.00,ACTIVE
ACC-6852,CUST-722,CREDIT,15000.00,ACTIVE
ACC-6853,CUST-939,CREDIT,25000.00,ACTIVE
ACC-6854,CUST-375,CREDIT,1000.00,ACTIVE
ACC-6855,CUST-498,DEBIT,0.00,ACTIVE
ACC-6856,CUST-682,CREDIT,10000.00,ACTIVE
ACC-6857,CUST-306,DEBIT,0.00,ACTIVE
ACC-6858,CUST-103,CREDIT,2500.00,ACTIVE
ACC-6859,CUST-391,DEBIT,0.00,ACTIVE
ACC-6860,CUST-258,DEBIT,0.00,ACTIVE
ACC-6861,CUST-842,CREDIT,10000.00,BLOCKED
ACC-6862,CUST-604,DEBIT,0.00,ACTIVE
ACC-6863,CUST-177,CREDIT,10000.00,ACTIVE
ACC-6864,CUST-134,CREDIT,25000.00,ACTIVE
ACC-6865,CUST-405,DEBIT,0.00,ACTIVE
ACC-6866,CUST-921,DEBIT,0.00,ACTIVE
ACC-6867,CUST-153,CREDIT,2500.00,ACTIVE
ACC-6868,CUST-420,CREDIT,1000.00,ACTIVE
ACC-6869,CUST-238,CREDIT,15000.00,ACTIVE
ACC-6870,CUST-138,CREDIT,1000.00,ACTIVE
ACC-6871,CUST-154,CREDIT,25000.00,ACTIVE
ACC-6872,CUST-791,CREDIT,10000.00,ACTIVE
ACC-6873,CUST-876,CREDIT,10000.00,ACTIVE
ACC-6874,CUST-530,CREDIT,2500.00,ACTIVE
ACC-6875,CUST-962,CREDIT,15000.00,ACTIVE
ACC-6876,CUST-114,DEBIT,0.00,ACTIVE
ACC-6877,CUST-514,DEBIT,0.00,ACTIVE
ACC-6878,CUST-465,CREDIT,15000.00,ACTIVE
ACC-6879,CUST-914,CREDIT,10000.00,ACTIVE
ACC-6880,CUST-389,CREDIT,10000.00,ACTIVE
ACC-6881,CUST-597,CREDIT,5000.00,ACTIVE
ACC-6882,CUST-322,CREDIT,2500.00,ACTIVE
ACC-6883,CUST-684,DEBIT,0.00,ACTIVE
ACC-6884,CUST-958,DEBIT,0.00,ACTIVE
ACC-6885,CUST-712,CREDIT,5000.00,ACTIVE
ACC-6886,CUST-823,DEBIT,0.00,ACTIVE
ACC-6887,CUST-735,CREDIT,1000.00,ACTIVE
ACC-6888,CUST-114,DEBIT,0.00,ACTIVE
ACC-6889,CUST-919,DEBIT,0.00,ACTIVE
ACC-6890,CUST-526,DEBIT,0.00,ACTIVE
ACC-6891,CUST-321,DEBIT,0.00,ACTIVE
ACC-6892,CUST-704,CREDIT,25000.00,ACTIVE
ACC-6893,CUST-203,CREDIT,10000.00,ACTIVE
ACC-6894,CUST-646,CREDIT,15000.00,ACTIVE
ACC-6895,CUST-987,DEBIT,0.00,ACTIVE
ACC-6896,CUST-395,DEBIT,0.00,ACTIVE
ACC-6897,CUST-116,CREDIT,5000.00,ACTIVE
ACC-6898,CUST-561,CREDIT,1000.00,ACTIVE
ACC-6899,CUST-996,CREDIT,25000.00,BLOCKED
ACC-6900,CUST-643,CREDIT,2500.00,ACTIVE
ACC-6901,CUST-609,DEBIT,0.00,ACTIVE
ACC-6902,CUST-507,CREDIT,25000.00,ACTIVE
ACC-6903,CUST-812,DEBIT,0.00,ACTIVE
ACC-6904,CUST-638,CREDIT,15000.00,ACTIVE
ACC-6905,CUST-638,CREDIT,2500.00,ACTIVE
ACC-6906,CUST-437,CREDIT,25000.00,ACTIVE
ACC-6907,CUST-397,DEBIT,0.00,BLOCKED
ACC-6908,CUST-814,CREDIT,15000.00,ACTIVE
ACC-6909,CUST-840,CREDIT,25000.00,ACTIVE
ACC-6910,CUST-413,CREDIT,25000.00,ACTIVE
ACC-6911,CUST-990,CREDIT,15000.00,ACTIVE
ACC-6912,CUST-871,DEBIT,0.00,ACTIVE
ACC-6913,CUST-803,DEBIT,0.00,ACTIVE
ACC-6914,CUST-915,CREDIT,5000.00,ACTIVE
ACC-6915,CUST-103,CREDIT,25000.00,ACTIVE
ACC-6916,CUST-555,DEBIT,0.00,ACTIVE
ACC-6917,CUST-151,CREDIT,10000.00,ACTIVE
ACC-6918,CUST-244,DEBIT,0.00,ACTIVE
ACC-6919,CUST-107,CREDIT,10000.00,ACTIVE
ACC-6920,CUST-426,CREDIT,5000.00,ACTIVE
ACC-6921,CUST-516,DEBIT,0.00,ACTIVE
ACC-6922,CUST-781,DEBIT,0.00,ACTIVE
ACC-6923,CUST-430,DEBIT,0.00,ACTIVE
ACC-6924,CUST-460,CREDIT,5000.00,ACTIVE
ACC-6925,CUST-541,CREDIT,2500.00,ACTIVE
ACC-6926,CUST-636,CREDIT,1000.00,ACTIVE
ACC-6927,CUST-524,CREDIT,15000.00,ACTIVE
ACC-6928,CUST-398,DEBIT,0.00,ACTIVE
ACC-6929,CUST-524,DEBIT,0.00,ACTIVE
ACC-6930,CUST-257,CREDIT,5000.00,ACTIVE
ACC-6931,CUST-366,CREDIT,5000.00,ACTIVE
ACC-6932,CUST-583,CREDIT,15000.00,ACTIVE
ACC-6933,CUST-920,DEBIT,0.00,ACTIVE
ACC-6934,CUST-641,DEBIT,0.00,ACTIVE
ACC-6935,CUST-117,CREDIT,15000.00,BLOCKED
ACC-6936,CUST-940,CREDIT,2500.00,ACTIVE
ACC-6937,CUST-563,CREDIT,1000.00,ACTIVE
ACC-6938,CUST-146,CREDIT,2500.00,ACTIVE
ACC-6939,CUST-374,DEBIT,0.00,ACTIVE
ACC-6940,CUST-521,CREDIT,2500.00,ACTIVE
ACC-6941,CUST-440,CREDIT,1000.00,ACTIVE
ACC-6942,CUST-853,DEBIT,0.00,ACTIVE
ACC-6943,CUST-895,CREDIT,1000.00,BLOCKED
ACC-6944,CUST-317,DEBIT,0.00,ACTIVE
ACC-6945,CUST-888,CREDIT,15000.00,ACTIVE
ACC-6946,CUST-587,CREDIT,1000.00,ACTIVE
ACC-6947,CUST-238,CREDIT,15000.00,ACTIVE
ACC-6948,CUST-256,DEBIT,0.00,ACTIVE
ACC-6949,CUST-498,CREDIT,1000.00,ACTIVE
ACC-6950,CUST-425,CREDIT,15000.00,ACTIVE
ACC-6951,CUST-462,DEBIT,0.00,ACTIVE
ACC-6952,CUST-807,DEBIT,0.00,ACTIVE
ACC-6953,CUST-114,CREDIT,15000.00,BLOCKED
ACC-6954,CUST-328,CREDIT,10000.00,ACTIVE
ACC-6955,CUST-444,CREDIT,25000.00,ACTIVE
ACC-6956,CUST-146,CREDIT,25000.00,ACTIVE
ACC-6957,CUST-834,CREDIT,10000.00,ACTIVE
ACC-6958,CUST-992,CREDIT,5000.00,ACTIVE
ACC-6959,CUST-338,DEBIT,0.00,ACTIVE
ACC-6960,CUST-643,DEBIT,0.00,ACTIVE
ACC-6961,CUST-387,CREDIT,2500.00,ACTIVE
ACC-6962,CUST-964,CREDIT,1000.00,ACTIVE
ACC-6963,CUST-677,CREDIT,1000.00,ACTIVE
ACC-6964,CUST-582,DEBIT,0.00,ACTIVE
ACC-6965,CUST-724,CREDIT,10000.00,ACTIVE
ACC-6966,CUST-168,CREDIT,1000.00,ACTIVE
ACC-6967,CUST-803,CREDIT,10000.00,ACTIVE
ACC-6968,CUST-612,CREDIT,2500.00,ACTIVE
ACC-6969,CUST-720,CREDIT,25000.00,ACTIVE
ACC-6970,CUST-505,CREDIT,25000.00,ACTIVE
ACC-6971,CUST-383,DEBIT,0.00,ACTIVE
ACC-6972,CUST-762,CREDIT,10000.00,ACTIVE
ACC-6973,CUST-539,DEBIT,0.00,ACTIVE
ACC-6974,CUST-661,CREDIT,25000.00,ACTIVE
ACC-6975,CUST-269,CREDIT,15000.00,ACTIVE
ACC-6976,CUST-628,CREDIT,10000.00,ACTIVE
ACC-6977,CUST-102,CREDIT,10000.00,ACTIVE
ACC-6978,CUST-318,CREDIT,2500.00,ACTIVE
ACC-6979,CUST-797,DEBIT,0.00,ACTIVE
ACC-6980,CUST-642,CREDIT,1000.00,BLOCKED
ACC-6981,CUST-192,DEBIT,0.00,ACTIVE
ACC-6982,CUST-897,CREDIT,15000.00,ACTIVE
ACC-6983,CUST-941,CREDIT,10000.00,ACTIVE
ACC-6984,CUST-661,CREDIT,5000.00,ACTIVE
ACC-6985,CUST-256,CREDIT,1000.00,ACTIVE
ACC-6986,CUST-325,CREDIT,10000.00,ACTIVE
ACC-6987,CUST-739,DEBIT,0.00,ACTIVE
ACC-6988,CUST-255,CREDIT,15000.00,ACTIVE
ACC-6989,CUST-795,DEBIT,0.00,ACTIVE
ACC-6990,CUST-825,DEBIT,0.00,ACTIVE
ACC-6991,CUST-538,DEBIT,0.00,ACTIVE
ACC-6992,CUST-831,CREDIT,5000.00,ACTIVE
ACC-6993,CUST-787,CREDIT,25000.00,ACTIVE
ACC-6994,CUST-577,DEBIT,0.00,ACTIVE
ACC-6995,CUST-820,DEBIT,0.00,ACTIVE
ACC-6996,CUST-530,CREDIT,25000.00,ACTIVE
ACC-6997,CUST-637,CREDIT,5000.00,ACTIVE
ACC-6998,CUST-801,CREDIT,15000.00,ACTIVE
ACC-6999,CUST-573,CREDIT,10000.00,ACTIVE
ACC-7000,CUST-428,CREDIT,5000.00,ACTIVE
ACC-7001,CUST-409,CREDIT,1000.00,ACTIVE
ACC-7002,CUST-742,CREDIT,15000.00,ACTIVE
ACC-7003,CUST-315,CREDIT,10000.00,ACTIVE
ACC-7004,CUST-520,CREDIT,15000.00,ACTIVE
ACC-7005,CUST-117,CREDIT,1000.00,ACTIVE
ACC-7006,CUST-254,DEBIT,0.00,ACTIVE
ACC-7007,CUST-284,CREDIT,10000.00,ACTIVE
ACC-7008,CUST-717,CREDIT,25000.00,ACTIVE
ACC-7009,CUST-660,CREDIT,5000.00,ACTIVE
ACC-7010,CUST-258,DEBIT,0.00,ACTIVE
ACC-7011,CUST-652,DEBIT,0.00,ACTIVE
ACC-7012,CUST-902,CREDIT,10000.00,ACTIVE
ACC-7013,CUST-237,DEBIT,0.00,ACTIVE
ACC-7014,CUST-947,DEBIT,0.00,ACTIVE
ACC-7015,CUST-878,CREDIT,10000.00,ACTIVE
ACC-7016,CUST-994,DEBIT,0.00,ACTIVE
ACC-7017,CUST-324,CREDIT,10000.00,ACTIVE
ACC-7018,CUST-247,CREDIT,2500.00,ACTIVE
ACC-7019,CUST-329,CREDIT,15000.00,ACTIVE
ACC-7020,CUST-969,CREDIT,25000.00,ACTIVE
ACC-7021,CUST-565,CREDIT,5000.00,ACTIVE
ACC-7022,CUST-423,DEBIT,0.00,ACTIVE
ACC-7023,CUST-623,CREDIT,10000.00,ACTIVE
ACC-7024,CUST-985,CREDIT,15000.00,ACTIVE
ACC-7025,CUST-807,CREDIT,2500.00,ACTIVE
ACC-7026,CUST-857,CREDIT,10000.00,ACTIVE
ACC-7027,CUST-773,CREDIT,2500.00,ACTIVE
ACC-7028,CUST-430,DEBIT,0.00,ACTIVE
ACC-7029,CUST-964,CREDIT,25000.00,ACTIVE
ACC-7030,CUST-133,DEBIT,0.00,ACTIVE
ACC-7031,CUST-589,CREDIT,25000.00,ACTIVE
ACC-7032,CUST-327,CREDIT,25000.00,ACTIVE
ACC-7033,CUST-369,CREDIT,25000.00,ACTIVE
ACC-7034,CUST-650,CREDIT,5000.00,BLOCKED
ACC-7035,CUST-415,CREDIT,1000.00,ACTIVE
ACC-7036,CUST-767,DEBIT,0.00,ACTIVE
ACC-7037,CUST-256,DEBIT,0.00,ACTIVE
ACC-7038,CUST-912,DEBIT,0.00,BLOCKED
ACC-7039,CUST-648,CREDIT,1000.00,ACTIVE
ACC-7040,CUST-742,DEBIT,0.00,ACTIVE
ACC-7041,CUST-895,DEBIT,0.00,ACTIVE
ACC-7042,CUST-696,CREDIT,1000.00,ACTIVE
ACC-7043,CUST-650,CREDIT,10000.00,ACTIVE
ACC-7044,CUST-409,CREDIT,2500.00,ACTIVE
ACC-7045,CUST-465,DEBIT,0.00,ACTIVE
ACC-7046,CUST-584,CREDIT,5000.00,ACTIVE
ACC-7047,CUST-879,CREDIT,5000.00,ACTIVE
ACC-7048,CUST-533,DEBIT,0.00,ACTIVE
ACC-7049,CUST-405,DEBIT,0.00,ACTIVE
ACC-7050,CUST-323,DEBIT,0.00,ACTIVE
ACC-7051,CUST-591,DEBIT,0.00,ACTIVE
ACC-7052,CUST-313,CREDIT,10000.00,ACTIVE
ACC-7053,CUST-610,DEBIT,0.00,ACTIVE
ACC-7054,CUST-715,CREDIT,25000.00,ACTIVE
ACC-7055,CUST-778,DEBIT,0.00,ACTIVE
ACC-7056,CUST-672,CREDIT,1000.00,ACTIVE
ACC-7057,CUST-138,DEBIT,0.00,ACTIVE
ACC-7058,CUST-477,CREDIT,1000.00,ACTIVE
ACC-7059,CUST-757,DEBIT,0.00,ACTIVE
ACC-7060,CUST-407,CREDIT,2500.00,ACTIVE
ACC-7061,CUST-663,CREDIT,25000.00,ACTIVE
ACC-7062,CUST-353,CREDIT,25000.00,ACTIVE
ACC-7063,CUST-577,CREDIT,10000.00,ACTIVE
ACC-7064,CUST-913,DEBIT,0.00,ACTIVE
ACC-7065,CUST-498,CREDIT,10000.00,ACTIVE
ACC-7066,CUST-747,CREDIT,1000.00,ACTIVE
ACC-7067,CUST-184,CREDIT,15000.00,ACTIVE
ACC-7068,CUST-858,DEBIT,0.00,ACTIVE
ACC-7069,CUST-217,DEBIT,0.00,ACTIVE
ACC-7070,CUST-113,CREDIT,10000.00,ACTIVE
ACC-7071,CUST-178,DEBIT,0.00,ACTIVE
ACC-7072,CUST-665,CREDIT,1000.00,ACTIVE
ACC-7073,CUST-201,CREDIT,5000.00,ACTIVE
ACC-7074,CUST-783,CREDIT,5000.00,ACTIVE
ACC-7075,CUST-822,CREDIT,25000.00,ACTIVE
ACC-7076,CUST-598,CREDIT,15000.00,ACTIVE
ACC-7077,CUST-853,DEBIT,0.00,ACTIVE
ACC-7078,CUST-836,DEBIT,0.00,ACTIVE
ACC-7079,CUST-395,DEBIT,0.00,ACTIVE
ACC-7080,CUST-306,DEBIT,0.00,BLOCKED
ACC-7081,CUST-255,DEBIT,0.00,ACTIVE
ACC-7082,CUST-867,CREDIT,25000.00,ACTIVE
ACC-7083,CUST-493,CREDIT,25000.00,ACTIVE
ACC-7084,CUST-671,DEBIT,0.00,ACTIVE
ACC-7085,CUST-563,DEBIT,0.00,ACTIVE
ACC-7086,CUST-525,CREDIT,15000.00,ACTIVE
ACC-7087,CUST-420,CREDIT,1000.00,ACTIVE
ACC-7088,CUST-384,DEBIT,0.00,ACTIVE
ACC-7089,CUST-969,CREDIT,1000.00,ACTIVE
ACC-7090,CUST-815,DEBIT,0.00,ACTIVE
ACC-7091,CUST-702,DEBIT,0.00,ACTIVE
ACC-7092,CUST-313,CREDIT,1000.00,ACTIVE
ACC-7093,CUST-667,DEBIT,0.00,BLOCKED
ACC-7094,CUST-732,CREDIT,10000.00,ACTIVE
ACC-7095,CUST-984,DEBIT,0.00,ACTIVE
ACC-7096,CUST-750,CREDIT,1000.00,ACTIVE
ACC-7097,CUST-400,CREDIT,10000.00,ACTIVE
ACC-7098,CUST-895,CREDIT,2500.00,ACTIVE
ACC-7099,CUST-411,DEBIT,0.00,ACTIVE
ACC-7100,CUST-544,DEBIT,0.00,ACTIVE
ACC-7101,CUST-928,DEBIT,0.00,ACTIVE
ACC-7102,CUST-492,CREDIT,1000.00,ACTIVE
ACC-7103,CUST-168,CREDIT,2500.00,ACTIVE
ACC-7104,CUST-758,CREDIT,5000.00,ACTIVE
ACC-7105,CUST-464,CREDIT,15000.00,ACTIVE
ACC-7106,CUST-597,CREDIT,2500.00,ACTIVE
ACC-7107,CUST-369,DEBIT,0.00,ACTIVE
ACC-7108,CUST-146,DEBIT,0.00,ACTIVE
ACC-7109,CUST-283,CREDIT,15000.00,ACTIVE
ACC-7110,CUST-165,DEBIT,0.00,ACTIVE
ACC-7111,CUST-951,DEBIT,0.00,BLOCKED
ACC-7112,CUST-898,DEBIT,0.00,ACTIVE
ACC-7113,CUST-662,CREDIT,25000.00,ACTIVE
ACC-7114,CUST-648,CREDIT,2500.00,ACTIVE
ACC-7115,CUST-873,CREDIT,1000.00,ACTIVE
ACC-7116,CUST-469,CREDIT,2500.00,ACTIVE
ACC-7117,CUST-185,CREDIT,25000.00,ACTIVE
ACC-7118,CUST-949,CREDIT,10000.00,ACTIVE
ACC-7119,CUST-366,CREDIT,5000.00,ACTIVE
ACC-7120,CUST-638,DEBIT,0.00,ACTIVE
ACC-7121,CUST-318,CREDIT,15000.00,ACTIVE
ACC-7122,CUST-114,CREDIT,25000.00,ACTIVE
ACC-7123,CUST-607,CREDIT,5000.00,ACTIVE
ACC-7124,CUST-626,DEBIT,0.00,ACTIVE
ACC-7125,CUST-482,CREDIT,25000.00,ACTIVE
ACC-7126,CUST-813,CREDIT,1000.00,ACTIVE
ACC-7127,CUST-311,CREDIT,2500.00,ACTIVE
ACC-7128,CUST-166,CREDIT,5000.00,ACTIVE
ACC-7129,CUST-522,CREDIT,10000.00,ACTIVE
ACC-7130,CUST-115,CREDIT,1000.00,ACTIVE
ACC-7131,CUST-567,CREDIT,15000.00,ACTIVE
ACC-7132,CUST-746,CREDIT,15000.00,ACTIVE
ACC-7133,CUST-438,CREDIT,10000.00,ACTIVE
ACC-7134,CUST-516,DEBIT,0.00,ACTIVE
ACC-7135,CUST-246,CREDIT,25000.00,ACTIVE
ACC-7136,CUST-772,DEBIT,0.00,ACTIVE
ACC-7137,CUST-369,CREDIT,25000.00,ACTIVE
ACC-7138,CUST-513,CREDIT,25000.00,ACTIVE
ACC-7139,CUST-289,CREDIT,2500.00,ACTIVE
ACC-7140,CUST-443,DEBIT,0.00,ACTIVE
ACC-7141,CUST-443,DEBIT,0.00,ACTIVE
ACC-7142,CUST-434,DEBIT,0.00,ACTIVE
ACC-7143,CUST-395,DEBIT,0.00,ACTIVE
ACC-7144,CUST-907,DEBIT,0.00,ACTIVE
ACC-7145,CUST-137,CREDIT,10000.00,ACTIVE
ACC-7146,CUST-856,CREDIT,1000.00,ACTIVE
ACC-7147,CUST-980,CREDIT,2500.00,ACTIVE
ACC-7148,CUST-857,CREDIT,2500.00,ACTIVE
ACC-7149,CUST-239,CREDIT,2500.00,ACTIVE
ACC-7150,CUST-337,CREDIT,1000.00,BLOCKED
ACC-7151,CUST-288,DEBIT,0.00,ACTIVE
ACC-7152,CUST-486,DEBIT,0.00,ACTIVE
ACC-7153,CUST-779,CREDIT,1000.00,ACTIVE
ACC-7154,CUST-970,DEBIT,0.00,ACTIVE
ACC-7155,CUST-414,CREDIT,2500.00,ACTIVE
ACC-7156,CUST-333,CREDIT,15000.00,ACTIVE
ACC-7157,CUST-487,CREDIT,5000.00,ACTIVE
ACC-7158,CUST-319,DEBIT,0.00,ACTIVE
ACC-7159,CUST-443,CREDIT,25000.00,ACTIVE
ACC-7160,CUST-390,DEBIT,0.00,ACTIVE
ACC-7161,CUST-612,CREDIT,2500.00,ACTIVE
ACC-7162,CUST-538,CREDIT,5000.00,ACTIVE
ACC-7163,CUST-697,DEBIT,0.00,ACTIVE
ACC-7164,CUST-278,CREDIT,10000.00,ACTIVE
ACC-7165,CUST-697,DEBIT,0.00,ACTIVE
ACC-7166,CUST-868,DEBIT,0.00,ACTIVE
ACC-7167,CUST-987,CREDIT,25000.00,ACTIVE
ACC-7168,CUST-686,DEBIT,0.00,ACTIVE
ACC-7169,CUST-736,CREDIT,25000.00,ACTIVE
ACC-7170,CUST-954,CREDIT,2500.00,ACTIVE
ACC-7171,CUST-281,DEBIT,0.00,ACTIVE
ACC-7172,CUST-513,DEBIT,0.00,BLOCKED
ACC-7173,CUST-167,CREDIT,5000.00,ACTIVE
ACC-7174,CUST-478,CREDIT,10000.00,ACTIVE
ACC-7175,CUST-623,DEBIT,0.00,ACTIVE
ACC-7176,CUST-207,CREDIT,10000.00,ACTIVE
ACC-7177,CUST-514,CREDIT,5000.00,ACTIVE
ACC-7178,CUST-263,DEBIT,0.00,ACTIVE
ACC-7179,CUST-377,CREDIT,10000.00,ACTIVE
ACC-7180,CUST-836,DEBIT,0.00,ACTIVE
ACC-7181,CUST-674,CREDIT,2500.00,ACTIVE
ACC-7182,CUST-517,CREDIT,25000.00,ACTIVE
ACC-7183,CUST-690,CREDIT,25000.00,ACTIVE
ACC-7184,CUST-257,CREDIT,5000.00,ACTIVE
ACC-7185,CUST-497,CREDIT,25000.00,ACTIVE
ACC-7186,CUST-205,CREDIT,15000.00,ACTIVE
ACC-7187,CUST-568,CREDIT,1000.00,ACTIVE
ACC-7188,CUST-528,DEBIT,0.00,ACTIVE
ACC-7189,CUST-660,DEBIT,0.00,ACTIVE
ACC-7190,CUST-317,DEBIT,0.00,ACTIVE
ACC-7191,CUST-661,DEBIT,0.00,ACTIVE
ACC-7192,CUST-784,CREDIT,25000.00,ACTIVE
ACC-7193,CUST-502,CREDIT,10000.00,ACTIVE
ACC-7194,CUST-679,DEBIT,0.00,ACTIVE
ACC-7195,CUST-723,CREDIT,25000.00,ACTIVE
ACC-7196,CUST-906,DEBIT,0.00,ACTIVE
ACC-7197,CUST-462,DEBIT,0.00,ACTIVE
ACC-7198,CUST-612,DEBIT,0.00,ACTIVE
ACC-7199,CUST-627,CREDIT,10000.00,ACTIVE
ACC-7200,CUST-190,DEBIT,0.00,ACTIVE
ACC-7201,CUST-313,CREDIT,1000.00,ACTIVE
ACC-7202,CUST-807,CREDIT,10000.00,ACTIVE
ACC-7203,CUST-380,CREDIT,1000.00,ACTIVE
ACC-7204,CUST-667,CREDIT,10000.00,ACTIVE
ACC-7205,CUST-243,DEBIT,0.00,ACTIVE
ACC-7206,CUST-220,CREDIT,5000.00,ACTIVE
ACC-7207,CUST-507,CREDIT,1000.00,BLOCKED
ACC-7208,CUST-404,DEBIT,0.00,ACTIVE
ACC-7209,CUST-288,DEBIT,0.00,ACTIVE
ACC-7210,CUST-866,CREDIT,5000.00,ACTIVE
ACC-7211,CUST-962,CREDIT,25000.00,ACTIVE
ACC-7212,CUST-515,DEBIT,0.00,ACTIVE
ACC-7213,CUST-571,CREDIT,2500.00,ACTIVE
ACC-7214,CUST-702,CREDIT,15000.00,ACTIVE
ACC-7215,CUST-504,CREDIT,5000.00,ACTIVE
ACC-7216,CUST-966,DEBIT,0.00,ACTIVE
ACC-7217,CUST-212,DEBIT,0.00,BLOCKED
ACC-7218,CUST-492,CREDIT,10000.00,ACTIVE
ACC-7219,CUST-190,DEBIT,0.00,ACTIVE
ACC-7220,CUST-126,CREDIT,10000.00,BLOCKED
ACC-7221,CUST-436,CREDIT,15000.00,ACTIVE
ACC-7222,CUST-498,CREDIT,1000.00,ACTIVE
ACC-7223,CUST-684,CREDIT,5000.00,ACTIVE
ACC-7224,CUST-352,CREDIT,10000.00,ACTIVE
ACC-7225,CUST-134,CREDIT,5000.00,ACTIVE
ACC-7226,CUST-331,DEBIT,0.00,ACTIVE
ACC-7227,CUST-781,CREDIT,5000.00,ACTIVE
ACC-7228,CUST-310,CREDIT,10000.00,ACTIVE
ACC-7229,CUST-913,DEBIT,0.00,ACTIVE
ACC-7230,CUST-658,CREDIT,1000.00,ACTIVE
ACC-7231,CUST-845,DEBIT,0.00,ACTIVE
ACC-7232,CUST-605,CREDIT,1000.00,ACTIVE
ACC-7233,CUST-357,CREDIT,1000.00,ACTIVE
ACC-7234,CUST-510,DEBIT,0.00,ACTIVE
ACC-7235,CUST-827,CREDIT,5000.00,ACTIVE
ACC-7236,CUST-125,CREDIT,25000.00,ACTIVE
ACC-7237,CUST-265,CREDIT,5000.00,ACTIVE
ACC-7238,CUST-642,DEBIT,0.00,ACTIVE
ACC-7239,CUST-221,CREDIT,10000.00,ACTIVE
ACC-7240,CUST-865,CREDIT,15000.00,BLOCKED
ACC-7241,CUST-716,DEBIT,0.00,ACTIVE
ACC-7242,CUST-965,CREDIT,5000.00,ACTIVE
ACC-7243,CUST-860,DEBIT,0.00,ACTIVE
ACC-7244,CUST-367,DEBIT,0.00,ACTIVE
ACC-7245,CUST-314,DEBIT,0.00,BLOCKED
ACC-7246,CUST-812,CREDIT,1000.00,ACTIVE
ACC-7247,CUST-957,CREDIT,25000.00,ACTIVE
ACC-7248,CUST-310,DEBIT,0.00,ACTIVE
ACC-7249,CUST-181,DEBIT,0.00,ACTIVE
ACC-7250,CUST-818,CREDIT,10000.00,ACTIVE
ACC-7251,CUST-218,DEBIT,0.00,ACTIVE
ACC-7252,CUST-200,CREDIT,2500.00,ACTIVE
ACC-7253,CUST-936,CREDIT,5000.00,ACTIVE
ACC-7254,CUST-575,CREDIT,2500.00,ACTIVE
ACC-7255,CUST-633,DEBIT,0.00,ACTIVE
ACC-7256,CUST-194,CREDIT,25000.00,ACTIVE
ACC-7257,CUST-747,CREDIT,15000.00,ACTIVE
ACC-7258,CUST-813,CREDIT,2500.00,ACTIVE
ACC-7259,CUST-546,CREDIT,15000.00,ACTIVE
ACC-7260,CUST-489,CREDIT,15000.00,ACTIVE
ACC-7261,CUST-173,CREDIT,10000.00,ACTIVE
ACC-7262,CUST-752,CREDIT,1000.00,ACTIVE
ACC-7263,CUST-773,CREDIT,15000.00,BLOCKED
ACC-7264,CUST-691,DEBIT,0.00,ACTIVE
ACC-7265,CUST-756,DEBIT,0.00,ACTIVE
ACC-7266,CUST-149,CREDIT,5000.00,ACTIVE
ACC-7267,CUST-443,CREDIT,2500.00,ACTIVE
ACC-7268,CUST-779,CREDIT,1000.00,ACTIVE
ACC-7269,CUST-168,CREDIT,25000.00,ACTIVE
ACC-7270,CUST-445,CREDIT,5000.00,ACTIVE
ACC-7271,CUST-771,CREDIT,5000.00,ACTIVE
ACC-7272,CUST-102,CREDIT,5000.00,ACTIVE
ACC-7273,CUST-837,CREDIT,5000.00,ACTIVE
ACC-7274,CUST-577,DEBIT,0.00,ACTIVE
ACC-7275,CUST-382,CREDIT,15000.00,ACTIVE
ACC-7276,CUST-719,CREDIT,5000.00,ACTIVE
ACC-7277,CUST-712,CREDIT,15000.00,BLOCKED
ACC-7278,CUST-208,CREDIT,1000.00,ACTIVE
ACC-7279,CUST-448,CREDIT,25000.00,ACTIVE
ACC-7280,CUST-511,CREDIT,5000.00,ACTIVE
ACC-7281,CUST-403,CREDIT,5000.00,ACTIVE
ACC-7282,CUST-288,DEBIT,0.00,ACTIVE
ACC-7283,CUST-259,CREDIT,25000.00,ACTIVE
ACC-7284,CUST-470,CREDIT,2500.00,ACTIVE
ACC-7285,CUST-994,CREDIT,1000.00,ACTIVE
ACC-7286,CUST-184,CREDIT,1000.00,ACTIVE
ACC-7287,CUST-213,CREDIT,25000.00,ACTIVE
ACC-7288,CUST-938,DEBIT,0.00,ACTIVE
ACC-7289,CUST-531,CREDIT,25000.00,ACTIVE
ACC-7290,CUST-906,DEBIT,0.00,ACTIVE
ACC-7291,CUST-927,DEBIT,0.00,ACTIVE
ACC-7292,CUST-753,CREDIT,1000.00,ACTIVE
ACC-7293,CUST-654,DEBIT,0.00,ACTIVE
ACC-7294,CUST-923,CREDIT,25000.00,ACTIVE
ACC-7295,CUST-649,DEBIT,0.00,ACTIVE
ACC-7296,CUST-296,CREDIT,10000.00,ACTIVE
ACC-7297,CUST-991,CREDIT,1000.00,ACTIVE
ACC-7298,CUST-334,DEBIT,0.00,ACTIVE
ACC-7299,CUST-669,CREDIT,2500.00,ACTIVE
ACC-7300,CUST-582,CREDIT,1000.00,ACTIVE
ACC-7301,CUST-466,CREDIT,2500.00,ACTIVE
ACC-7302,CUST-404,DEBIT,0.00,ACTIVE
ACC-7303,CUST-843,CREDIT,5000.00,ACTIVE
ACC-7304,CUST-719,DEBIT,0.00,ACTIVE
ACC-7305,CUST-900,DEBIT,0.00,ACTIVE
ACC-7306,CUST-455,CREDIT,1000.00,ACTIVE
ACC-7307,CUST-892,DEBIT,0.00,ACTIVE
ACC-7308,CUST-553,CREDIT,5000.00,ACTIVE
ACC-7309,CUST-758,DEBIT,0.00,ACTIVE
ACC-7310,CUST-107,CREDIT,2500.00,ACTIVE
ACC-7311,CUST-220,DEBIT,0.00,ACTIVE
ACC-7312,CUST-601,CREDIT,25000.00,ACTIVE
ACC-7313,CUST-575,CREDIT,1000.00,ACTIVE
ACC-7314,CUST-653,CREDIT,1000.00,ACTIVE
ACC-7315,CUST-407,CREDIT,1000.00,ACTIVE
ACC-7316,CUST-829,CREDIT,5000.00,ACTIVE
ACC-7317,CUST-179,DEBIT,0.00,ACTIVE
ACC-7318,CUST-622,CREDIT,2500.00,ACTIVE
ACC-7319,CUST-771,DEBIT,0.00,ACTIVE
ACC-7320,CUST-919,CREDIT,10000.00,ACTIVE
ACC-7321,CUST-231,CREDIT,25000.00,ACTIVE
ACC-7322,CUST-622,CREDIT,2500.00,ACTIVE
ACC-7323,CUST-328,DEBIT,0.00,ACTIVE
ACC-7324,CUST-609,CREDIT,2500.00,ACTIVE
ACC-7325,CUST-827,DEBIT,0.00,ACTIVE
ACC-7326,CUST-332,DEBIT,0.00,ACTIVE
ACC-7327,CUST-783,CREDIT,15000.00,ACTIVE
ACC-7328,CUST-735,CREDIT,2500.00,ACTIVE
ACC-7329,CUST-356,DEBIT,0.00,ACTIVE
ACC-7330,CUST-941,DEBIT,0.00,ACTIVE
ACC-7331,CUST-114,DEBIT,0.00,ACTIVE
ACC-7332,CUST-452,CREDIT,5000.00,ACTIVE
ACC-7333,CUST-706,DEBIT,0.00,ACTIVE
ACC-7334,CUST-657,CREDIT,25000.00,ACTIVE
ACC-7335,CUST-854,DEBIT,0.00,ACTIVE
ACC-7336,CUST-540,CREDIT,10000.00,ACTIVE
ACC-7337,CUST-467,CREDIT,1000.00,ACTIVE
ACC-7338,CUST-920,DEBIT,0.00,ACTIVE
ACC-7339,CUST-845,CREDIT,1000.00,ACTIVE
ACC-7340,CUST-346,CREDIT,5000.00,ACTIVE
ACC-7341,CUST-144,CREDIT,5000.00,ACTIVE
ACC-7342,CUST-524,CREDIT,5000.00,ACTIVE
ACC-7343,CUST-673,CREDIT,2500.00,ACTIVE
ACC-7344,CUST-159,CREDIT,15000.00,ACTIVE
ACC-7345,CUST-624,CREDIT,2500.00,ACTIVE
ACC-7346,CUST-730,CREDIT,10000.00,ACTIVE
ACC-7347,CUST-507,CREDIT,25000.00,ACTIVE
ACC-7348,CUST-957,CREDIT,5000.00,ACTIVE
ACC-7349,CUST-997,CREDIT,2500.00,ACTIVE
ACC-7350,CUST-791,DEBIT,0.00,ACTIVE
ACC-7351,CUST-356,CREDIT,25000.00,ACTIVE
ACC-7352,CUST-885,CREDIT,5000.00,ACTIVE
ACC-7353,CUST-229,CREDIT,1000.00,ACTIVE
ACC-7354,CUST-352,CREDIT,25000.00,ACTIVE
ACC-7355,CUST-210,DEBIT,0.00,ACTIVE
ACC-7356,CUST-388,CREDIT,5000.00,ACTIVE
ACC-7357,CUST-129,DEBIT,0.00,ACTIVE
ACC-7358,CUST-487,CREDIT,10000.00,ACTIVE
ACC-7359,CUST-563,CREDIT,5000.00,ACTIVE
ACC-7360,CUST-247,CREDIT,2500.00,ACTIVE
ACC-7361,CUST-398,CREDIT,5000.00,ACTIVE
ACC-7362,CUST-429,CREDIT,2500.00,ACTIVE
ACC-7363,CUST-331,CREDIT,2500.00,ACTIVE
ACC-7364,CUST-243,CREDIT,1000.00,ACTIVE
ACC-7365,CUST-806,CREDIT,10000.00,ACTIVE
ACC-7366,CUST-201,CREDIT,1000.00,ACTIVE
ACC-7367,CUST-949,CREDIT,2500.00,ACTIVE
ACC-7368,CUST-575,CREDIT,5000.00,ACTIVE
ACC-7369,CUST-467,CREDIT,2500.00,ACTIVE
ACC-7370,CUST-515,DEBIT,0.00,ACTIVE
ACC-7371,CUST-954,CREDIT,2500.00,ACTIVE
ACC-7372,CUST-939,CREDIT,2500.00,BLOCKED
ACC-7373,CUST-224,CREDIT,1000.00,BLOCKED
ACC-7374,CUST-612,DEBIT,0.00,ACTIVE
ACC-7375,CUST-941,CREDIT,15000.00,ACTIVE
ACC-7376,CUST-528,CREDIT,2500.00,ACTIVE
ACC-7377,CUST-690,CREDIT,15000.00,ACTIVE
ACC-7378,CUST-733,CREDIT,2500.00,ACTIVE
ACC-7379,CUST-718,CREDIT,15000.00,ACTIVE
ACC-7380,CUST-288,CREDIT,1000.00,ACTIVE
ACC-7381,CUST-540,DEBIT,0.00,ACTIVE
ACC-7382,CUST-448,CREDIT,2500.00,ACTIVE
ACC-7383,CUST-816,CREDIT,25000.00,ACTIVE
ACC-7384,CUST-462,CREDIT,15000.00,ACTIVE
ACC-7385,CUST-844,DEBIT,0.00,ACTIVE
ACC-7386,CUST-246,CREDIT,15000.00,ACTIVE
ACC-7387,CUST-452,CREDIT,5000.00,ACTIVE
ACC-7388,CUST-239,DEBIT,0.00,BLOCKED
ACC-7389,CUST-494,DEBIT,0.00,ACTIVE
ACC-7390,CUST-900,DEBIT,0.00,ACTIVE
ACC-7391,CUST-485,CREDIT,1000.00,ACTIVE
ACC-7392,CUST-350,CREDIT,25000.00,ACTIVE
ACC-7393,CUST-402,CREDIT,25000.00,ACTIVE
ACC-7394,CUST-793,DEBIT,0.00,ACTIVE
ACC-7395,CUST-786,CREDIT,1000.00,ACTIVE
ACC-7396,CUST-530,CREDIT,10000.00,ACTIVE
ACC-7397,CUST-452,DEBIT,0.00,ACTIVE
ACC-7398,CUST-877,CREDIT,10000.00,ACTIVE
ACC-7399,CUST-689,CREDIT,2500.00,ACTIVE
ACC-7400,CUST-763,CREDIT,1000.00,ACTIVE
ACC-7401,CUST-778,CREDIT,15000.00,ACTIVE
ACC-7402,CUST-259,CREDIT,25000.00,ACTIVE
ACC-7403,CUST-500,CREDIT,1000.00,ACTIVE
ACC-7404,CUST-552,CREDIT,15000.00,ACTIVE
ACC-7405,CUST-747,CREDIT,25000.00,ACTIVE
ACC-7406,CUST-254,CREDIT,5000.00,ACTIVE
ACC-7407,CUST-464,CREDIT,10000.00,ACTIVE
ACC-7408,CUST-487,CREDIT,1000.00,ACTIVE
ACC-7409,CUST-391,DEBIT,0.00,ACTIVE
ACC-7410,CUST-609,CREDIT,5000.00,ACTIVE
ACC-7411,CUST-720,CREDIT,5000.00,ACTIVE
ACC-7412,CUST-864,CREDIT,1000.00,ACTIVE
ACC-7413,CUST-351,CREDIT,5000.00,ACTIVE
ACC-7414,CUST-813,CREDIT,15000.00,ACTIVE
ACC-7415,CUST-174,CREDIT,2500.00,ACTIVE
ACC-7416,CUST-713,CREDIT,5000.00,ACTIVE
ACC-7417,CUST-489,DEBIT,0.00,ACTIVE
ACC-7418,CUST-590,CREDIT,2500.00,ACTIVE
ACC-7419,CUST-364,DEBIT,0.00,ACTIVE
ACC-7420,CUST-920,CREDIT,25000.00,ACTIVE
ACC-7421,CUST-683,DEBIT,0.00,ACTIVE
ACC-7422,CUST-636,CREDIT,5000.00,ACTIVE
ACC-7423,CUST-381,CREDIT,1000.00,ACTIVE
ACC-7424,CUST-497,DEBIT,0.00,ACTIVE
ACC-7425,CUST-538,DEBIT,0.00,ACTIVE
ACC-7426,CUST-986,CREDIT,2500.00,ACTIVE
ACC-7427,CUST-477,DEBIT,0.00,ACTIVE
ACC-7428,CUST-386,CREDIT,2500.00,ACTIVE
ACC-7429,CUST-927,CREDIT,5000.00,ACTIVE
ACC-7430,CUST-954,DEBIT,0.00,ACTIVE
ACC-7431,CUST-869,CREDIT,10000.00,ACTIVE
ACC-7432,CUST-366,CREDIT,10000.00,BLOCKED
ACC-7433,CUST-536,CREDIT,15000.00,ACTIVE
ACC-7434,CUST-691,CREDIT,5000.00,ACTIVE
ACC-7435,CUST-122,CREDIT,5000.00,ACTIVE
ACC-7436,CUST-105,CREDIT,25000.00,ACTIVE
ACC-7437,CUST-681,DEBIT,0.00,ACTIVE
ACC-7438,CUST-441,CREDIT,10000.00,ACTIVE
ACC-7439,CUST-788,DEBIT,0.00,ACTIVE
ACC-7440,CUST-868,CREDIT,10000.00,ACTIVE
ACC-7441,CUST-283,CREDIT,10000.00,ACTIVE
ACC-7442,CUST-819,CREDIT,2500.00,ACTIVE
ACC-7443,CUST-320,CREDIT,10000.00,ACTIVE
ACC-7444,CUST-174,CREDIT,5000.00,ACTIVE
ACC-7445,CUST-989,CREDIT,1000.00,ACTIVE
ACC-7446,CUST-104,DEBIT,0.00,ACTIVE
ACC-7447,CUST-605,CREDIT,2500.00,ACTIVE
ACC-7448,CUST-816,CREDIT,25000.00,ACTIVE
ACC-7449,CUST-393,DEBIT,0.00,ACTIVE
ACC-7450,CUST-840,DEBIT,0.00,BLOCKED
ACC-7451,CUST-984,CREDIT,2500.00,ACTIVE
ACC-7452,CUST-569,CREDIT,25000.00,ACTIVE
ACC-7453,CUST-642,CREDIT,2500.00,ACTIVE
ACC-7454,CUST-796,CREDIT,5000.00,ACTIVE
ACC-7455,CUST-247,DEBIT,0.00,ACTIVE
ACC-7456,CUST-760,DEBIT,0.00,ACTIVE
ACC-7457,CUST-157,DEBIT,0.00,ACTIVE
ACC-7458,CUST-376,DEBIT,0.00,ACTIVE
ACC-7459,CUST-599,CREDIT,25000.00,ACTIVE
ACC-7460,CUST-504,CREDIT,25000.00,ACTIVE
ACC-7461,CUST-243,CREDIT,25000.00,ACTIVE
ACC-7462,CUST-927,DEBIT,0.00,ACTIVE
ACC-7463,CUST-168,CREDIT,2500.00,ACTIVE
ACC-7464,CUST-945,DEBIT,0.00,ACTIVE
ACC-7465,CUST-837,CREDIT,1000.00,ACTIVE
ACC-7466,CUST-374,DEBIT,0.00,ACTIVE
ACC-7467,CUST-990,CREDIT,5000.00,ACTIVE
ACC-7468,CUST-317,CREDIT,2500.00,BLOCKED
ACC-7469,CUST-490,CREDIT,10000.00,ACTIVE
ACC-7470,CUST-807,CREDIT,15000.00,ACTIVE
ACC-7471,CUST-857,CREDIT,10000.00,ACTIVE
ACC-7472,CUST-108,CREDIT,25000.00,ACTIVE
ACC-7473,CUST-359,DEBIT,0.00,ACTIVE
ACC-7474,CUST-997,CREDIT,5000.00,ACTIVE
ACC-7475,CUST-675,DEBIT,0.00,ACTIVE
ACC-7476,CUST-386,DEBIT,0.00,ACTIVE
ACC-7477,CUST-292,CREDIT,1000.00,ACTIVE
ACC-7478,CUST-987,CREDIT,15000.00,ACTIVE
ACC-7479,CUST-483,CREDIT,15000.00,ACTIVE
ACC-7480,CUST-995,CREDIT,25000.00,ACTIVE
ACC-7481,CUST-398,CREDIT,1000.00,ACTIVE
ACC-7482,CUST-643,CREDIT,10000.00,ACTIVE
ACC-7483,CUST-757,DEBIT,0.00,ACTIVE
ACC-7484,CUST-636,CREDIT,1000.00,ACTIVE
ACC-7485,CUST-875,DEBIT,0.00,ACTIVE
ACC-7486,CUST-361,DEBIT,0.00,ACTIVE
ACC-7487,CUST-378,CREDIT,1000.00,ACTIVE
ACC-7488,CUST-621,CREDIT,5000.00,ACTIVE
ACC-7489,CUST-438,CREDIT,25000.00,ACTIVE
ACC-7490,CUST-381,CREDIT,25000.00,ACTIVE
ACC-7491,CUST-569,CREDIT,2500.00,ACTIVE
ACC-7492,CUST-143,CREDIT,15000.00,ACTIVE
ACC-7493,CUST-512,CREDIT,1000.00,ACTIVE
ACC-7494,CUST-558,CREDIT,5000.00,ACTIVE
ACC-7495,CUST-136,CREDIT,10000.00,ACTIVE
ACC-7496,CUST-573,CREDIT,15000.00,ACTIVE
ACC-7497,CUST-514,DEBIT,0.00,ACTIVE
ACC-7498,CUST-672,DEBIT,0.00,ACTIVE
ACC-7499,CUST-205,CREDIT,2500.00,ACTIVE
ACC-7500,CUST-498,CREDIT,1000.00,ACTIVE
ACC-7501,CUST-215,CREDIT,15000.00,BLOCKED
ACC-7502,CUST-951,CREDIT,15000.00,ACTIVE
ACC-7503,CUST-829,CREDIT,5000.00,ACTIVE
ACC-7504,CUST-523,CREDIT,25000.00,ACTIVE
ACC-7505,CUST-985,CREDIT,1000.00,ACTIVE
ACC-7506,CUST-294,CREDIT,15000.00,ACTIVE
ACC-7507,CUST-702,CREDIT,25000.00,ACTIVE
ACC-7508,CUST-253,CREDIT,5000.00,ACTIVE
ACC-7509,CUST-345,CREDIT,2500.00,ACTIVE
ACC-7510,CUST-707,DEBIT,0.00,ACTIVE
ACC-7511,CUST-389,DEBIT,0.00,ACTIVE
ACC-7512,CUST-196,CREDIT,10000.00,ACTIVE
ACC-7513,CUST-672,CREDIT,25000.00,ACTIVE
ACC-7514,CUST-933,CREDIT,25000.00,ACTIVE
ACC-7515,CUST-596,CREDIT,10000.00,ACTIVE
ACC-7516,CUST-995,CREDIT,2500.00,ACTIVE
ACC-7517,CUST-907,DEBIT,0.00,ACTIVE
ACC-7518,CUST-945,CREDIT,2500.00,ACTIVE
ACC-7519,CUST-540,CREDIT,10000.00,ACTIVE
ACC-7520,CUST-424,CREDIT,25000.00,ACTIVE
ACC-7521,CUST-827,CREDIT,5000.00,ACTIVE
ACC-7522,CUST-630,CREDIT,5000.00,ACTIVE
ACC-7523,CUST-344,CREDIT,5000.00,ACTIVE
ACC-7524,CUST-295,CREDIT,15000.00,ACTIVE
ACC-7525,CUST-677,DEBIT,0.00,ACTIVE
ACC-7526,CUST-839,DEBIT,0.00,ACTIVE
ACC-7527,CUST-883,DEBIT,0.00,ACTIVE
ACC-7528,CUST-832,DEBIT,0.00,ACTIVE
ACC-7529,CUST-912,DEBIT,0.00,ACTIVE
ACC-7530,CUST-873,CREDIT,10000.00,ACTIVE
ACC-7531,CUST-426,CREDIT,15000.00,ACTIVE
ACC-7532,CUST-616,CREDIT,25000.00,ACTIVE
ACC-7533,CUST-898,DEBIT,0.00,ACTIVE
ACC-7534,CUST-184,CREDIT,1000.00,ACTIVE
ACC-7535,CUST-833,CREDIT,1000.00,ACTIVE
ACC-7536,CUST-402,DEBIT,0.00,ACTIVE
ACC-7537,CUST-794,DEBIT,0.00,ACTIVE
ACC-7538,CUST-774,DEBIT,0.00,ACTIVE
ACC-7539,CUST-580,CREDIT,25000.00,ACTIVE
ACC-7540,CUST-902,CREDIT,15000.00,ACTIVE
ACC-7541,CUST-223,DEBIT,0.00,ACTIVE
ACC-7542,CUST-586,DEBIT,0.00,ACTIVE
ACC-7543,CUST-544,CREDIT,5000.00,ACTIVE
ACC-7544,CUST-566,CREDIT,10000.00,ACTIVE
ACC-7545,CUST-840,CREDIT,1000.00,ACTIVE
ACC-7546,CUST-340,DEBIT,0.00,ACTIVE
ACC-7547,CUST-729,CREDIT,5000.00,ACTIVE
ACC-7548,CUST-943,DEBIT,0.00,ACTIVE
ACC-7549,CUST-790,DEBIT,0.00,ACTIVE
ACC-7550,CUST-899,CREDIT,25000.00,ACTIVE
ACC-7551,CUST-286,CREDIT,2500.00,ACTIVE
ACC-7552,CUST-878,CREDIT,1000.00,ACTIVE
ACC-7553,CUST-569,CREDIT,15000.00,ACTIVE
ACC-7554,CUST-787,CREDIT,25000.00,ACTIVE
ACC-7555,CUST-442,CREDIT,1000.00,ACTIVE
ACC-7556,CUST-184,CREDIT,25000.00,ACTIVE
ACC-7557,CUST-863,DEBIT,0.00,ACTIVE
ACC-7558,CUST-506,DEBIT,0.00,ACTIVE
ACC-7559,CUST-529,DEBIT,0.00,ACTIVE
ACC-7560,CUST-510,CREDIT,15000.00,ACTIVE
ACC-7561,CUST-785,CREDIT,15000.00,ACTIVE
ACC-7562,CUST-712,CREDIT,10000.00,ACTIVE
ACC-7563,CUST-308,CREDIT,15000.00,ACTIVE
ACC-7564,CUST-830,CREDIT,5000.00,ACTIVE
ACC-7565,CUST-714,CREDIT,10000.00,ACTIVE
ACC-7566,CUST-583,CREDIT,5000.00,ACTIVE
ACC-7567,CUST-827,CREDIT,5000.00,ACTIVE
ACC-7568,CUST-496,CREDIT,10000.00,BLOCKED
ACC-7569,CUST-345,DEBIT,0.00,ACTIVE
ACC-7570,CUST-312,DEBIT,0.00,ACTIVE
ACC-7571,CUST-936,CREDIT,10000.00,ACTIVE
ACC-7572,CUST-249,DEBIT,0.00,ACTIVE
ACC-7573,CUST-502,DEBIT,0.00,ACTIVE
ACC-7574,CUST-706,CREDIT,5000.00,ACTIVE
ACC-7575,CUST-610,DEBIT,0.00,BLOCKED
ACC-7576,CUST-140,DEBIT,0.00,ACTIVE
ACC-7577,CUST-852,DEBIT,0.00,ACTIVE
ACC-7578,CUST-659,DEBIT,0.00,ACTIVE
ACC-7579,CUST-782,CREDIT,1000.00,ACTIVE
ACC-7580,CUST-427,DEBIT,0.00,ACTIVE
ACC-7581,CUST-446,CREDIT,1000.00,ACTIVE
ACC-7582,CUST-217,CREDIT,2500.00,ACTIVE
ACC-7583,CUST-158,CREDIT,25000.00,ACTIVE
ACC-7584,CUST-302,DEBIT,0.00,ACTIVE
ACC-7585,CUST-530,DEBIT,0.00,ACTIVE
ACC-7586,CUST-490,DEBIT,0.00,ACTIVE
ACC-7587,CUST-191,CREDIT,2500.00,ACTIVE
ACC-7588,CUST-138,DEBIT,0.00,ACTIVE
ACC-7589,CUST-702,CREDIT,15000.00,ACTIVE
ACC-7590,CUST-216,CREDIT,15000.00,ACTIVE
ACC-7591,CUST-417,DEBIT,0.00,ACTIVE
ACC-7592,CUST-145,DEBIT,0.00,ACTIVE
ACC-7593,CUST-336,CREDIT,25000.00,BLOCKED
ACC-7594,CUST-656,CREDIT,5000.00,ACTIVE
ACC-7595,CUST-284,DEBIT,0.00,ACTIVE
ACC-7596,CUST-335,CREDIT,1000.00,ACTIVE
ACC-7597,CUST-748,CREDIT,5000.00,ACTIVE
ACC-7598,CUST-888,CREDIT,10000.00,ACTIVE
ACC-7599,CUST-758,CREDIT,2500.00,ACTIVE
ACC-7600,CUST-240,CREDIT,1000.00,ACTIVE
ACC-7601,CUST-168,DEBIT,0.00,ACTIVE
ACC-7602,CUST-569,CREDIT,15000.00,ACTIVE
ACC-7603,CUST-887,DEBIT,0.00,BLOCKED
ACC-7604,CUST-835,CREDIT,1000.00,ACTIVE
ACC-7605,CUST-457,CREDIT,1000.00,ACTIVE
ACC-7606,CUST-790,DEBIT,0.00,ACTIVE
ACC-7607,CUST-982,DEBIT,0.00,ACTIVE
ACC-7608,CUST-719,CREDIT,10000.00,ACTIVE
ACC-7609,CUST-242,CREDIT,15000.00,ACTIVE
ACC-7610,CUST-864,CREDIT,15000.00,BLOCKED
ACC-7611,CUST-338,CREDIT,25000.00,ACTIVE
ACC-7612,CUST-464,CREDIT,10000.00,ACTIVE
ACC-7613,CUST-931,CREDIT,25000.00,ACTIVE
ACC-7614,CUST-200,CREDIT,10000.00,ACTIVE
ACC-7615,CUST-228,CREDIT,10000.00,ACTIVE
ACC-7616,CUST-321,DEBIT,0.00,ACTIVE
ACC-7617,CUST-638,CREDIT,2500.00,ACTIVE
ACC-7618,CUST-125,DEBIT,0.00,ACTIVE
ACC-7619,CUST-894,CREDIT,25000.00,ACTIVE
ACC-7620,CUST-511,DEBIT,0.00,ACTIVE
ACC-7621,CUST-542,CREDIT,2500.00,ACTIVE
ACC-7622,CUST-627,CREDIT,15000.00,ACTIVE
ACC-7623,CUST-558,CREDIT,25000.00,ACTIVE
ACC-7624,CUST-936,CREDIT,1000.00,ACTIVE
ACC-7625,CUST-756,CREDIT,2500.00,ACTIVE
ACC-7626,CUST-723,CREDIT,25000.00,ACTIVE
ACC-7627,CUST-347,CREDIT,5000.00,ACTIVE
ACC-7628,CUST-208,DEBIT,0.00,ACTIVE
ACC-7629,CUST-591,CREDIT,5000.00,ACTIVE
ACC-7630,CUST-717,CREDIT,10000.00,ACTIVE
ACC-7631,CUST-125,DEBIT,0.00,ACTIVE
ACC-7632,CUST-478,CREDIT,2500.00,ACTIVE
ACC-7633,CUST-424,DEBIT,0.00,ACTIVE
ACC-7634,CUST-397,CREDIT,1000.00,ACTIVE
ACC-7635,CUST-899,CREDIT,10000.00,ACTIVE
ACC-7636,CUST-292,CREDIT,10000.00,ACTIVE
ACC-7637,CUST-983,CREDIT,2500.00,ACTIVE
ACC-7638,CUST-195,CREDIT,10000.00,ACTIVE
ACC-7639,CUST-216,CREDIT,10000.00,ACTIVE
ACC-7640,CUST-538,DEBIT,0.00,ACTIVE
ACC-7641,CUST-144,CREDIT,25000.00,ACTIVE
ACC-7642,CUST-376,CREDIT,15000.00,ACTIVE
ACC-7643,CUST-557,CREDIT,25000.00,ACTIVE
ACC-7644,CUST-574,CREDIT,10000.00,ACTIVE
ACC-7645,CUST-757,DEBIT,0.00,ACTIVE
ACC-7646,CUST-118,CREDIT,2500.00,ACTIVE
ACC-7647,CUST-448,CREDIT,25000.00,ACTIVE
ACC-7648,CUST-500,CREDIT,1000.00,ACTIVE
ACC-7649,CUST-381,DEBIT,0.00,ACTIVE
ACC-7650,CUST-758,CREDIT,1000.00,ACTIVE
ACC-7651,CUST-265,CREDIT,2500.00,BLOCKED
ACC-7652,CUST-315,CREDIT,2500.00,ACTIVE
ACC-7653,CUST-116,DEBIT,0.00,ACTIVE
ACC-7654,CUST-610,CREDIT,1000.00,ACTIVE
ACC-7655,CUST-931,CREDIT,1000.00,ACTIVE
ACC-7656,CUST-766,CREDIT,2500.00,ACTIVE
ACC-7657,CUST-818,DEBIT,0.00,ACTIVE
ACC-7658,CUST-344,DEBIT,0.00,ACTIVE
ACC-7659,CUST-125,CREDIT,25000.00,ACTIVE
ACC-7660,CUST-900,DEBIT,0.00,ACTIVE
ACC-7661,CUST-880,DEBIT,0.00,ACTIVE
ACC-7662,CUST-711,CREDIT,10000.00,ACTIVE
ACC-7663,CUST-607,CREDIT,10000.00,ACTIVE
ACC-7664,CUST-604,CREDIT,25000.00,ACTIVE
ACC-7665,CUST-411,DEBIT,0.00,ACTIVE
ACC-7666,CUST-438,CREDIT,5000.00,ACTIVE
ACC-7667,CUST-771,DEBIT,0.00,ACTIVE
ACC-7668,CUST-778,CREDIT,15000.00,BLOCKED
ACC-7669,CUST-994,DEBIT,0.00,ACTIVE
ACC-7670,CUST-374,CREDIT,25000.00,ACTIVE
ACC-7671,CUST-976,CREDIT,5000.00,ACTIVE
ACC-7672,CUST-539,CREDIT,5000.00,ACTIVE
ACC-7673,CUST-321,CREDIT,10000.00,ACTIVE
ACC-7674,CUST-630,CREDIT,10000.00,ACTIVE
ACC-7675,CUST-778,CREDIT,2500.00,ACTIVE
ACC-7676,CUST-637,DEBIT,0.00,ACTIVE
ACC-7677,CUST-397,CREDIT,15000.00,ACTIVE
ACC-7678,CUST-923,CREDIT,25000.00,ACTIVE
ACC-7679,CUST-764,CREDIT,2500.00,ACTIVE
ACC-7680,CUST-846,CREDIT,2500.00,ACTIVE
ACC-7681,CUST-987,CREDIT,15000.00,ACTIVE
ACC-7682,CUST-841,CREDIT,5000.00,ACTIVE
ACC-7683,CUST-161,DEBIT,0.00,ACTIVE
ACC-7684,CUST-279,CREDIT,25000.00,ACTIVE
ACC-7685,CUST-850,CREDIT,10000.00,ACTIVE
ACC-7686,CUST-301,DEBIT,0.00,ACTIVE
ACC-7687,CUST-680,CREDIT,15000.00,ACTIVE
ACC-7688,CUST-856,CREDIT,10000.00,ACTIVE
ACC-7689,CUST-704,CREDIT,2500.00,ACTIVE
ACC-7690,CUST-453,CREDIT,25000.00,ACTIVE
ACC-7691,CUST-104,DEBIT,0.00,ACTIVE
ACC-7692,CUST-241,CREDIT,1000.00,ACTIVE
ACC-7693,CUST-139,CREDIT,5000.00,ACTIVE
ACC-7694,CUST-751,DEBIT,0.00,ACTIVE
ACC-7695,CUST-289,CREDIT,5000.00,ACTIVE
ACC-7696,CUST-314,DEBIT,0.00,ACTIVE
ACC-7697,CUST-575,CREDIT,1000.00,ACTIVE
ACC-7698,CUST-800,CREDIT,25000.00,ACTIVE
ACC-7699,CUST-735,CREDIT,2500.00,ACTIVE
ACC-7700,CUST-292,DEBIT,0.00,ACTIVE
ACC-7701,CUST-202,CREDIT,25000.00,ACTIVE
ACC-7702,CUST-689,CREDIT,2500.00,ACTIVE
ACC-7703,CUST-289,CREDIT,2500.00,ACTIVE
ACC-7704,CUST-252,DEBIT,0.00,ACTIVE
ACC-7705,CUST-287,CREDIT,25000.00,ACTIVE
ACC-7706,CUST-808,DEBIT,0.00,ACTIVE
ACC-7707,CUST-641,CREDIT,5000.00,ACTIVE
ACC-7708,CUST-456,CREDIT,25000.00,ACTIVE
ACC-7709,CUST-874,CREDIT,1000.00,ACTIVE
ACC-7710,CUST-943,CREDIT,1000.00,ACTIVE
ACC-7711,CUST-337,DEBIT,0.00,ACTIVE
ACC-7712,CUST-411,CREDIT,1000.00,ACTIVE
ACC-7713,CUST-800,CREDIT,5000.00,ACTIVE
ACC-7714,CUST-883,CREDIT,10000.00,ACTIVE
ACC-7715,CUST-965,CREDIT,10000.00,ACTIVE
ACC-7716,CUST-552,CREDIT,10000.00,ACTIVE
ACC-7717,CUST-243,CREDIT,1000.00,BLOCKED
ACC-7718,CUST-950,DEBIT,0.00,ACTIVE
ACC-7719,CUST-880,CREDIT,10000.00,ACTIVE
ACC-7720,CUST-535,DEBIT,0.00,ACTIVE
ACC-7721,CUST-534,CREDIT,1000.00,ACTIVE
ACC-7722,CUST-623,CREDIT,5000.00,ACTIVE
ACC-7723,CUST-501,DEBIT,0.00,ACTIVE
ACC-7724,CUST-160,CREDIT,15000.00,ACTIVE
ACC-7725,CUST-952,CREDIT,2500.00,ACTIVE
ACC-7726,CUST-340,CREDIT,1000.00,ACTIVE
ACC-7727,CUST-175,DEBIT,0.00,ACTIVE
ACC-7728,CUST-418,CREDIT,10000.00,ACTIVE
ACC-7729,CUST-730,CREDIT,25000.00,ACTIVE
ACC-7730,CUST-940,DEBIT,0.00,ACTIVE
ACC-7731,CUST-528,CREDIT,25000.00,ACTIVE
ACC-7732,CUST-277,CREDIT,25000.00,ACTIVE
ACC-7733,CUST-900,DEBIT,0.00,ACTIVE
ACC-7734,CUST-643,CREDIT,15000.00,ACTIVE
ACC-7735,CUST-452,DEBIT,0.00,ACTIVE
ACC-7736,CUST-398,DEBIT,0.00,ACTIVE
ACC-7737,CUST-478,DEBIT,0.00,ACTIVE
ACC-7738,CUST-475,CREDIT,2500.00,ACTIVE
ACC-7739,CUST-279,CREDIT,25000.00,ACTIVE
ACC-7740,CUST-352,DEBIT,0.00,ACTIVE
ACC-7741,CUST-479,CREDIT,10000.00,ACTIVE
ACC-7742,CUST-724,CREDIT,10000.00,ACTIVE
ACC-7743,CUST-704,CREDIT,25000.00,ACTIVE
ACC-7744,CUST-298,CREDIT,5000.00,ACTIVE
ACC-7745,CUST-824,DEBIT,0.00,ACTIVE
ACC-7746,CUST-729,CREDIT,5000.00,ACTIVE
ACC-7747,CUST-802,CREDIT,1000.00,ACTIVE
ACC-7748,CUST-699,DEBIT,0.00,ACTIVE
ACC-7749,CUST-209,CREDIT,1000.00,ACTIVE
ACC-7750,CUST-698,CREDIT,10000.00,ACTIVE
ACC-7751,CUST-719,CREDIT,25000.00,ACTIVE
ACC-7752,CUST-562,CREDIT,5000.00,ACTIVE
ACC-7753,CUST-962,CREDIT,2500.00,ACTIVE
ACC-7754,CUST-861,CREDIT,25000.00,ACTIVE
ACC-7755,CUST-939,CREDIT,15000.00,ACTIVE
ACC-7756,CUST-663,CREDIT,2500.00,ACTIVE
ACC-7757,CUST-905,CREDIT,15000.00,ACTIVE
ACC-7758,CUST-545,CREDIT,2500.00,ACTIVE
ACC-7759,CUST-127,DEBIT,0.00,ACTIVE
ACC-7760,CUST-562,CREDIT,15000.00,ACTIVE
ACC-7761,CUST-454,CREDIT,10000.00,ACTIVE
ACC-7762,CUST-960,DEBIT,0.00,ACTIVE
ACC-7763,CUST-301,DEBIT,0.00,ACTIVE
ACC-7764,CUST-110,CREDIT,5000.00,ACTIVE
ACC-7765,CUST-234,DEBIT,0.00,ACTIVE
ACC-7766,CUST-926,DEBIT,0.00,ACTIVE
ACC-7767,CUST-727,CREDIT,15000.00,ACTIVE
ACC-7768,CUST-417,CREDIT,2500.00,ACTIVE
ACC-7769,CUST-423,CREDIT,1000.00,ACTIVE
ACC-7770,CUST-148,CREDIT,10000.00,ACTIVE
ACC-7771,CUST-719,CREDIT,1000.00,ACTIVE
ACC-7772,CUST-379,DEBIT,0.00,ACTIVE
ACC-7773,CUST-456,CREDIT,25000.00,ACTIVE
ACC-7774,CUST-840,CREDIT,1000.00,ACTIVE
ACC-7775,CUST-198,CREDIT,10000.00,ACTIVE
ACC-7776,CUST-780,CREDIT,2500.00,ACTIVE
ACC-7777,CUST-992,CREDIT,2500.00,ACTIVE
ACC-7778,CUST-350,DEBIT,0.00,ACTIVE
ACC-7779,CUST-417,CREDIT,1000.00,ACTIVE
ACC-7780,CUST-648,CREDIT,1000.00,ACTIVE
ACC-7781,CUST-915,DEBIT,0.00,ACTIVE
ACC-7782,CUST-857,CREDIT,1000.00,ACTIVE
ACC-7783,CUST-870,CREDIT,25000.00,ACTIVE
ACC-7784,CUST-841,DEBIT,0.00,ACTIVE
ACC-7785,CUST-525,DEBIT,0.00,ACTIVE
ACC-7786,CUST-678,DEBIT,0.00,ACTIVE
ACC-7787,CUST-764,DEBIT,0.00,ACTIVE
ACC-7788,CUST-351,DEBIT,0.00,ACTIVE
ACC-7789,CUST-577,DEBIT,0.00,ACTIVE
ACC-7790,CUST-413,DEBIT,0.00,ACTIVE
ACC-7791,CUST-147,CREDIT,10000.00,ACTIVE
ACC-7792,CUST-363,CREDIT,5000.00,ACTIVE
ACC-7793,CUST-151,DEBIT,0.00,ACTIVE
ACC-7794,CUST-567,DEBIT,0.00,ACTIVE
ACC-7795,CUST-473,CREDIT,2500.00,ACTIVE
ACC-7796,CUST-769,DEBIT,0.00,ACTIVE
ACC-7797,CUST-428,DEBIT,0.00,ACTIVE
ACC-7798,CUST-641,CREDIT,2500.00,ACTIVE
ACC-7799,CUST-698,CREDIT,1000.00,ACTIVE
ACC-7800,CUST-917,DEBIT,0.00,ACTIVE
ACC-7801,CUST-472,CREDIT,5000.00,ACTIVE
ACC-7802,CUST-504,CREDIT,10000.00,ACTIVE
ACC-7803,CUST-714,CREDIT,10000.00,ACTIVE
ACC-7804,CUST-341,CREDIT,10000.00,ACTIVE
ACC-7805,CUST-219,CREDIT,25000.00,ACTIVE
ACC-7806,CUST-612,DEBIT,0.00,ACTIVE
ACC-7807,CUST-346,CREDIT,2500.00,ACTIVE
ACC-7808,CUST-859,CREDIT,10000.00,ACTIVE
ACC-7809,CUST-551,CREDIT,10000.00,ACTIVE
ACC-7810,CUST-606,CREDIT,1000.00,ACTIVE
ACC-7811,CUST-966,CREDIT,1000.00,ACTIVE
ACC-7812,CUST-393,DEBIT,0.00,ACTIVE
ACC-7813,CUST-846,DEBIT,0.00,ACTIVE
ACC-7814,CUST-834,CREDIT,25000.00,ACTIVE
ACC-7815,CUST-489,DEBIT,0.00,ACTIVE
ACC-7816,CUST-906,DEBIT,0.00,ACTIVE
ACC-7817,CUST-534,CREDIT,10000.00,ACTIVE
ACC-7818,CUST-796,CREDIT,2500.00,ACTIVE
ACC-7819,CUST-199,CREDIT,10000.00,ACTIVE
ACC-7820,CUST-787,DEBIT,0.00,ACTIVE
ACC-7821,CUST-332,CREDIT,2500.00,ACTIVE
ACC-7822,CUST-854,CREDIT,10000.00,BLOCKED
ACC-7823,CUST-127,CREDIT,10000.00,ACTIVE
ACC-7824,CUST-486,DEBIT,0.00,ACTIVE
ACC-7825,CUST-622,CREDIT,15000.00,ACTIVE
ACC-7826,CUST-321,DEBIT,0.00,ACTIVE
ACC-7827,CUST-336,CREDIT,15000.00,ACTIVE
ACC-7828,CUST-598,CREDIT,5000.00,ACTIVE
ACC-7829,CUST-333,DEBIT,0.00,ACTIVE
ACC-7830,CUST-180,CREDIT,2500.00,ACTIVE
ACC-7831,CUST-285,DEBIT,0.00,ACTIVE
ACC-7832,CUST-823,DEBIT,0.00,ACTIVE
ACC-7833,CUST-777,DEBIT,0.00,ACTIVE
ACC-7834,CUST-492,CREDIT,10000.00,ACTIVE
ACC-7835,CUST-144,CREDIT,2500.00,ACTIVE
ACC-7836,CUST-860,DEBIT,0.00,ACTIVE
ACC-7837,CUST-196,DEBIT,0.00,ACTIVE
ACC-7838,CUST-625,CREDIT,10000.00,ACTIVE
ACC-7839,CUST-297,CREDIT,10000.00,ACTIVE
ACC-7840,CUST-813,CREDIT,15000.00,ACTIVE
ACC-7841,CUST-968,CREDIT,10000.00,ACTIVE
ACC-7842,CUST-558,DEBIT,0.00,ACTIVE
ACC-7843,CUST-844,CREDIT,25000.00,ACTIVE
ACC-7844,CUST-588,CREDIT,5000.00,ACTIVE
ACC-7845,CUST-559,DEBIT,0.00,ACTIVE
ACC-7846,CUST-989,CREDIT,1000.00,ACTIVE
ACC-7847,CUST-385,CREDIT,10000.00,ACTIVE
ACC-7848,CUST-527,CREDIT,10000.00,ACTIVE
ACC-7849,CUST-734,CREDIT,25000.00,ACTIVE
ACC-7850,CUST-109,CREDIT,1000.00,BLOCKED
ACC-7851,CUST-920,CREDIT,10000.00,ACTIVE
ACC-7852,CUST-823,DEBIT,0.00,ACTIVE
ACC-7853,CUST-517,CREDIT,2500.00,ACTIVE
ACC-7854,CUST-572,CREDIT,1000.00,ACTIVE
ACC-7855,CUST-460,DEBIT,0.00,ACTIVE
ACC-7856,CUST-871,CREDIT,2500.00,ACTIVE
ACC-7857,CUST-723,CREDIT,10000.00,ACTIVE
ACC-7858,CUST-619,CREDIT,10000.00,ACTIVE
ACC-7859,CUST-316,CREDIT,15000.00,ACTIVE
ACC-7860,CUST-763,CREDIT,25000.00,ACTIVE
ACC-7861,CUST-643,CREDIT,15000.00,ACTIVE
ACC-7862,CUST-148,DEBIT,0.00,ACTIVE
ACC-7863,CUST-113,CREDIT,2500.00,ACTIVE
ACC-7864,CUST-456,CREDIT,10000.00,BLOCKED
ACC-7865,CUST-217,CREDIT,25000.00,ACTIVE
ACC-7866,CUST-223,CREDIT,25000.00,ACTIVE
ACC-7867,CUST-581,DEBIT,0.00,ACTIVE
ACC-7868,CUST-692,CREDIT,15000.00,ACTIVE
ACC-7869,CUST-716,CREDIT,1000.00,ACTIVE
ACC-7870,CUST-788,DEBIT,0.00,ACTIVE
ACC-7871,CUST-480,CREDIT,5000.00,ACTIVE
ACC-7872,CUST-449,CREDIT,5000.00,ACTIVE
ACC-7873,CUST-940,DEBIT,0.00,ACTIVE
ACC-7874,CUST-700,DEBIT,0.00,ACTIVE
ACC-7875,CUST-971,CREDIT,1000.00,ACTIVE
ACC-7876,CUST-747,CREDIT,25000.00,ACTIVE
ACC-7877,CUST-450,CREDIT,5000.00,ACTIVE
ACC-7878,CUST-714,CREDIT,5000.00,ACTIVE
ACC-7879,CUST-671,DEBIT,0.00,ACTIVE
ACC-7880,CUST-856,DEBIT,0.00,ACTIVE
ACC-7881,CUST-951,DEBIT,0.00,ACTIVE
ACC-7882,CUST-283,CREDIT,10000.00,ACTIVE
ACC-7883,CUST-820,DEBIT,0.00,ACTIVE
ACC-7884,CUST-515,DEBIT,0.00,ACTIVE
ACC-7885,CUST-655,DEBIT,0.00,ACTIVE
ACC-7886,CUST-466,CREDIT,15000.00,ACTIVE
ACC-7887,CUST-668,CREDIT,2500.00,ACTIVE
ACC-7888,CUST-498,CREDIT,2500.00,ACTIVE
ACC-7889,CUST-108,CREDIT,1000.00,ACTIVE
ACC-7890,CUST-712,DEBIT,0.00,ACTIVE
ACC-7891,CUST-893,CREDIT,25000.00,ACTIVE
ACC-7892,CUST-701,DEBIT,0.00,ACTIVE
ACC-7893,CUST-907,CREDIT,25000.00,ACTIVE
ACC-7894,CUST-384,CREDIT,10000.00,ACTIVE
ACC-7895,CUST-867,DEBIT,0.00,ACTIVE
ACC-7896,CUST-571,CREDIT,2500.00,ACTIVE
ACC-7897,CUST-878,CREDIT,2500.00,ACTIVE
ACC-7898,CUST-620,DEBIT,0.00,ACTIVE
ACC-7899,CUST-736,CREDIT,2500.00,ACTIVE
ACC-7900,CUST-589,CREDIT,10000.00,ACTIVE
ACC-7901,CUST-772,DEBIT,0.00,ACTIVE
ACC-7902,CUST-823,CREDIT,5000.00,BLOCKED
ACC-7903,CUST-766,DEBIT,0.00,ACTIVE
ACC-7904,CUST-376,CREDIT,2500.00,ACTIVE
ACC-7905,CUST-910,CREDIT,15000.00,ACTIVE
ACC-7906,CUST-928,DEBIT,0.00,ACTIVE
ACC-7907,CUST-289,CREDIT,25000.00,ACTIVE
ACC-7908,CUST-415,DEBIT,0.00,ACTIVE
ACC-7909,CUST-657,DEBIT,0.00,ACTIVE
ACC-7910,CUST-272,CREDIT,5000.00,ACTIVE
ACC-7911,CUST-377,CREDIT,15000.00,ACTIVE
ACC-7912,CUST-809,CREDIT,25000.00,ACTIVE
ACC-7913,CUST-715,CREDIT,5000.00,ACTIVE
ACC-7914,CUST-193,CREDIT,10000.00,ACTIVE
ACC-7915,CUST-773,CREDIT,25000.00,ACTIVE
ACC-7916,CUST-380,CREDIT,5000.00,ACTIVE
ACC-7917,CUST-416,CREDIT,15000.00,ACTIVE
ACC-7918,CUST-734,CREDIT,2500.00,ACTIVE
ACC-7919,CUST-578,DEBIT,0.00,ACTIVE
ACC-7920,CUST-237,CREDIT,5000.00,ACTIVE
ACC-7921,CUST-800,CREDIT,5000.00,BLOCKED
ACC-7922,CUST-944,CREDIT,1000.00,ACTIVE
ACC-7923,CUST-941,CREDIT,1000.00,ACTIVE
ACC-7924,CUST-304,DEBIT,0.00,ACTIVE
ACC-7925,CUST-285,CREDIT,5000.00,ACTIVE
ACC-7926,CUST-279,DEBIT,0.00,ACTIVE
ACC-7927,CUST-491,CREDIT,2500.00,ACTIVE
ACC-7928,CUST-779,DEBIT,0.00,ACTIVE
ACC-7929,CUST-277,DEBIT,0.00,ACTIVE
ACC-7930,CUST-339,DEBIT,0.00,ACTIVE
ACC-7931,CUST-356,CREDIT,10000.00,ACTIVE
ACC-7932,CUST-654,CREDIT,1000.00,ACTIVE
ACC-7933,CUST-793,DEBIT,0.00,ACTIVE
ACC-7934,CUST-902,CREDIT,15000.00,ACTIVE
ACC-7935,CUST-769,DEBIT,0.00,ACTIVE
ACC-7936,CUST-487,CREDIT,2500.00,ACTIVE
ACC-7937,CUST-292,CREDIT,2500.00,ACTIVE
ACC-7938,CUST-407,CREDIT,2500.00,ACTIVE
ACC-7939,CUST-335,DEBIT,0.00,ACTIVE
ACC-7940,CUST-583,DEBIT,0.00,ACTIVE
ACC-7941,CUST-546,CREDIT,25000.00,ACTIVE
ACC-7942,CUST-138,DEBIT,0.00,ACTIVE
ACC-7943,CUST-279,CREDIT,5000.00,ACTIVE
ACC-7944,CUST-492,CREDIT,25000.00,ACTIVE
ACC-7945,CUST-667,DEBIT,0.00,ACTIVE
ACC-7946,CUST-309,CREDIT,1000.00,ACTIVE
ACC-7947,CUST-455,CREDIT,1000.00,ACTIVE
ACC-7948,CUST-635,CREDIT,15000.00,ACTIVE
ACC-7949,CUST-723,DEBIT,0.00,BLOCKED
ACC-7950,CUST-986,CREDIT,10000.00,ACTIVE
ACC-7951,CUST-719,CREDIT,15000.00,ACTIVE
ACC-7952,CUST-434,DEBIT,0.00,ACTIVE
ACC-7953,CUST-982,CREDIT,15000.00,ACTIVE
ACC-7954,CUST-568,CREDIT,5000.00,ACTIVE
ACC-7955,CUST-104,CREDIT,15000.00,ACTIVE
ACC-7956,CUST-448,CREDIT,15000.00,ACTIVE
ACC-7957,CUST-566,CREDIT,15000.00,ACTIVE
ACC-7958,CUST-857,CREDIT,5000.00,BLOCKED
ACC-7959,CUST-782,DEBIT,0.00,ACTIVE
ACC-7960,CUST-703,CREDIT,10000.00,ACTIVE
ACC-7961,CUST-116,CREDIT,15000.00,ACTIVE
ACC-7962,CUST-973,CREDIT,1000.00,ACTIVE
ACC-7963,CUST-984,DEBIT,0.00,ACTIVE
ACC-7964,CUST-152,DEBIT,0.00,ACTIVE
ACC-7965,CUST-184,CREDIT,5000.00,ACTIVE
ACC-7966,CUST-366,CREDIT,2500.00,ACTIVE
ACC-7967,CUST-558,DEBIT,0.00,ACTIVE
ACC-7968,CUST-467,CREDIT,10000.00,ACTIVE
ACC-7969,CUST-768,CREDIT,25000.00,ACTIVE
ACC-7970,CUST-532,CREDIT,15000.00,ACTIVE
ACC-7971,CUST-493,DEBIT,0.00,ACTIVE
ACC-7972,CUST-840,CREDIT,5000.00,ACTIVE
ACC-7973,CUST-810,DEBIT,0.00,ACTIVE
ACC-7974,CUST-755,CREDIT,5000.00,ACTIVE
ACC-7975,CUST-435,DEBIT,0.00,ACTIVE
ACC-7976,CUST-117,CREDIT,5000.00,ACTIVE
ACC-7977,CUST-824,CREDIT,10000.00,ACTIVE
ACC-7978,CUST-418,CREDIT,2500.00,ACTIVE
ACC-7979,CUST-370,CREDIT,25000.00,ACTIVE
ACC-7980,CUST-545,DEBIT,0.00,ACTIVE
ACC-7981,CUST-271,CREDIT,25000.00,ACTIVE
ACC-7982,CUST-227,DEBIT,0.00,ACTIVE
ACC-7983,CUST-438,CREDIT,1000.00,ACTIVE
ACC-7984,CUST-651,CREDIT,25000.00,ACTIVE
ACC-7985,CUST-538,CREDIT,25000.00,BLOCKED
ACC-7986,CUST-995,DEBIT,0.00,ACTIVE
ACC-7987,CUST-908,DEBIT,0.00,ACTIVE
ACC-7988,CUST-355,CREDIT,10000.00,ACTIVE
ACC-7989,CUST-876,CREDIT,5000.00,ACTIVE
ACC-7990,CUST-989,DEBIT,0.00,ACTIVE
ACC-7991,CUST-624,CREDIT,10000.00,ACTIVE
ACC-7992,CUST-186,CREDIT,1000.00,ACTIVE
ACC-7993,CUST-244,CREDIT,1000.00,ACTIVE
ACC-7994,CUST-441,CREDIT,15000.00,ACTIVE
ACC-7995,CUST-101,CREDIT,15000.00,ACTIVE
ACC-7996,CUST-615,DEBIT,0.00,ACTIVE
ACC-7997,CUST-989,DEBIT,0.00,ACTIVE
ACC-7998,CUST-458,DEBIT,0.00,ACTIVE
ACC-7999,CUST-321,CREDIT,10000.00,ACTIVE
ACC-8000,CUST-298,CREDIT,10000.00,ACTIVE
ACC-8001,CUST-411,DEBIT,0.00,ACTIVE
ACC-8002,CUST-709,DEBIT,0.00,ACTIVE
ACC-8003,CUST-486,CREDIT,15000.00,ACTIVE
ACC-8004,CUST-338,DEBIT,0.00,ACTIVE
ACC-8005,CUST-254,CREDIT,1000.00,ACTIVE
ACC-8006,CUST-531,CREDIT,5000.00,ACTIVE
ACC-8007,CUST-148,CREDIT,25000.00,ACTIVE
ACC-8008,CUST-557,CREDIT,2500.00,ACTIVE
ACC-8009,CUST-538,CREDIT,5000.00,ACTIVE
ACC-8010,CUST-497,CREDIT,10000.00,ACTIVE
ACC-8011,CUST-420,CREDIT,10000.00,ACTIVE
ACC-8012,CUST-667,DEBIT,0.00,ACTIVE
ACC-8013,CUST-933,DEBIT,0.00,ACTIVE
ACC-8014,CUST-979,CREDIT,10000.00,ACTIVE
ACC-8015,CUST-765,CREDIT,5000.00,ACTIVE
ACC-8016,CUST-829,CREDIT,5000.00,ACTIVE
ACC-8017,CUST-294,CREDIT,15000.00,ACTIVE
ACC-8018,CUST-999,CREDIT,10000.00,ACTIVE
ACC-8019,CUST-871,DEBIT,0.00,ACTIVE
ACC-8020,CUST-576,DEBIT,0.00,ACTIVE
ACC-8021,CUST-371,CREDIT,10000.00,ACTIVE
ACC-8022,CUST-987,DEBIT,0.00,ACTIVE
ACC-8023,CUST-415,CREDIT,10000.00,ACTIVE
ACC-8024,CUST-190,CREDIT,5000.00,ACTIVE
ACC-8025,CUST-767,CREDIT,10000.00,ACTIVE
ACC-8026,CUST-702,DEBIT,0.00,ACTIVE
ACC-8027,CUST-147,CREDIT,1000.00,ACTIVE
ACC-8028,CUST-915,CREDIT,5000.00,ACTIVE
ACC-8029,CUST-618,CREDIT,10000.00,ACTIVE
ACC-8030,CUST-369,CREDIT,25000.00,ACTIVE
ACC-8031,CUST-919,CREDIT,15000.00,BLOCKED
ACC-8032,CUST-351,CREDIT,25000.00,ACTIVE
ACC-8033,CUST-985,CREDIT,2500.00,ACTIVE
ACC-8034,CUST-540,DEBIT,0.00,ACTIVE
ACC-8035,CUST-787,DEBIT,0.00,ACTIVE
ACC-8036,CUST-137,DEBIT,0.00,ACTIVE
ACC-8037,CUST-684,CREDIT,1000.00,ACTIVE
ACC-8038,CUST-853,DEBIT,0.00,ACTIVE
ACC-8039,CUST-871,CREDIT,5000.00,ACTIVE
ACC-8040,CUST-179,DEBIT,0.00,ACTIVE
ACC-8041,CUST-613,CREDIT,25000.00,ACTIVE
ACC-8042,CUST-421,CREDIT,25000.00,ACTIVE
ACC-8043,CUST-204,DEBIT,0.00,ACTIVE
ACC-8044,CUST-320,DEBIT,0.00,ACTIVE
ACC-8045,CUST-383,DEBIT,0.00,ACTIVE
ACC-8046,CUST-413,CREDIT,1000.00,ACTIVE
ACC-8047,CUST-622,CREDIT,10000.00,ACTIVE
ACC-8048,CUST-598,CREDIT,25000.00,ACTIVE
ACC-8049,CUST-572,DEBIT,0.00,ACTIVE
ACC-8050,CUST-787,DEBIT,0.00,ACTIVE
ACC-8051,CUST-492,DEBIT,0.00,ACTIVE
ACC-8052,CUST-116,CREDIT,2500.00,ACTIVE
ACC-8053,CUST-477,DEBIT,0.00,ACTIVE
ACC-8054,CUST-117,CREDIT,15000.00,ACTIVE
ACC-8055,CUST-835,CREDIT,15000.00,ACTIVE
ACC-8056,CUST-103,CREDIT,2500.00,ACTIVE
ACC-8057,CUST-290,DEBIT,0.00,ACTIVE
ACC-8058,CUST-423,CREDIT,5000.00,ACTIVE
ACC-8059,CUST-738,CREDIT,10000.00,ACTIVE
ACC-8060,CUST-168,CREDIT,2500.00,ACTIVE
ACC-8061,CUST-996,CREDIT,5000.00,ACTIVE
ACC-8062,CUST-415,CREDIT,10000.00,ACTIVE
ACC-8063,CUST-318,CREDIT,10000.00,ACTIVE
ACC-8064,CUST-850,CREDIT,1000.00,ACTIVE
ACC-8065,CUST-367,DEBIT,0.00,ACTIVE
ACC-8066,CUST-102,CREDIT,5000.00,ACTIVE
ACC-8067,CUST-205,CREDIT,15000.00,ACTIVE
ACC-8068,CUST-270,CREDIT,25000.00,ACTIVE
ACC-8069,CUST-616,DEBIT,0.00,ACTIVE
ACC-8070,CUST-184,CREDIT,2500.00,ACTIVE
ACC-8071,CUST-872,CREDIT,25000.00,ACTIVE
ACC-8072,CUST-987,DEBIT,0.00,ACTIVE
ACC-8073,CUST-197,DEBIT,0.00,ACTIVE
ACC-8074,CUST-178,CREDIT,2500.00,ACTIVE
ACC-8075,CUST-463,CREDIT,2500.00,ACTIVE
ACC-8076,CUST-528,CREDIT,2500.00,ACTIVE
ACC-8077,CUST-180,DEBIT,0.00,ACTIVE
ACC-8078,CUST-894,CREDIT,15000.00,ACTIVE
ACC-8079,CUST-221,CREDIT,25000.00,ACTIVE
ACC-8080,CUST-997,CREDIT,15000.00,ACTIVE
ACC-8081,CUST-691,CREDIT,15000.00,ACTIVE
ACC-8082,CUST-912,CREDIT,25000.00,ACTIVE
ACC-8083,CUST-667,DEBIT,0.00,ACTIVE
ACC-8084,CUST-927,DEBIT,0.00,ACTIVE
ACC-8085,CUST-453,CREDIT,1000.00,ACTIVE
ACC-8086,CUST-650,DEBIT,0.00,ACTIVE
ACC-8087,CUST-418,CREDIT,1000.00,ACTIVE
ACC-8088,CUST-833,CREDIT,15000.00,ACTIVE
ACC-8089,CUST-300,DEBIT,0.00,ACTIVE
ACC-8090,CUST-364,DEBIT,0.00,ACTIVE
ACC-8091,CUST-230,DEBIT,0.00,ACTIVE
ACC-8092,CUST-277,DEBIT,0.00,BLOCKED
ACC-8093,CUST-722,CREDIT,2500.00,ACTIVE
ACC-8094,CUST-862,DEBIT,0.00,ACTIVE
ACC-8095,CUST-967,DEBIT,0.00,BLOCKED
ACC-8096,CUST-204,CREDIT,15000.00,ACTIVE
ACC-8097,CUST-583,CREDIT,15000.00,ACTIVE
ACC-8098,CUST-189,DEBIT,0.00,ACTIVE
ACC-8099,CUST-355,CREDIT,10000.00,ACTIVE
ACC-8100,CUST-300,CREDIT,25000.00,ACTIVE
ACC-8101,CUST-428,DEBIT,0.00,ACTIVE
ACC-8102,CUST-414,CREDIT,2500.00,ACTIVE
ACC-8103,CUST-190,CREDIT,10000.00,ACTIVE
ACC-8104,CUST-148,DEBIT,0.00,ACTIVE
ACC-8105,CUST-728,CREDIT,25000.00,ACTIVE
ACC-8106,CUST-427,CREDIT,25000.00,ACTIVE
ACC-8107,CUST-542,CREDIT,25000.00,ACTIVE
ACC-8108,CUST-410,CREDIT,5000.00,ACTIVE
ACC-8109,CUST-288,CREDIT,15000.00,ACTIVE
ACC-8110,CUST-728,CREDIT,1000.00,ACTIVE
ACC-8111,CUST-449,DEBIT,0.00,ACTIVE
ACC-8112,CUST-184,CREDIT,10000.00,ACTIVE
ACC-8113,CUST-922,DEBIT,0.00,ACTIVE
ACC-8114,CUST-811,CREDIT,10000.00,BLOCKED
ACC-8115,CUST-489,DEBIT,0.00,BLOCKED
ACC-8116,CUST-160,DEBIT,0.00,ACTIVE
ACC-8117,CUST-970,DEBIT,0.00,ACTIVE
ACC-8118,CUST-235,DEBIT,0.00,ACTIVE
ACC-8119,CUST-857,CREDIT,5000.00,ACTIVE
ACC-8120,CUST-944,CREDIT,15000.00,ACTIVE
ACC-8121,CUST-185,CREDIT,2500.00,ACTIVE
ACC-8122,CUST-753,CREDIT,10000.00,ACTIVE
ACC-8123,CUST-955,CREDIT,25000.00,ACTIVE
ACC-8124,CUST-131,CREDIT,10000.00,ACTIVE
ACC-8125,CUST-686,CREDIT,25000.00,ACTIVE
ACC-8126,CUST-863,DEBIT,0.00,ACTIVE
ACC-8127,CUST-242,CREDIT,5000.00,ACTIVE
ACC-8128,CUST-748,DEBIT,0.00,ACTIVE
ACC-8129,CUST-664,CREDIT,2500.00,ACTIVE
ACC-8130,CUST-261,CREDIT,1000.00,ACTIVE
ACC-8131,CUST-776,CREDIT,1000.00,ACTIVE
ACC-8132,CUST-730,CREDIT,5000.00,ACTIVE
ACC-8133,CUST-295,CREDIT,2500.00,ACTIVE
ACC-8134,CUST-458,CREDIT,1000.00,ACTIVE
ACC-8135,CUST-834,CREDIT,5000.00,ACTIVE
ACC-8136,CUST-624,DEBIT,0.00,ACTIVE
ACC-8137,CUST-123,DEBIT,0.00,ACTIVE
ACC-8138,CUST-746,DEBIT,0.00,ACTIVE
ACC-8139,CUST-925,DEBIT,0.00,ACTIVE
ACC-8140,CUST-277,CREDIT,5000.00,ACTIVE
ACC-8141,CUST-368,DEBIT,0.00,ACTIVE
ACC-8142,CUST-588,CREDIT,5000.00,ACTIVE
ACC-8143,CUST-721,CREDIT,10000.00,ACTIVE
ACC-8144,CUST-693,DEBIT,0.00,ACTIVE
ACC-8145,CUST-846,CREDIT,1000.00,ACTIVE
ACC-8146,CUST-804,CREDIT,5000.00,ACTIVE
ACC-8147,CUST-498,CREDIT,1000.00,ACTIVE
ACC-8148,CUST-237,CREDIT,5000.00,ACTIVE
ACC-8149,CUST-620,CREDIT,15000.00,ACTIVE
ACC-8150,CUST-490,DEBIT,0.00,ACTIVE
ACC-8151,CUST-728,CREDIT,25000.00,BLOCKED
ACC-8152,CUST-498,CREDIT,2500.00,ACTIVE
ACC-8153,CUST-762,DEBIT,0.00,ACTIVE
ACC-8154,CUST-123,CREDIT,2500.00,ACTIVE
ACC-8155,CUST-918,DEBIT,0.00,BLOCKED
ACC-8156,CUST-491,DEBIT,0.00,ACTIVE
ACC-8157,CUST-703,CREDIT,5000.00,ACTIVE
ACC-8158,CUST-181,CREDIT,10000.00,ACTIVE
ACC-8159,CUST-319,DEBIT,0.00,ACTIVE
ACC-8160,CUST-878,CREDIT,2500.00,ACTIVE
ACC-8161,CUST-633,DEBIT,0.00,ACTIVE
ACC-8162,CUST-673,CREDIT,5000.00,ACTIVE
ACC-8163,CUST-415,CREDIT,25000.00,ACTIVE
ACC-8164,CUST-365,CREDIT,25000.00,ACTIVE
ACC-8165,CUST-470,CREDIT,15000.00,ACTIVE
ACC-8166,CUST-345,CREDIT,10000.00,ACTIVE
ACC-8167,CUST-518,CREDIT,1000.00,ACTIVE
ACC-8168,CUST-677,CREDIT,25000.00,ACTIVE
ACC-8169,CUST-847,CREDIT,2500.00,ACTIVE
ACC-8170,CUST-361,CREDIT,1000.00,ACTIVE
ACC-8171,CUST-513,DEBIT,0.00,ACTIVE
ACC-8172,CUST-888,DEBIT,0.00,ACTIVE
ACC-8173,CUST-776,CREDIT,5000.00,ACTIVE
ACC-8174,CUST-779,CREDIT,2500.00,ACTIVE
ACC-8175,CUST-290,DEBIT,0.00,ACTIVE
ACC-8176,CUST-268,DEBIT,0.00,ACTIVE
ACC-8177,CUST-878,DEBIT,0.00,ACTIVE
ACC-8178,CUST-257,DEBIT,0.00,ACTIVE
ACC-8179,CUST-622,CREDIT,2500.00,ACTIVE
ACC-8180,CUST-405,CREDIT,10000.00,ACTIVE
ACC-8181,CUST-596,DEBIT,0.00,ACTIVE
ACC-8182,CUST-614,DEBIT,0.00,ACTIVE
ACC-8183,CUST-920,CREDIT,10000.00,ACTIVE
ACC-8184,CUST-851,CREDIT,10000.00,BLOCKED
ACC-8185,CUST-586,CREDIT,5000.00,ACTIVE
ACC-8186,CUST-751,CREDIT,1000.00,ACTIVE
ACC-8187,CUST-452,CREDIT,10000.00,ACTIVE
ACC-8188,CUST-714,DEBIT,0.00,ACTIVE
ACC-8189,CUST-600,CREDIT,15000.00,ACTIVE
ACC-8190,CUST-383,CREDIT,25000.00,ACTIVE
ACC-8191,CUST-751,CREDIT,25000.00,ACTIVE
ACC-8192,CUST-260,CREDIT,15000.00,ACTIVE
ACC-8193,CUST-959,CREDIT,5000.00,ACTIVE
ACC-8194,CUST-731,DEBIT,0.00,ACTIVE
ACC-8195,CUST-329,CREDIT,10000.00,ACTIVE
ACC-8196,CUST-425,CREDIT,10000.00,ACTIVE
ACC-8197,CUST-546,CREDIT,5000.00,ACTIVE
ACC-8198,CUST-551,CREDIT,1000.00,ACTIVE
ACC-8199,CUST-839,CREDIT,10000.00,ACTIVE
ACC-8200,CUST-311,CREDIT,1000.00,ACTIVE
ACC-8201,CUST-162,CREDIT,15000.00,ACTIVE
ACC-8202,CUST-296,DEBIT,0.00,ACTIVE
ACC-8203,CUST-854,DEBIT,0.00,ACTIVE
ACC-8204,CUST-258,CREDIT,10000.00,ACTIVE
ACC-8205,CUST-636,CREDIT,5000.00,ACTIVE
ACC-8206,CUST-320,CREDIT,15000.00,ACTIVE
ACC-8207,CUST-591,CREDIT,25000.00,ACTIVE
ACC-8208,CUST-743,CREDIT,15000.00,ACTIVE
ACC-8209,CUST-810,CREDIT,5000.00,ACTIVE
ACC-8210,CUST-995,CREDIT,1000.00,ACTIVE
ACC-8211,CUST-912,CREDIT,1000.00,ACTIVE
ACC-8212,CUST-173,CREDIT,5000.00,ACTIVE
ACC-8213,CUST-324,DEBIT,0.00,ACTIVE
ACC-8214,CUST-639,CREDIT,2500.00,ACTIVE
ACC-8215,CUST-454,CREDIT,25000.00,ACTIVE
ACC-8216,CUST-116,CREDIT,5000.00,ACTIVE
ACC-8217,CUST-502,CREDIT,15000.00,ACTIVE
ACC-8218,CUST-373,CREDIT,10000.00,ACTIVE
ACC-8219,CUST-512,DEBIT,0.00,ACTIVE
ACC-8220,CUST-149,CREDIT,2500.00,ACTIVE
ACC-8221,CUST-813,CREDIT,25000.00,ACTIVE
ACC-8222,CUST-687,DEBIT,0.00,ACTIVE
ACC-8223,CUST-827,CREDIT,15000.00,ACTIVE
ACC-8224,CUST-856,CREDIT,5000.00,ACTIVE
ACC-8225,CUST-613,CREDIT,25000.00,ACTIVE
ACC-8226,CUST-187,CREDIT,1000.00,ACTIVE
ACC-8227,CUST-428,DEBIT,0.00,ACTIVE
ACC-8228,CUST-764,DEBIT,0.00,ACTIVE
ACC-8229,CUST-351,DEBIT,0.00,ACTIVE
ACC-8230,CUST-564,DEBIT,0.00,ACTIVE
ACC-8231,CUST-191,CREDIT,5000.00,ACTIVE
ACC-8232,CUST-526,DEBIT,0.00,ACTIVE
ACC-8233,CUST-589,CREDIT,15000.00,ACTIVE
ACC-8234,CUST-504,CREDIT,5000.00,ACTIVE
ACC-8235,CUST-952,CREDIT,15000.00,ACTIVE
ACC-8236,CUST-184,CREDIT,10000.00,ACTIVE
ACC-8237,CUST-813,DEBIT,0.00,ACTIVE
ACC-8238,CUST-166,CREDIT,1000.00,ACTIVE
ACC-8239,CUST-256,CREDIT,5000.00,ACTIVE
ACC-8240,CUST-198,CREDIT,25000.00,ACTIVE
ACC-8241,CUST-269,DEBIT,0.00,ACTIVE
ACC-8242,CUST-382,CREDIT,25000.00,ACTIVE
ACC-8243,CUST-789,CREDIT,2500.00,ACTIVE
ACC-8244,CUST-759,DEBIT,0.00,ACTIVE
ACC-8245,CUST-550,CREDIT,15000.00,ACTIVE
ACC-8246,CUST-426,CREDIT,5000.00,ACTIVE
ACC-8247,CUST-470,CREDIT,1000.00,ACTIVE
ACC-8248,CUST-764,CREDIT,25000.00,ACTIVE
ACC-8249,CUST-955,DEBIT,0.00,ACTIVE
ACC-8250,CUST-773,CREDIT,10000.00,ACTIVE
ACC-8251,CUST-919,CREDIT,5000.00,ACTIVE
ACC-8252,CUST-949,CREDIT,2500.00,ACTIVE
ACC-8253,CUST-155,CREDIT,15000.00,ACTIVE
ACC-8254,CUST-985,CREDIT,25000.00,ACTIVE
ACC-8255,CUST-574,CREDIT,2500.00,ACTIVE
ACC-8256,CUST-212,CREDIT,1000.00,ACTIVE
ACC-8257,CUST-573,CREDIT,5000.00,ACTIVE
ACC-8258,CUST-729,CREDIT,2500.00,ACTIVE
ACC-8259,CUST-173,DEBIT,0.00,ACTIVE
ACC-8260,CUST-810,DEBIT,0.00,ACTIVE
ACC-8261,CUST-474,CREDIT,2500.00,ACTIVE
ACC-8262,CUST-360,CREDIT,15000.00,ACTIVE
ACC-8263,CUST-848,CREDIT,5000.00,ACTIVE
ACC-8264,CUST-646,CREDIT,5000.00,ACTIVE
ACC-8265,CUST-319,CREDIT,25000.00,ACTIVE
ACC-8266,CUST-981,CREDIT,5000.00,ACTIVE
ACC-8267,CUST-457,CREDIT,5000.00,ACTIVE
ACC-8268,CUST-904,CREDIT,25000.00,ACTIVE
ACC-8269,CUST-864,DEBIT,0.00,ACTIVE
ACC-8270,CUST-613,CREDIT,10000.00,ACTIVE
ACC-8271,CUST-259,CREDIT,10000.00,ACTIVE
ACC-8272,CUST-891,DEBIT,0.00,ACTIVE
ACC-8273,CUST-220,DEBIT,0.00,ACTIVE
ACC-8274,CUST-344,DEBIT,0.00,ACTIVE
ACC-8275,CUST-753,CREDIT,25000.00,ACTIVE
ACC-8276,CUST-576,CREDIT,1000.00,ACTIVE
ACC-8277,CUST-555,CREDIT,10000.00,ACTIVE
ACC-8278,CUST-604,CREDIT,1000.00,ACTIVE
ACC-8279,CUST-928,DEBIT,0.00,ACTIVE
ACC-8280,CUST-397,DEBIT,0.00,ACTIVE
ACC-8281,CUST-685,CREDIT,5000.00,ACTIVE
ACC-8282,CUST-321,CREDIT,1000.00,ACTIVE
ACC-8283,CUST-884,CREDIT,5000.00,ACTIVE
ACC-8284,CUST-295,CREDIT,1000.00,ACTIVE
ACC-8285,CUST-179,CREDIT,10000.00,ACTIVE
ACC-8286,CUST-774,CREDIT,15000.00,ACTIVE
ACC-8287,CUST-548,DEBIT,0.00,ACTIVE
ACC-8288,CUST-571,DEBIT,0.00,ACTIVE
ACC-8289,CUST-134,CREDIT,25000.00,ACTIVE
ACC-8290,CUST-282,CREDIT,10000.00,ACTIVE
ACC-8291,CUST-796,DEBIT,0.00,ACTIVE
ACC-8292,CUST-867,CREDIT,25000.00,ACTIVE
ACC-8293,CUST-899,DEBIT,0.00,ACTIVE
ACC-8294,CUST-699,CREDIT,15000.00,ACTIVE
ACC-8295,CUST-461,CREDIT,10000.00,ACTIVE
ACC-8296,CUST-598,DEBIT,0.00,ACTIVE
ACC-8297,CUST-789,DEBIT,0.00,ACTIVE
ACC-8298,CUST-708,DEBIT,0.00,ACTIVE
ACC-8299,CUST-231,CREDIT,10000.00,ACTIVE
ACC-8300,CUST-897,CREDIT,15000.00,ACTIVE
ACC-8301,CUST-453,CREDIT,2500.00,ACTIVE
ACC-8302,CUST-726,DEBIT,0.00,ACTIVE
ACC-8303,CUST-718,CREDIT,5000.00,ACTIVE
ACC-8304,CUST-750,CREDIT,5000.00,ACTIVE
ACC-8305,CUST-514,CREDIT,15000.00,ACTIVE
ACC-8306,CUST-421,DEBIT,0.00,ACTIVE
ACC-8307,CUST-552,CREDIT,25000.00,ACTIVE
ACC-8308,CUST-811,DEBIT,0.00,ACTIVE
ACC-8309,CUST-886,CREDIT,1000.00,ACTIVE
ACC-8310,CUST-111,DEBIT,0.00,ACTIVE
ACC-8311,CUST-789,DEBIT,0.00,ACTIVE
ACC-8312,CUST-892,DEBIT,0.00,ACTIVE
ACC-8313,CUST-257,CREDIT,5000.00,ACTIVE
ACC-8314,CUST-970,CREDIT,1000.00,ACTIVE
ACC-8315,CUST-846,CREDIT,25000.00,ACTIVE
ACC-8316,CUST-824,CREDIT,15000.00,ACTIVE
ACC-8317,CUST-618,DEBIT,0.00,ACTIVE
ACC-8318,CUST-539,DEBIT,0.00,ACTIVE
ACC-8319,CUST-929,DEBIT,0.00,ACTIVE
ACC-8320,CUST-915,CREDIT,2500.00,ACTIVE
ACC-8321,CUST-741,DEBIT,0.00,ACTIVE
ACC-8322,CUST-262,DEBIT,0.00,ACTIVE
ACC-8323,CUST-210,DEBIT,0.00,ACTIVE
ACC-8324,CUST-925,CREDIT,25000.00,ACTIVE
ACC-8325,CUST-929,DEBIT,0.00,ACTIVE
ACC-8326,CUST-876,CREDIT,5000.00,ACTIVE
ACC-8327,CUST-370,DEBIT,0.00,ACTIVE
ACC-8328,CUST-481,CREDIT,5000.00,ACTIVE
ACC-8329,CUST-802,DEBIT,0.00,ACTIVE
ACC-8330,CUST-178,DEBIT,0.00,ACTIVE
ACC-8331,CUST-804,CREDIT,1000.00,ACTIVE
ACC-8332,CUST-318,CREDIT,25000.00,ACTIVE
ACC-8333,CUST-118,CREDIT,10000.00,ACTIVE
ACC-8334,CUST-311,DEBIT,0.00,ACTIVE
ACC-8335,CUST-202,CREDIT,25000.00,ACTIVE
ACC-8336,CUST-957,DEBIT,0.00,ACTIVE
ACC-8337,CUST-408,DEBIT,0.00,ACTIVE
ACC-8338,CUST-386,DEBIT,0.00,ACTIVE
ACC-8339,CUST-366,DEBIT,0.00,ACTIVE
ACC-8340,CUST-176,CREDIT,2500.00,ACTIVE
ACC-8341,CUST-348,CREDIT,15000.00,ACTIVE
ACC-8342,CUST-213,CREDIT,1000.00,ACTIVE
ACC-8343,CUST-498,CREDIT,2500.00,ACTIVE
ACC-8344,CUST-999,CREDIT,1000.00,ACTIVE
ACC-8345,CUST-579,DEBIT,0.00,ACTIVE
ACC-8346,CUST-686,DEBIT,0.00,ACTIVE
ACC-8347,CUST-594,CREDIT,10000.00,ACTIVE
ACC-8348,CUST-576,CREDIT,15000.00,ACTIVE
ACC-8349,CUST-102,CREDIT,25000.00,ACTIVE
ACC-8350,CUST-958,CREDIT,25000.00,ACTIVE
ACC-8351,CUST-196,CREDIT,10000.00,ACTIVE
ACC-8352,CUST-636,CREDIT,1000.00,ACTIVE
ACC-8353,CUST-150,DEBIT,0.00,ACTIVE
ACC-8354,CUST-499,DEBIT,0.00,ACTIVE
ACC-8355,CUST-331,DEBIT,0.00,ACTIVE
ACC-8356,CUST-496,DEBIT,0.00,ACTIVE
ACC-8357,CUST-914,DEBIT,0.00,ACTIVE
ACC-8358,CUST-405,CREDIT,15000.00,ACTIVE
ACC-8359,CUST-137,CREDIT,15000.00,ACTIVE
ACC-8360,CUST-723,CREDIT,25000.00,ACTIVE
ACC-8361,CUST-356,DEBIT,0.00,ACTIVE
ACC-8362,CUST-678,DEBIT,0.00,ACTIVE
ACC-8363,CUST-760,DEBIT,0.00,ACTIVE
ACC-8364,CUST-933,CREDIT,5000.00,ACTIVE
ACC-8365,CUST-710,DEBIT,0.00,ACTIVE
ACC-8366,CUST-170,CREDIT,1000.00,ACTIVE
ACC-8367,CUST-687,DEBIT,0.00,ACTIVE
ACC-8368,CUST-245,CREDIT,10000.00,BLOCKED
ACC-8369,CUST-573,CREDIT,10000.00,ACTIVE
ACC-8370,CUST-352,CREDIT,1000.00,ACTIVE
ACC-8371,CUST-507,CREDIT,2500.00,ACTIVE
ACC-8372,CUST-449,DEBIT,0.00,ACTIVE
ACC-8373,CUST-103,DEBIT,0.00,ACTIVE
ACC-8374,CUST-852,CREDIT,1000.00,ACTIVE
ACC-8375,CUST-824,DEBIT,0.00,ACTIVE
ACC-8376,CUST-626,CREDIT,5000.00,ACTIVE
ACC-8377,CUST-891,CREDIT,15000.00,ACTIVE
ACC-8378,CUST-874,DEBIT,0.00,ACTIVE
ACC-8379,CUST-959,CREDIT,5000.00,ACTIVE
ACC-8380,CUST-470,CREDIT,1000.00,ACTIVE
ACC-8381,CUST-591,CREDIT,5000.00,ACTIVE
ACC-8382,CUST-322,CREDIT,5000.00,ACTIVE
ACC-8383,CUST-225,DEBIT,0.00,ACTIVE
ACC-8384,CUST-411,CREDIT,2500.00,ACTIVE
ACC-8385,CUST-656,CREDIT,1000.00,ACTIVE
ACC-8386,CUST-476,CREDIT,1000.00,ACTIVE
ACC-8387,CUST-593,CREDIT,25000.00,ACTIVE
ACC-8388,CUST-447,CREDIT,1000.00,ACTIVE
ACC-8389,CUST-564,DEBIT,0.00,ACTIVE
ACC-8390,CUST-597,CREDIT,10000.00,ACTIVE
ACC-8391,CUST-453,DEBIT,0.00,ACTIVE
ACC-8392,CUST-686,CREDIT,10000.00,ACTIVE
ACC-8393,CUST-815,CREDIT,2500.00,ACTIVE
ACC-8394,CUST-501,CREDIT,5000.00,ACTIVE
ACC-8395,CUST-746,CREDIT,2500.00,ACTIVE
ACC-8396,CUST-558,CREDIT,5000.00,ACTIVE
ACC-8397,CUST-670,CREDIT,5000.00,ACTIVE
ACC-8398,CUST-986,CREDIT,10000.00,ACTIVE
ACC-8399,CUST-109,DEBIT,0.00,ACTIVE
ACC-8400,CUST-771,CREDIT,2500.00,ACTIVE
ACC-8401,CUST-918,DEBIT,0.00,ACTIVE
ACC-8402,CUST-784,DEBIT,0.00,ACTIVE
ACC-8403,CUST-754,DEBIT,0.00,ACTIVE
ACC-8404,CUST-145,DEBIT,0.00,ACTIVE
ACC-8405,CUST-910,CREDIT,2500.00,ACTIVE
ACC-8406,CUST-441,CREDIT,25000.00,ACTIVE
ACC-8407,CUST-370,DEBIT,0.00,BLOCKED
ACC-8408,CUST-898,DEBIT,0.00,ACTIVE
ACC-8409,CUST-646,CREDIT,15000.00,ACTIVE
ACC-8410,CUST-817,DEBIT,0.00,ACTIVE
ACC-8411,CUST-921,DEBIT,0.00,ACTIVE
ACC-8412,CUST-452,CREDIT,1000.00,ACTIVE
ACC-8413,CUST-266,CREDIT,5000.00,ACTIVE
ACC-8414,CUST-969,CREDIT,10000.00,ACTIVE
ACC-8415,CUST-835,CREDIT,5000.00,ACTIVE
ACC-8416,CUST-523,DEBIT,0.00,ACTIVE
ACC-8417,CUST-152,DEBIT,0.00,ACTIVE
ACC-8418,CUST-414,CREDIT,15000.00,ACTIVE
ACC-8419,CUST-789,DEBIT,0.00,ACTIVE
ACC-8420,CUST-572,DEBIT,0.00,ACTIVE
ACC-8421,CUST-255,CREDIT,15000.00,ACTIVE
ACC-8422,CUST-403,CREDIT,25000.00,ACTIVE
ACC-8423,CUST-796,CREDIT,5000.00,ACTIVE
ACC-8424,CUST-723,CREDIT,2500.00,ACTIVE
ACC-8425,CUST-978,CREDIT,25000.00,ACTIVE
ACC-8426,CUST-544,CREDIT,10000.00,ACTIVE
ACC-8427,CUST-286,CREDIT,15000.00,ACTIVE
ACC-8428,CUST-835,DEBIT,0.00,ACTIVE
ACC-8429,CUST-631,DEBIT,0.00,ACTIVE
ACC-8430,CUST-587,CREDIT,10000.00,ACTIVE
ACC-8431,CUST-567,CREDIT,10000.00,ACTIVE
ACC-8432,CUST-875,CREDIT,5000.00,ACTIVE
ACC-8433,CUST-945,DEBIT,0.00,ACTIVE
ACC-8434,CUST-579,CREDIT,10000.00,ACTIVE
ACC-8435,CUST-554,CREDIT,25000.00,ACTIVE
ACC-8436,CUST-548,CREDIT,1000.00,ACTIVE
ACC-8437,CUST-226,DEBIT,0.00,BLOCKED
ACC-8438,CUST-291,CREDIT,15000.00,ACTIVE
ACC-8439,CUST-652,DEBIT,0.00,ACTIVE
ACC-8440,CUST-271,DEBIT,0.00,ACTIVE
ACC-8441,CUST-800,CREDIT,2500.00,ACTIVE
ACC-8442,CUST-906,DEBIT,0.00,ACTIVE
ACC-8443,CUST-335,CREDIT,15000.00,ACTIVE
ACC-8444,CUST-510,CREDIT,10000.00,ACTIVE
ACC-8445,CUST-954,DEBIT,0.00,ACTIVE
ACC-8446,CUST-679,DEBIT,0.00,ACTIVE
ACC-8447,CUST-332,DEBIT,0.00,ACTIVE
ACC-8448,CUST-726,DEBIT,0.00,ACTIVE
ACC-8449,CUST-548,CREDIT,2500.00,ACTIVE
ACC-8450,CUST-243,CREDIT,10000.00,ACTIVE
ACC-8451,CUST-451,CREDIT,1000.00,ACTIVE
ACC-8452,CUST-133,CREDIT,25000.00,ACTIVE
ACC-8453,CUST-371,DEBIT,0.00,ACTIVE
ACC-8454,CUST-644,CREDIT,15000.00,ACTIVE
ACC-8455,CUST-219,CREDIT,5000.00,ACTIVE
ACC-8456,CUST-883,DEBIT,0.00,ACTIVE
ACC-8457,CUST-362,DEBIT,0.00,ACTIVE
ACC-8458,CUST-246,CREDIT,5000.00,ACTIVE
ACC-8459,CUST-554,CREDIT,1000.00,ACTIVE
ACC-8460,CUST-473,CREDIT,5000.00,BLOCKED
ACC-8461,CUST-980,CREDIT,1000.00,ACTIVE
ACC-8462,CUST-642,DEBIT,0.00,ACTIVE
ACC-8463,CUST-128,CREDIT,10000.00,ACTIVE
ACC-8464,CUST-839,DEBIT,0.00,ACTIVE
ACC-8465,CUST-355,CREDIT,2500.00,ACTIVE
ACC-8466,CUST-135,DEBIT,0.00,ACTIVE
ACC-8467,CUST-834,DEBIT,0.00,ACTIVE
ACC-8468,CUST-524,DEBIT,0.00,ACTIVE
ACC-8469,CUST-894,DEBIT,0.00,ACTIVE
ACC-8470,CUST-583,CREDIT,2500.00,ACTIVE
ACC-8471,CUST-631,CREDIT,10000.00,ACTIVE
ACC-8472,CUST-920,CREDIT,25000.00,ACTIVE
ACC-8473,CUST-916,CREDIT,5000.00,ACTIVE
ACC-8474,CUST-585,CREDIT,15000.00,ACTIVE
ACC-8475,CUST-417,DEBIT,0.00,ACTIVE
ACC-8476,CUST-299,CREDIT,10000.00,ACTIVE
ACC-8477,CUST-618,DEBIT,0.00,ACTIVE
ACC-8478,CUST-180,CREDIT,1000.00,ACTIVE
ACC-8479,CUST-599,DEBIT,0.00,ACTIVE
ACC-8480,CUST-121,CREDIT,25000.00,ACTIVE
ACC-8481,CUST-771,CREDIT,2500.00,ACTIVE
ACC-8482,CUST-600,DEBIT,0.00,ACTIVE
ACC-8483,CUST-168,CREDIT,5000.00,ACTIVE
ACC-8484,CUST-240,CREDIT,15000.00,ACTIVE
ACC-8485,CUST-156,DEBIT,0.00,ACTIVE
ACC-8486,CUST-525,DEBIT,0.00,ACTIVE
ACC-8487,CUST-857,CREDIT,10000.00,ACTIVE
ACC-8488,CUST-515,CREDIT,1000.00,ACTIVE
ACC-8489,CUST-358,DEBIT,0.00,ACTIVE
ACC-8490,CUST-838,CREDIT,1000.00,ACTIVE
ACC-8491,CUST-885,CREDIT,10000.00,ACTIVE
ACC-8492,CUST-924,CREDIT,25000.00,ACTIVE
ACC-8493,CUST-481,CREDIT,1000.00,ACTIVE
ACC-8494,CUST-343,CREDIT,10000.00,ACTIVE
ACC-8495,CUST-647,DEBIT,0.00,ACTIVE
ACC-8496,CUST-150,DEBIT,0.00,ACTIVE
ACC-8497,CUST-443,DEBIT,0.00,ACTIVE
ACC-8498,CUST-237,CREDIT,15000.00,ACTIVE
ACC-8499,CUST-779,CREDIT,1000.00,ACTIVE
ACC-8500,CUST-735,CREDIT,15000.00,ACTIVE
ACC-8501,CUST-145,CREDIT,1000.00,ACTIVE
ACC-8502,CUST-608,DEBIT,0.00,ACTIVE
ACC-8503,CUST-128,CREDIT,10000.00,ACTIVE
ACC-8504,CUST-233,CREDIT,5000.00,ACTIVE
ACC-8505,CUST-841,CREDIT,15000.00,ACTIVE
ACC-8506,CUST-332,DEBIT,0.00,ACTIVE
ACC-8507,CUST-560,DEBIT,0.00,ACTIVE
ACC-8508,CUST-689,DEBIT,0.00,ACTIVE
ACC-8509,CUST-699,CREDIT,2500.00,ACTIVE
ACC-8510,CUST-205,CREDIT,2500.00,ACTIVE
ACC-8511,CUST-430,CREDIT,25000.00,ACTIVE
ACC-8512,CUST-962,DEBIT,0.00,ACTIVE
ACC-8513,CUST-185,CREDIT,15000.00,ACTIVE
ACC-8514,CUST-906,CREDIT,2500.00,BLOCKED
ACC-8515,CUST-979,CREDIT,10000.00,ACTIVE
ACC-8516,CUST-406,CREDIT,5000.00,ACTIVE
ACC-8517,CUST-696,CREDIT,10000.00,ACTIVE
ACC-8518,CUST-715,CREDIT,10000.00,ACTIVE
ACC-8519,CUST-171,CREDIT,15000.00,ACTIVE
ACC-8520,CUST-910,CREDIT,25000.00,ACTIVE
ACC-8521,CUST-341,DEBIT,0.00,ACTIVE
ACC-8522,CUST-825,DEBIT,0.00,ACTIVE
ACC-8523,CUST-869,DEBIT,0.00,ACTIVE
ACC-8524,CUST-302,CREDIT,2500.00,ACTIVE
ACC-8525,CUST-737,CREDIT,5000.00,ACTIVE
ACC-8526,CUST-268,DEBIT,0.00,ACTIVE
ACC-8527,CUST-212,CREDIT,10000.00,ACTIVE
ACC-8528,CUST-971,CREDIT,10000.00,ACTIVE
ACC-8529,CUST-763,CREDIT,15000.00,ACTIVE
ACC-8530,CUST-685,CREDIT,2500.00,ACTIVE
ACC-8531,CUST-646,CREDIT,2500.00,ACTIVE
ACC-8532,CUST-400,CREDIT,25000.00,ACTIVE
ACC-8533,CUST-741,CREDIT,10000.00,ACTIVE
ACC-8534,CUST-109,CREDIT,1000.00,ACTIVE
ACC-8535,CUST-594,CREDIT,10000.00,ACTIVE
ACC-8536,CUST-271,CREDIT,10000.00,ACTIVE
ACC-8537,CUST-810,CREDIT,25000.00,ACTIVE
ACC-8538,CUST-367,DEBIT,0.00,ACTIVE
ACC-8539,CUST-900,CREDIT,1000.00,ACTIVE
ACC-8540,CUST-186,CREDIT,1000.00,ACTIVE
ACC-8541,CUST-950,DEBIT,0.00,ACTIVE
ACC-8542,CUST-795,CREDIT,1000.00,ACTIVE
ACC-8543,CUST-827,CREDIT,10000.00,ACTIVE
ACC-8544,CUST-286,CREDIT,10000.00,ACTIVE
ACC-8545,CUST-987,CREDIT,1000.00,ACTIVE
ACC-8546,CUST-113,CREDIT,15000.00,ACTIVE
ACC-8547,CUST-634,DEBIT,0.00,ACTIVE
ACC-8548,CUST-322,CREDIT,15000.00,ACTIVE
ACC-8549,CUST-854,DEBIT,0.00,ACTIVE
ACC-8550,CUST-689,CREDIT,5000.00,ACTIVE
ACC-8551,CUST-879,CREDIT,2500.00,ACTIVE
ACC-8552,CUST-800,CREDIT,5000.00,ACTIVE
ACC-8553,CUST-588,CREDIT,25000.00,ACTIVE
ACC-8554,CUST-461,DEBIT,0.00,ACTIVE
ACC-8555,CUST-272,CREDIT,15000.00,ACTIVE
ACC-8556,CUST-576,CREDIT,2500.00,ACTIVE
ACC-8557,CUST-432,DEBIT,0.00,ACTIVE
ACC-8558,CUST-719,CREDIT,25000.00,ACTIVE
ACC-8559,CUST-751,CREDIT,15000.00,ACTIVE
ACC-8560,CUST-516,CREDIT,5000.00,ACTIVE
ACC-8561,CUST-249,CREDIT,25000.00,ACTIVE
ACC-8562,CUST-855,CREDIT,10000.00,ACTIVE
ACC-8563,CUST-774,DEBIT,0.00,ACTIVE
ACC-8564,CUST-390,DEBIT,0.00,ACTIVE
ACC-8565,CUST-734,CREDIT,2500.00,ACTIVE
ACC-8566,CUST-867,CREDIT,2500.00,ACTIVE
ACC-8567,CUST-472,CREDIT,10000.00,ACTIVE
ACC-8568,CUST-684,DEBIT,0.00,ACTIVE
ACC-8569,CUST-336,CREDIT,2500.00,ACTIVE
ACC-8570,CUST-119,DEBIT,0.00,ACTIVE
ACC-8571,CUST-787,CREDIT,2500.00,ACTIVE
ACC-8572,CUST-805,CREDIT,2500.00,ACTIVE
ACC-8573,CUST-810,CREDIT,15000.00,ACTIVE
ACC-8574,CUST-947,CREDIT,10000.00,ACTIVE
ACC-8575,CUST-326,DEBIT,0.00,ACTIVE
ACC-8576,CUST-448,CREDIT,10000.00,ACTIVE
ACC-8577,CUST-285,CREDIT,25000.00,ACTIVE
ACC-8578,CUST-203,DEBIT,0.00,ACTIVE
ACC-8579,CUST-876,DEBIT,0.00,ACTIVE
ACC-8580,CUST-683,CREDIT,5000.00,ACTIVE
ACC-8581,CUST-569,CREDIT,2500.00,ACTIVE
ACC-8582,CUST-145,CREDIT,2500.00,ACTIVE
ACC-8583,CUST-228,CREDIT,1000.00,ACTIVE
ACC-8584,CUST-938,CREDIT,2500.00,ACTIVE
ACC-8585,CUST-465,CREDIT,25000.00,ACTIVE
ACC-8586,CUST-701,CREDIT,10000.00,ACTIVE
ACC-8587,CUST-815,DEBIT,0.00,ACTIVE
ACC-8588,CUST-763,CREDIT,2500.00,ACTIVE
ACC-8589,CUST-449,DEBIT,0.00,ACTIVE
ACC-8590,CUST-735,CREDIT,1000.00,ACTIVE
ACC-8591,CUST-234,CREDIT,5000.00,ACTIVE
ACC-8592,CUST-136,CREDIT,15000.00,ACTIVE
ACC-8593,CUST-177,DEBIT,0.00,ACTIVE
ACC-8594,CUST-850,CREDIT,2500.00,ACTIVE
ACC-8595,CUST-121,DEBIT,0.00,ACTIVE
ACC-8596,CUST-805,CREDIT,25000.00,ACTIVE
ACC-8597,CUST-170,CREDIT,5000.00,ACTIVE
ACC-8598,CUST-808,CREDIT,10000.00,ACTIVE
ACC-8599,CUST-224,CREDIT,5000.00,ACTIVE
ACC-8600,CUST-916,DEBIT,0.00,ACTIVE
ACC-8601,CUST-234,CREDIT,15000.00,ACTIVE
ACC-8602,CUST-117,DEBIT,0.00,ACTIVE
ACC-8603,CUST-862,DEBIT,0.00,ACTIVE
ACC-8604,CUST-993,CREDIT,1000.00,ACTIVE
ACC-8605,CUST-833,CREDIT,5000.00,ACTIVE
ACC-8606,CUST-994,CREDIT,5000.00,ACTIVE
ACC-8607,CUST-174,DEBIT,0.00,ACTIVE
ACC-8608,CUST-421,CREDIT,5000.00,ACTIVE
ACC-8609,CUST-928,CREDIT,25000.00,ACTIVE
ACC-8610,CUST-556,CREDIT,25000.00,ACTIVE
ACC-8611,CUST-802,CREDIT,1000.00,ACTIVE
ACC-8612,CUST-617,CREDIT,10000.00,ACTIVE
ACC-8613,CUST-145,CREDIT,15000.00,ACTIVE
ACC-8614,CUST-527,CREDIT,5000.00,ACTIVE
ACC-8615,CUST-850,DEBIT,0.00,ACTIVE
ACC-8616,CUST-625,CREDIT,2500.00,ACTIVE
ACC-8617,CUST-708,CREDIT,15000.00,ACTIVE
ACC-8618,CUST-500,CREDIT,5000.00,ACTIVE
ACC-8619,CUST-348,DEBIT,0.00,ACTIVE
ACC-8620,CUST-620,CREDIT,1000.00,ACTIVE
ACC-8621,CUST-190,CREDIT,15000.00,ACTIVE
ACC-8622,CUST-530,CREDIT,25000.00,ACTIVE
ACC-8623,CUST-458,DEBIT,0.00,ACTIVE
ACC-8624,CUST-442,CREDIT,25000.00,ACTIVE
ACC-8625,CUST-649,DEBIT,0.00,ACTIVE
ACC-8626,CUST-280,DEBIT,0.00,ACTIVE
ACC-8627,CUST-259,CREDIT,1000.00,ACTIVE
ACC-8628,CUST-101,DEBIT,0.00,ACTIVE
ACC-8629,CUST-214,DEBIT,0.00,BLOCKED
ACC-8630,CUST-397,DEBIT,0.00,ACTIVE
ACC-8631,CUST-315,CREDIT,25000.00,ACTIVE
ACC-8632,CUST-628,CREDIT,5000.00,ACTIVE
ACC-8633,CUST-129,CREDIT,25000.00,ACTIVE
ACC-8634,CUST-887,DEBIT,0.00,ACTIVE
ACC-8635,CUST-632,CREDIT,10000.00,ACTIVE
ACC-8636,CUST-683,DEBIT,0.00,ACTIVE
ACC-8637,CUST-390,CREDIT,25000.00,ACTIVE
ACC-8638,CUST-181,CREDIT,2500.00,ACTIVE
ACC-8639,CUST-136,CREDIT,10000.00,ACTIVE
ACC-8640,CUST-627,DEBIT,0.00,ACTIVE
ACC-8641,CUST-170,DEBIT,0.00,ACTIVE
ACC-8642,CUST-603,DEBIT,0.00,ACTIVE
ACC-8643,CUST-411,DEBIT,0.00,ACTIVE
ACC-8644,CUST-722,CREDIT,1000.00,ACTIVE
ACC-8645,CUST-312,DEBIT,0.00,ACTIVE
ACC-8646,CUST-868,DEBIT,0.00,ACTIVE
ACC-8647,CUST-771,CREDIT,1000.00,ACTIVE
ACC-8648,CUST-116,CREDIT,15000.00,ACTIVE
ACC-8649,CUST-641,DEBIT,0.00,ACTIVE
ACC-8650,CUST-439,DEBIT,0.00,ACTIVE
ACC-8651,CUST-889,DEBIT,0.00,ACTIVE
ACC-8652,CUST-347,CREDIT,10000.00,ACTIVE
ACC-8653,CUST-607,CREDIT,2500.00,ACTIVE
ACC-8654,CUST-706,DEBIT,0.00,ACTIVE
ACC-8655,CUST-210,DEBIT,0.00,ACTIVE
ACC-8656,CUST-257,CREDIT,15000.00,ACTIVE
ACC-8657,CUST-780,CREDIT,1000.00,ACTIVE
ACC-8658,CUST-397,CREDIT,5000.00,ACTIVE
ACC-8659,CUST-450,CREDIT,1000.00,ACTIVE
ACC-8660,CUST-862,CREDIT,1000.00,ACTIVE
ACC-8661,CUST-700,DEBIT,0.00,ACTIVE
ACC-8662,CUST-681,DEBIT,0.00,ACTIVE
ACC-8663,CUST-569,DEBIT,0.00,ACTIVE
ACC-8664,CUST-417,CREDIT,15000.00,ACTIVE
ACC-8665,CUST-307,CREDIT,10000.00,ACTIVE
ACC-8666,CUST-354,DEBIT,0.00,ACTIVE
ACC-8667,CUST-130,CREDIT,25000.00,ACTIVE
ACC-8668,CUST-261,CREDIT,5000.00,ACTIVE
ACC-8669,CUST-118,CREDIT,15000.00,ACTIVE
ACC-8670,CUST-548,CREDIT,25000.00,ACTIVE
ACC-8671,CUST-759,DEBIT,0.00,ACTIVE
ACC-8672,CUST-496,CREDIT,5000.00,ACTIVE
ACC-8673,CUST-299,CREDIT,15000.00,ACTIVE
ACC-8674,CUST-486,CREDIT,15000.00,ACTIVE
ACC-8675,CUST-896,CREDIT,5000.00,ACTIVE
ACC-8676,CUST-269,CREDIT,10000.00,ACTIVE
ACC-8677,CUST-393,CREDIT,1000.00,ACTIVE
ACC-8678,CUST-562,CREDIT,10000.00,ACTIVE
ACC-8679,CUST-204,DEBIT,0.00,BLOCKED
ACC-8680,CUST-631,CREDIT,1000.00,ACTIVE
ACC-8681,CUST-204,CREDIT,1000.00,ACTIVE
ACC-8682,CUST-269,DEBIT,0.00,ACTIVE
ACC-8683,CUST-112,DEBIT,0.00,ACTIVE
ACC-8684,CUST-144,CREDIT,10000.00,ACTIVE
ACC-8685,CUST-970,DEBIT,0.00,ACTIVE
ACC-8686,CUST-639,CREDIT,15000.00,ACTIVE
ACC-8687,CUST-728,CREDIT,5000.00,ACTIVE
ACC-8688,CUST-298,CREDIT,15000.00,ACTIVE
ACC-8689,CUST-500,CREDIT,5000.00,ACTIVE
ACC-8690,CUST-976,CREDIT,15000.00,ACTIVE
ACC-8691,CUST-259,DEBIT,0.00,ACTIVE
ACC-8692,CUST-365,CREDIT,2500.00,ACTIVE
ACC-8693,CUST-649,DEBIT,0.00,ACTIVE
ACC-8694,CUST-172,CREDIT,10000.00,ACTIVE
ACC-8695,CUST-178,CREDIT,10000.00,ACTIVE
ACC-8696,CUST-175,CREDIT,1000.00,ACTIVE
ACC-8697,CUST-645,DEBIT,0.00,ACTIVE
ACC-8698,CUST-489,CREDIT,2500.00,ACTIVE
ACC-8699,CUST-906,CREDIT,1000.00,ACTIVE
ACC-8700,CUST-518,CREDIT,2500.00,ACTIVE
ACC-8701,CUST-565,CREDIT,1000.00,ACTIVE
ACC-8702,CUST-994,DEBIT,0.00,ACTIVE
ACC-8703,CUST-204,CREDIT,25000.00,ACTIVE
ACC-8704,CUST-730,DEBIT,0.00,ACTIVE
ACC-8705,CUST-487,CREDIT,5000.00,ACTIVE
ACC-8706,CUST-246,DEBIT,0.00,ACTIVE
ACC-8707,CUST-519,DEBIT,0.00,ACTIVE
ACC-8708,CUST-396,CREDIT,25000.00,ACTIVE
ACC-8709,CUST-180,CREDIT,1000.00,ACTIVE
ACC-8710,CUST-628,CREDIT,2500.00,ACTIVE
ACC-8711,CUST-419,CREDIT,15000.00,ACTIVE
ACC-8712,CUST-814,CREDIT,5000.00,ACTIVE
ACC-8713,CUST-751,DEBIT,0.00,ACTIVE
ACC-8714,CUST-417,CREDIT,15000.00,ACTIVE
ACC-8715,CUST-524,CREDIT,1000.00,ACTIVE
ACC-8716,CUST-148,CREDIT,25000.00,ACTIVE
ACC-8717,CUST-564,DEBIT,0.00,ACTIVE
ACC-8718,CUST-569,CREDIT,25000.00,ACTIVE
ACC-8719,CUST-207,CREDIT,1000.00,ACTIVE
ACC-8720,CUST-499,CREDIT,5000.00,ACTIVE
ACC-8721,CUST-882,CREDIT,10000.00,ACTIVE
ACC-8722,CUST-583,CREDIT,5000.00,ACTIVE
ACC-8723,CUST-374,CREDIT,1000.00,ACTIVE
ACC-8724,CUST-560,CREDIT,2500.00,ACTIVE
ACC-8725,CUST-728,CREDIT,15000.00,ACTIVE
ACC-8726,CUST-103,DEBIT,0.00,ACTIVE
ACC-8727,CUST-209,CREDIT,2500.00,ACTIVE
ACC-8728,CUST-729,DEBIT,0.00,ACTIVE
ACC-8729,CUST-514,CREDIT,2500.00,ACTIVE
ACC-8730,CUST-953,DEBIT,0.00,ACTIVE
ACC-8731,CUST-877,CREDIT,2500.00,ACTIVE
ACC-8732,CUST-166,DEBIT,0.00,ACTIVE
ACC-8733,CUST-456,DEBIT,0.00,ACTIVE
ACC-8734,CUST-801,CREDIT,10000.00,ACTIVE
ACC-8735,CUST-646,DEBIT,0.00,ACTIVE
ACC-8736,CUST-516,CREDIT,25000.00,ACTIVE
ACC-8737,CUST-331,DEBIT,0.00,ACTIVE
ACC-8738,CUST-121,CREDIT,10000.00,ACTIVE
ACC-8739,CUST-633,CREDIT,10000.00,ACTIVE
ACC-8740,CUST-674,CREDIT,15000.00,ACTIVE
ACC-8741,CUST-935,CREDIT,25000.00,ACTIVE
ACC-8742,CUST-629,CREDIT,5000.00,ACTIVE
ACC-8743,CUST-352,CREDIT,1000.00,ACTIVE
ACC-8744,CUST-154,CREDIT,1000.00,ACTIVE
ACC-8745,CUST-579,DEBIT,0.00,ACTIVE
ACC-8746,CUST-883,CREDIT,1000.00,ACTIVE
ACC-8747,CUST-420,DEBIT,0.00,ACTIVE
ACC-8748,CUST-928,CREDIT,5000.00,ACTIVE
ACC-8749,CUST-205,CREDIT,1000.00,ACTIVE
ACC-8750,CUST-687,CREDIT,1000.00,ACTIVE
ACC-8751,CUST-153,DEBIT,0.00,ACTIVE
ACC-8752,CUST-124,DEBIT,0.00,ACTIVE
ACC-8753,CUST-400,CREDIT,1000.00,ACTIVE
ACC-8754,CUST-706,CREDIT,5000.00,ACTIVE
ACC-8755,CUST-338,CREDIT,5000.00,ACTIVE
ACC-8756,CUST-779,DEBIT,0.00,ACTIVE
ACC-8757,CUST-450,CREDIT,10000.00,BLOCKED
ACC-8758,CUST-211,CREDIT,2500.00,ACTIVE
ACC-8759,CUST-316,CREDIT,25000.00,ACTIVE
ACC-8760,CUST-101,DEBIT,0.00,ACTIVE
ACC-8761,CUST-418,DEBIT,0.00,ACTIVE
ACC-8762,CUST-493,CREDIT,15000.00,ACTIVE
ACC-8763,CUST-495,CREDIT,5000.00,ACTIVE
ACC-8764,CUST-728,DEBIT,0.00,ACTIVE
ACC-8765,CUST-565,CREDIT,10000.00,ACTIVE
ACC-8766,CUST-881,CREDIT,15000.00,ACTIVE
ACC-8767,CUST-607,CREDIT,2500.00,ACTIVE
ACC-8768,CUST-300,DEBIT,0.00,ACTIVE
ACC-8769,CUST-942,DEBIT,0.00,ACTIVE
ACC-8770,CUST-437,CREDIT,15000.00,ACTIVE
ACC-8771,CUST-736,DEBIT,0.00,ACTIVE
ACC-8772,CUST-497,CREDIT,10000.00,ACTIVE
ACC-8773,CUST-818,CREDIT,25000.00,ACTIVE
ACC-8774,CUST-305,CREDIT,2500.00,ACTIVE
ACC-8775,CUST-593,DEBIT,0.00,ACTIVE
ACC-8776,CUST-134,DEBIT,0.00,ACTIVE
ACC-8777,CUST-756,CREDIT,5000.00,ACTIVE
ACC-8778,CUST-573,CREDIT,2500.00,ACTIVE
ACC-8779,CUST-224,CREDIT,1000.00,ACTIVE
ACC-8780,CUST-814,CREDIT,5000.00,ACTIVE
ACC-8781,CUST-292,DEBIT,0.00,ACTIVE
ACC-8782,CUST-369,DEBIT,0.00,ACTIVE
ACC-8783,CUST-706,CREDIT,10000.00,ACTIVE
ACC-8784,CUST-204,CREDIT,15000.00,ACTIVE
ACC-8785,CUST-743,DEBIT,0.00,ACTIVE
ACC-8786,CUST-967,CREDIT,5000.00,ACTIVE
ACC-8787,CUST-343,DEBIT,0.00,ACTIVE
ACC-8788,CUST-960,CREDIT,2500.00,ACTIVE
ACC-8789,CUST-504,DEBIT,0.00,ACTIVE
ACC-8790,CUST-254,CREDIT,25000.00,ACTIVE
ACC-8791,CUST-972,CREDIT,2500.00,ACTIVE
ACC-8792,CUST-277,CREDIT,5000.00,ACTIVE
ACC-8793,CUST-782,CREDIT,1000.00,ACTIVE
ACC-8794,CUST-867,CREDIT,1000.00,ACTIVE
ACC-8795,CUST-525,CREDIT,5000.00,ACTIVE
ACC-8796,CUST-675,CREDIT,15000.00,ACTIVE
ACC-8797,CUST-864,CREDIT,5000.00,ACTIVE
ACC-8798,CUST-189,CREDIT,15000.00,ACTIVE
ACC-8799,CUST-788,DEBIT,0.00,ACTIVE
ACC-8800,CUST-770,DEBIT,0.00,ACTIVE
ACC-8801,CUST-410,DEBIT,0.00,ACTIVE
ACC-8802,CUST-686,DEBIT,0.00,ACTIVE
ACC-8803,CUST-825,CREDIT,25000.00,ACTIVE
ACC-8804,CUST-589,DEBIT,0.00,ACTIVE
ACC-8805,CUST-175,CREDIT,25000.00,ACTIVE
ACC-8806,CUST-227,CREDIT,25000.00,ACTIVE
ACC-8807,CUST-350,CREDIT,10000.00,ACTIVE
ACC-8808,CUST-471,CREDIT,10000.00,ACTIVE
ACC-8809,CUST-171,DEBIT,0.00,ACTIVE
ACC-8810,CUST-890,CREDIT,2500.00,BLOCKED
ACC-8811,CUST-999,DEBIT,0.00,ACTIVE
ACC-8812,CUST-183,CREDIT,10000.00,ACTIVE
ACC-8813,CUST-224,CREDIT,10000.00,ACTIVE
ACC-8814,CUST-742,CREDIT,1000.00,ACTIVE
ACC-8815,CUST-129,DEBIT,0.00,ACTIVE
ACC-8816,CUST-219,CREDIT,10000.00,ACTIVE
ACC-8817,CUST-344,DEBIT,0.00,ACTIVE
ACC-8818,CUST-740,CREDIT,2500.00,ACTIVE
ACC-8819,CUST-573,CREDIT,1000.00,ACTIVE
ACC-8820,CUST-250,CREDIT,1000.00,ACTIVE
ACC-8821,CUST-830,CREDIT,15000.00,ACTIVE
ACC-8822,CUST-451,CREDIT,2500.00,ACTIVE
ACC-8823,CUST-750,CREDIT,15000.00,ACTIVE
ACC-8824,CUST-204,DEBIT,0.00,ACTIVE
ACC-8825,CUST-697,CREDIT,15000.00,ACTIVE
ACC-8826,CUST-965,CREDIT,15000.00,ACTIVE
ACC-8827,CUST-420,DEBIT,0.00,ACTIVE
ACC-8828,CUST-363,CREDIT,15000.00,ACTIVE
ACC-8829,CUST-878,CREDIT,25000.00,ACTIVE
ACC-8830,CUST-864,DEBIT,0.00,ACTIVE
ACC-8831,CUST-545,CREDIT,25000.00,ACTIVE
ACC-8832,CUST-901,CREDIT,1000.00,ACTIVE
ACC-8833,CUST-536,DEBIT,0.00,ACTIVE
ACC-8834,CUST-125,CREDIT,15000.00,ACTIVE
ACC-8835,CUST-961,CREDIT,10000.00,ACTIVE
ACC-8836,CUST-791,CREDIT,25000.00,ACTIVE
ACC-8837,CUST-889,DEBIT,0.00,ACTIVE
ACC-8838,CUST-270,CREDIT,10000.00,ACTIVE
ACC-8839,CUST-724,DEBIT,0.00,ACTIVE
ACC-8840,CUST-804,CREDIT,5000.00,ACTIVE
ACC-8841,CUST-499,CREDIT,25000.00,ACTIVE
ACC-8842,CUST-219,DEBIT,0.00,ACTIVE
ACC-8843,CUST-504,CREDIT,25000.00,ACTIVE
ACC-8844,CUST-294,DEBIT,0.00,ACTIVE
ACC-8845,CUST-915,CREDIT,5000.00,ACTIVE
ACC-8846,CUST-773,CREDIT,15000.00,ACTIVE
ACC-8847,CUST-579,CREDIT,15000.00,ACTIVE
ACC-8848,CUST-915,DEBIT,0.00,ACTIVE
ACC-8849,CUST-600,CREDIT,15000.00,ACTIVE
ACC-8850,CUST-454,DEBIT,0.00,ACTIVE
ACC-8851,CUST-360,CREDIT,25000.00,ACTIVE
ACC-8852,CUST-187,DEBIT,0.00,ACTIVE
ACC-8853,CUST-500,CREDIT,10000.00,ACTIVE
ACC-8854,CUST-323,DEBIT,0.00,ACTIVE
ACC-8855,CUST-463,DEBIT,0.00,ACTIVE
ACC-8856,CUST-541,CREDIT,25000.00,ACTIVE
ACC-8857,CUST-668,CREDIT,2500.00,ACTIVE
ACC-8858,CUST-131,CREDIT,2500.00,ACTIVE
ACC-8859,CUST-470,DEBIT,0.00,ACTIVE
ACC-8860,CUST-620,CREDIT,2500.00,ACTIVE
ACC-8861,CUST-270,DEBIT,0.00,ACTIVE
ACC-8862,CUST-623,CREDIT,25000.00,ACTIVE
ACC-8863,CUST-140,CREDIT,2500.00,ACTIVE
ACC-8864,CUST-634,DEBIT,0.00,ACTIVE
ACC-8865,CUST-551,CREDIT,1000.00,ACTIVE
ACC-8866,CUST-880,CREDIT,10000.00,BLOCKED
ACC-8867,CUST-252,DEBIT,0.00,ACTIVE
ACC-8868,CUST-165,CREDIT,10000.00,ACTIVE
ACC-8869,CUST-241,CREDIT,1000.00,ACTIVE
ACC-8870,CUST-171,CREDIT,5000.00,ACTIVE
ACC-8871,CUST-727,CREDIT,25000.00,ACTIVE
ACC-8872,CUST-314,DEBIT,0.00,ACTIVE
ACC-8873,CUST-739,CREDIT,5000.00,ACTIVE
ACC-8874,CUST-439,DEBIT,0.00,ACTIVE
ACC-8875,CUST-472,CREDIT,25000.00,ACTIVE
ACC-8876,CUST-217,DEBIT,0.00,ACTIVE
ACC-8877,CUST-362,CREDIT,25000.00,ACTIVE
ACC-8878,CUST-998,DEBIT,0.00,ACTIVE
ACC-8879,CUST-314,CREDIT,25000.00,ACTIVE
ACC-8880,CUST-346,CREDIT,10000.00,ACTIVE
ACC-8881,CUST-641,CREDIT,2500.00,ACTIVE
ACC-8882,CUST-785,CREDIT,25000.00,ACTIVE
ACC-8883,CUST-755,CREDIT,2500.00,ACTIVE
ACC-8884,CUST-309,CREDIT,10000.00,ACTIVE
ACC-8885,CUST-244,CREDIT,10000.00,ACTIVE
ACC-8886,CUST-985,DEBIT,0.00,ACTIVE
ACC-8887,CUST-326,CREDIT,10000.00,ACTIVE
ACC-8888,CUST-956,CREDIT,10000.00,ACTIVE
ACC-8889,CUST-109,CREDIT,25000.00,ACTIVE
ACC-8890,CUST-385,CREDIT,1000.00,ACTIVE
ACC-8891,CUST-119,DEBIT,0.00,ACTIVE
ACC-8892,CUST-694,CREDIT,10000.00,ACTIVE
ACC-8893,CUST-394,CREDIT,1000.00,ACTIVE
ACC-8894,CUST-128,CREDIT,25000.00,ACTIVE
ACC-8895,CUST-601,CREDIT,25000.00,ACTIVE
ACC-8896,CUST-522,CREDIT,2500.00,ACTIVE
ACC-8897,CUST-103,DEBIT,0.00,ACTIVE
ACC-8898,CUST-467,CREDIT,5000.00,ACTIVE
ACC-8899,CUST-925,CREDIT,1000.00,ACTIVE
ACC-8900,CUST-525,CREDIT,15000.00,BLOCKED
ACC-8901,CUST-225,CREDIT,25000.00,ACTIVE
ACC-8902,CUST-481,CREDIT,2500.00,ACTIVE
ACC-8903,CUST-236,CREDIT,2500.00,ACTIVE
ACC-8904,CUST-149,DEBIT,0.00,BLOCKED
ACC-8905,CUST-566,CREDIT,15000.00,ACTIVE
ACC-8906,CUST-458,CREDIT,25000.00,ACTIVE
ACC-8907,CUST-816,DEBIT,0.00,ACTIVE
ACC-8908,CUST-514,DEBIT,0.00,ACTIVE
ACC-8909,CUST-792,CREDIT,5000.00,ACTIVE
ACC-8910,CUST-209,CREDIT,5000.00,ACTIVE
ACC-8911,CUST-936,CREDIT,5000.00,ACTIVE
ACC-8912,CUST-954,CREDIT,15000.00,ACTIVE
ACC-8913,CUST-665,CREDIT,10000.00,ACTIVE
ACC-8914,CUST-184,CREDIT,10000.00,ACTIVE
ACC-8915,CUST-701,DEBIT,0.00,ACTIVE
ACC-8916,CUST-467,CREDIT,2500.00,ACTIVE
ACC-8917,CUST-916,DEBIT,0.00,ACTIVE
ACC-8918,CUST-582,CREDIT,25000.00,ACTIVE
ACC-8919,CUST-918,CREDIT,15000.00,ACTIVE
ACC-8920,CUST-946,DEBIT,0.00,ACTIVE
ACC-8921,CUST-325,DEBIT,0.00,ACTIVE
ACC-8922,CUST-808,CREDIT,25000.00,ACTIVE
ACC-8923,CUST-473,DEBIT,0.00,ACTIVE
ACC-8924,CUST-854,CREDIT,2500.00,ACTIVE
ACC-8925,CUST-553,DEBIT,0.00,ACTIVE
ACC-8926,CUST-973,CREDIT,10000.00,ACTIVE
ACC-8927,CUST-559,CREDIT,25000.00,ACTIVE
ACC-8928,CUST-328,DEBIT,0.00,ACTIVE
ACC-8929,CUST-578,CREDIT,5000.00,ACTIVE
ACC-8930,CUST-356,CREDIT,2500.00,ACTIVE
ACC-8931,CUST-498,CREDIT,25000.00,ACTIVE
ACC-8932,CUST-969,CREDIT,15000.00,BLOCKED
ACC-8933,CUST-139,CREDIT,15000.00,ACTIVE
ACC-8934,CUST-456,DEBIT,0.00,ACTIVE
ACC-8935,CUST-285,DEBIT,0.00,ACTIVE
ACC-8936,CUST-826,CREDIT,2500.00,ACTIVE
ACC-8937,CUST-626,CREDIT,10000.00,ACTIVE
ACC-8938,CUST-866,CREDIT,10000.00,ACTIVE
ACC-8939,CUST-691,CREDIT,25000.00,ACTIVE
ACC-8940,CUST-838,DEBIT,0.00,ACTIVE
ACC-8941,CUST-607,CREDIT,25000.00,BLOCKED
ACC-8942,CUST-865,CREDIT,1000.00,ACTIVE
ACC-8943,CUST-754,CREDIT,15000.00,ACTIVE
ACC-8944,CUST-207,CREDIT,15000.00,ACTIVE
ACC-8945,CUST-149,CREDIT,5000.00,ACTIVE
ACC-8946,CUST-325,DEBIT,0.00,ACTIVE
ACC-8947,CUST-653,CREDIT,25000.00,ACTIVE
ACC-8948,CUST-948,DEBIT,0.00,ACTIVE
ACC-8949,CUST-674,CREDIT,5000.00,ACTIVE
ACC-8950,CUST-624,DEBIT,0.00,ACTIVE
ACC-8951,CUST-885,DEBIT,0.00,ACTIVE
ACC-8952,CUST-578,CREDIT,2500.00,ACTIVE
ACC-8953,CUST-682,CREDIT,2500.00,ACTIVE
ACC-8954,CUST-608,CREDIT,1000.00,ACTIVE
ACC-8955,CUST-726,CREDIT,15000.00,ACTIVE
ACC-8956,CUST-769,DEBIT,0.00,ACTIVE
ACC-8957,CUST-420,DEBIT,0.00,ACTIVE
ACC-8958,CUST-990,CREDIT,25000.00,ACTIVE
ACC-8959,CUST-970,DEBIT,0.00,ACTIVE
ACC-8960,CUST-695,DEBIT,0.00,ACTIVE
ACC-8961,CUST-536,DEBIT,0.00,ACTIVE
ACC-8962,CUST-451,CREDIT,25000.00,ACTIVE
ACC-8963,CUST-562,CREDIT,2500.00,ACTIVE
ACC-8964,CUST-211,DEBIT,0.00,BLOCKED
ACC-8965,CUST-919,DEBIT,0.00,ACTIVE
ACC-8966,CUST-693,DEBIT,0.00,ACTIVE
ACC-8967,CUST-725,DEBIT,0.00,ACTIVE
ACC-8968,CUST-982,CREDIT,25000.00,ACTIVE
ACC-8969,CUST-720,CREDIT,1000.00,ACTIVE
ACC-8970,CUST-539,DEBIT,0.00,ACTIVE
ACC-8971,CUST-874,CREDIT,5000.00,ACTIVE
ACC-8972,CUST-526,CREDIT,25000.00,ACTIVE
ACC-8973,CUST-173,DEBIT,0.00,ACTIVE
ACC-8974,CUST-943,CREDIT,15000.00,ACTIVE
ACC-8975,CUST-600,CREDIT,5000.00,ACTIVE
ACC-8976,CUST-158,DEBIT,0.00,ACTIVE
ACC-8977,CUST-200,DEBIT,0.00,ACTIVE
ACC-8978,CUST-576,DEBIT,0.00,ACTIVE
ACC-8979,CUST-802,DEBIT,0.00,ACTIVE
ACC-8980,CUST-126,CREDIT,2500.00,ACTIVE
ACC-8981,CUST-647,CREDIT,1000.00,ACTIVE
ACC-8982,CUST-295,CREDIT,15000.00,ACTIVE
ACC-8983,CUST-389,CREDIT,25000.00,ACTIVE
ACC-8984,CUST-701,CREDIT,2500.00,ACTIVE
ACC-8985,CUST-441,CREDIT,2500.00,ACTIVE
ACC-8986,CUST-291,DEBIT,0.00,ACTIVE
ACC-8987,CUST-799,CREDIT,2500.00,ACTIVE
ACC-8988,CUST-262,DEBIT,0.00,ACTIVE
ACC-8989,CUST-827,CREDIT,5000.00,ACTIVE
ACC-8990,CUST-561,CREDIT,1000.00,ACTIVE
ACC-8991,CUST-292,CREDIT,15000.00,ACTIVE
ACC-8992,CUST-593,CREDIT,2500.00,ACTIVE
ACC-8993,CUST-727,CREDIT,5000.00,ACTIVE
ACC-8994,CUST-827,CREDIT,1000.00,ACTIVE
ACC-8995,CUST-562,CREDIT,5000.00,ACTIVE
ACC-8996,CUST-252,DEBIT,0.00,ACTIVE
ACC-8997,CUST-357,CREDIT,10000.00,ACTIVE
ACC-8998,CUST-371,CREDIT,10000.00,BLOCKED
ACC-8999,CUST-677,DEBIT,0.00,ACTIVE
ACC-9000,CUST-213,CREDIT,10000.00,ACTIVE
ACC-9001,CUST-677,DEBIT,0.00,ACTIVE
ACC-9002,CUST-750,CREDIT,25000.00,ACTIVE
ACC-9003,CUST-904,CREDIT,25000.00,ACTIVE
ACC-9004,CUST-548,CREDIT,10000.00,ACTIVE
ACC-9005,CUST-257,DEBIT,0.00,ACTIVE
ACC-9006,CUST-654,CREDIT,2500.00,ACTIVE
ACC-9007,CUST-127,CREDIT,25000.00,ACTIVE
ACC-9008,CUST-670,CREDIT,5000.00,ACTIVE
ACC-9009,CUST-104,DEBIT,0.00,ACTIVE
ACC-9010,CUST-431,DEBIT,0.00,ACTIVE
ACC-9011,CUST-440,DEBIT,0.00,ACTIVE
ACC-9012,CUST-440,CREDIT,10000.00,ACTIVE
ACC-9013,CUST-886,CREDIT,10000.00,ACTIVE
ACC-9014,CUST-912,CREDIT,25000.00,ACTIVE
ACC-9015,CUST-519,CREDIT,25000.00,ACTIVE
ACC-9016,CUST-840,DEBIT,0.00,ACTIVE
ACC-9017,CUST-520,CREDIT,5000.00,ACTIVE
ACC-9018,CUST-859,CREDIT,15000.00,ACTIVE
ACC-9019,CUST-486,DEBIT,0.00,ACTIVE
ACC-9020,CUST-955,DEBIT,0.00,BLOCKED
ACC-9021,CUST-676,CREDIT,10000.00,ACTIVE
ACC-9022,CUST-163,CREDIT,25000.00,ACTIVE
ACC-9023,CUST-792,CREDIT,5000.00,ACTIVE
ACC-9024,CUST-720,CREDIT,1000.00,ACTIVE
ACC-9025,CUST-573,CREDIT,25000.00,ACTIVE
ACC-9026,CUST-448,CREDIT,25000.00,ACTIVE
ACC-9027,CUST-157,DEBIT,0.00,ACTIVE
ACC-9028,CUST-726,CREDIT,2500.00,ACTIVE
ACC-9029,CUST-267,CREDIT,10000.00,ACTIVE
ACC-9030,CUST-845,DEBIT,0.00,ACTIVE
ACC-9031,CUST-343,CREDIT,25000.00,ACTIVE
ACC-9032,CUST-702,DEBIT,0.00,ACTIVE
ACC-9033,CUST-174,DEBIT,0.00,ACTIVE
ACC-9034,CUST-486,DEBIT,0.00,ACTIVE
ACC-9035,CUST-215,DEBIT,0.00,ACTIVE
ACC-9036,CUST-591,CREDIT,5000.00,ACTIVE
ACC-9037,CUST-143,CREDIT,2500.00,ACTIVE
ACC-9038,CUST-228,DEBIT,0.00,ACTIVE
ACC-9039,CUST-768,DEBIT,0.00,ACTIVE
ACC-9040,CUST-564,CREDIT,25000.00,ACTIVE
ACC-9041,CUST-735,DEBIT,0.00,ACTIVE
ACC-9042,CUST-648,CREDIT,10000.00,ACTIVE
ACC-9043,CUST-660,DEBIT,0.00,ACTIVE
ACC-9044,CUST-298,DEBIT,0.00,ACTIVE
ACC-9045,CUST-950,CREDIT,25000.00,ACTIVE
ACC-9046,CUST-181,DEBIT,0.00,ACTIVE
ACC-9047,CUST-690,DEBIT,0.00,ACTIVE
ACC-9048,CUST-820,CREDIT,5000.00,ACTIVE
ACC-9049,CUST-240,CREDIT,15000.00,ACTIVE
ACC-9050,CUST-518,DEBIT,0.00,ACTIVE
ACC-9051,CUST-809,CREDIT,15000.00,ACTIVE
ACC-9052,CUST-950,DEBIT,0.00,ACTIVE
ACC-9053,CUST-811,DEBIT,0.00,ACTIVE
ACC-9054,CUST-572,CREDIT,5000.00,ACTIVE
ACC-9055,CUST-356,CREDIT,15000.00,ACTIVE
ACC-9056,CUST-367,CREDIT,15000.00,ACTIVE
ACC-9057,CUST-815,CREDIT,1000.00,ACTIVE
ACC-9058,CUST-579,CREDIT,10000.00,ACTIVE
ACC-9059,CUST-188,CREDIT,1000.00,BLOCKED
ACC-9060,CUST-721,CREDIT,15000.00,ACTIVE
ACC-9061,CUST-258,CREDIT,2500.00,ACTIVE
ACC-9062,CUST-239,CREDIT,1000.00,ACTIVE
ACC-9063,CUST-803,CREDIT,2500.00,ACTIVE
ACC-9064,CUST-874,DEBIT,0.00,ACTIVE
ACC-9065,CUST-101,CREDIT,1000.00,ACTIVE
ACC-9066,CUST-628,CREDIT,10000.00,ACTIVE
ACC-9067,CUST-496,DEBIT,0.00,ACTIVE
ACC-9068,CUST-627,DEBIT,0.00,ACTIVE
ACC-9069,CUST-959,CREDIT,2500.00,ACTIVE
ACC-9070,CUST-412,DEBIT,0.00,ACTIVE
ACC-9071,CUST-691,DEBIT,0.00,ACTIVE
ACC-9072,CUST-247,DEBIT,0.00,ACTIVE
ACC-9073,CUST-226,CREDIT,15000.00,ACTIVE
ACC-9074,CUST-368,DEBIT,0.00,ACTIVE
ACC-9075,CUST-482,CREDIT,25000.00,ACTIVE
ACC-9076,CUST-958,DEBIT,0.00,ACTIVE
ACC-9077,CUST-718,CREDIT,1000.00,ACTIVE
ACC-9078,CUST-367,CREDIT,15000.00,ACTIVE
ACC-9079,CUST-819,CREDIT,15000.00,ACTIVE
ACC-9080,CUST-898,CREDIT,1000.00,ACTIVE
ACC-9081,CUST-993,DEBIT,0.00,ACTIVE
ACC-9082,CUST-140,DEBIT,0.00,ACTIVE
ACC-9083,CUST-156,CREDIT,25000.00,ACTIVE
ACC-9084,CUST-331,CREDIT,5000.00,ACTIVE
ACC-9085,CUST-849,CREDIT,15000.00,ACTIVE
ACC-9086,CUST-255,CREDIT,10000.00,ACTIVE
ACC-9087,CUST-785,CREDIT,5000.00,ACTIVE
ACC-9088,CUST-948,CREDIT,1000.00,ACTIVE
ACC-9089,CUST-580,CREDIT,1000.00,ACTIVE
ACC-9090,CUST-854,CREDIT,1000.00,ACTIVE
ACC-9091,CUST-481,CREDIT,25000.00,ACTIVE
ACC-9092,CUST-678,CREDIT,5000.00,ACTIVE
ACC-9093,CUST-741,CREDIT,25000.00,ACTIVE
ACC-9094,CUST-133,CREDIT,25000.00,ACTIVE
ACC-9095,CUST-581,CREDIT,25000.00,ACTIVE
ACC-9096,CUST-584,CREDIT,15000.00,ACTIVE
ACC-9097,CUST-769,CREDIT,10000.00,ACTIVE
ACC-9098,CUST-755,DEBIT,0.00,ACTIVE
ACC-9099,CUST-709,CREDIT,15000.00,ACTIVE
ACC-9100,CUST-866,DEBIT,0.00,BLOCKED
ACC-9101,CUST-492,CREDIT,2500.00,ACTIVE
ACC-9102,CUST-881,DEBIT,0.00,ACTIVE
ACC-9103,CUST-269,DEBIT,0.00,ACTIVE
ACC-9104,CUST-215,CREDIT,1000.00,ACTIVE
ACC-9105,CUST-398,CREDIT,25000.00,ACTIVE
ACC-9106,CUST-195,CREDIT,25000.00,ACTIVE
ACC-9107,CUST-344,DEBIT,0.00,BLOCKED
ACC-9108,CUST-989,CREDIT,15000.00,ACTIVE
ACC-9109,CUST-504,CREDIT,10000.00,ACTIVE
ACC-9110,CUST-803,DEBIT,0.00,ACTIVE
ACC-9111,CUST-861,CREDIT,10000.00,ACTIVE
ACC-9112,CUST-104,DEBIT,0.00,ACTIVE
ACC-9113,CUST-608,DEBIT,0.00,ACTIVE
ACC-9114,CUST-568,DEBIT,0.00,ACTIVE
ACC-9115,CUST-471,CREDIT,25000.00,ACTIVE
ACC-9116,CUST-628,CREDIT,15000.00,ACTIVE
ACC-9117,CUST-726,CREDIT,5000.00,ACTIVE
ACC-9118,CUST-939,CREDIT,1000.00,ACTIVE
ACC-9119,CUST-275,DEBIT,0.00,ACTIVE
ACC-9120,CUST-554,CREDIT,1000.00,ACTIVE
ACC-9121,CUST-732,CREDIT,5000.00,ACTIVE
ACC-9122,CUST-364,CREDIT,10000.00,ACTIVE
ACC-9123,CUST-551,CREDIT,2500.00,ACTIVE
ACC-9124,CUST-219,DEBIT,0.00,ACTIVE
ACC-9125,CUST-630,CREDIT,1000.00,ACTIVE
ACC-9126,CUST-647,CREDIT,25000.00,ACTIVE
ACC-9127,CUST-623,CREDIT,25000.00,ACTIVE
ACC-9128,CUST-429,CREDIT,25000.00,BLOCKED
ACC-9129,CUST-465,CREDIT,2500.00,ACTIVE
ACC-9130,CUST-612,DEBIT,0.00,ACTIVE
ACC-9131,CUST-774,DEBIT,0.00,ACTIVE
ACC-9132,CUST-381,CREDIT,25000.00,ACTIVE
ACC-9133,CUST-108,DEBIT,0.00,ACTIVE
ACC-9134,CUST-259,DEBIT,0.00,ACTIVE
ACC-9135,CUST-454,CREDIT,10000.00,ACTIVE
ACC-9136,CUST-237,CREDIT,10000.00,ACTIVE
ACC-9137,CUST-946,CREDIT,5000.00,ACTIVE
ACC-9138,CUST-595,CREDIT,15000.00,ACTIVE
ACC-9139,CUST-204,DEBIT,0.00,ACTIVE
ACC-9140,CUST-165,DEBIT,0.00,ACTIVE
ACC-9141,CUST-581,DEBIT,0.00,ACTIVE
ACC-9142,CUST-846,DEBIT,0.00,ACTIVE
ACC-9143,CUST-105,CREDIT,10000.00,ACTIVE
ACC-9144,CUST-566,CREDIT,15000.00,ACTIVE
ACC-9145,CUST-660,DEBIT,0.00,ACTIVE
ACC-9146,CUST-913,DEBIT,0.00,ACTIVE
ACC-9147,CUST-540,DEBIT,0.00,ACTIVE
ACC-9148,CUST-648,CREDIT,2500.00,ACTIVE
ACC-9149,CUST-247,CREDIT,5000.00,ACTIVE
ACC-9150,CUST-985,CREDIT,2500.00,ACTIVE
ACC-9151,CUST-615,DEBIT,0.00,ACTIVE
ACC-9152,CUST-654,CREDIT,15000.00,ACTIVE
ACC-9153,CUST-385,CREDIT,10000.00,ACTIVE
ACC-9154,CUST-876,CREDIT,5000.00,ACTIVE
ACC-9155,CUST-104,CREDIT,1000.00,ACTIVE
ACC-9156,CUST-239,CREDIT,15000.00,ACTIVE
ACC-9157,CUST-808,DEBIT,0.00,ACTIVE
ACC-9158,CUST-103,DEBIT,0.00,ACTIVE
ACC-9159,CUST-545,DEBIT,0.00,ACTIVE
ACC-9160,CUST-165,CREDIT,10000.00,ACTIVE
ACC-9161,CUST-357,DEBIT,0.00,ACTIVE
ACC-9162,CUST-127,CREDIT,2500.00,ACTIVE
ACC-9163,CUST-640,CREDIT,5000.00,ACTIVE
ACC-9164,CUST-348,CREDIT,5000.00,ACTIVE
ACC-9165,CUST-221,CREDIT,25000.00,ACTIVE
ACC-9166,CUST-468,DEBIT,0.00,ACTIVE
ACC-9167,CUST-235,CREDIT,10000.00,ACTIVE
ACC-9168,CUST-163,DEBIT,0.00,ACTIVE
ACC-9169,CUST-128,DEBIT,0.00,ACTIVE
ACC-9170,CUST-358,DEBIT,0.00,ACTIVE
ACC-9171,CUST-204,CREDIT,5000.00,ACTIVE
ACC-9172,CUST-560,CREDIT,2500.00,ACTIVE
ACC-9173,CUST-154,CREDIT,5000.00,ACTIVE
ACC-9174,CUST-280,CREDIT,10000.00,ACTIVE
ACC-9175,CUST-832,DEBIT,0.00,ACTIVE
ACC-9176,CUST-649,DEBIT,0.00,ACTIVE
ACC-9177,CUST-405,CREDIT,25000.00,ACTIVE
ACC-9178,CUST-982,CREDIT,5000.00,ACTIVE
ACC-9179,CUST-178,CREDIT,1000.00,ACTIVE
ACC-9180,CUST-657,CREDIT,25000.00,ACTIVE
ACC-9181,CUST-599,DEBIT,0.00,ACTIVE
ACC-9182,CUST-526,CREDIT,1000.00,ACTIVE
ACC-9183,CUST-455,CREDIT,25000.00,ACTIVE
ACC-9184,CUST-510,CREDIT,15000.00,ACTIVE
ACC-9185,CUST-825,CREDIT,5000.00,ACTIVE
ACC-9186,CUST-129,DEBIT,0.00,ACTIVE
ACC-9187,CUST-280,CREDIT,15000.00,ACTIVE
ACC-9188,CUST-778,CREDIT,1000.00,ACTIVE
ACC-9189,CUST-698,CREDIT,15000.00,ACTIVE
ACC-9190,CUST-728,CREDIT,5000.00,ACTIVE
ACC-9191,CUST-720,CREDIT,15000.00,ACTIVE
ACC-9192,CUST-613,CREDIT,5000.00,ACTIVE
ACC-9193,CUST-960,DEBIT,0.00,BLOCKED
ACC-9194,CUST-136,CREDIT,5000.00,ACTIVE
ACC-9195,CUST-785,CREDIT,1000.00,ACTIVE
ACC-9196,CUST-731,CREDIT,25000.00,ACTIVE
ACC-9197,CUST-851,CREDIT,10000.00,ACTIVE
ACC-9198,CUST-863,DEBIT,0.00,ACTIVE
ACC-9199,CUST-542,CREDIT,1000.00,ACTIVE
ACC-9200,CUST-400,DEBIT,0.00,ACTIVE
ACC-9201,CUST-866,CREDIT,10000.00,ACTIVE
ACC-9202,CUST-654,CREDIT,10000.00,ACTIVE
ACC-9203,CUST-290,DEBIT,0.00,ACTIVE
ACC-9204,CUST-487,CREDIT,15000.00,ACTIVE
ACC-9205,CUST-253,DEBIT,0.00,ACTIVE
ACC-9206,CUST-331,CREDIT,10000.00,ACTIVE
ACC-9207,CUST-181,DEBIT,0.00,ACTIVE
ACC-9208,CUST-286,DEBIT,0.00,ACTIVE
ACC-9209,CUST-327,DEBIT,0.00,ACTIVE
ACC-9210,CUST-990,CREDIT,25000.00,ACTIVE
ACC-9211,CUST-751,DEBIT,0.00,BLOCKED
ACC-9212,CUST-450,DEBIT,0.00,ACTIVE
ACC-9213,CUST-765,DEBIT,0.00,ACTIVE
ACC-9214,CUST-830,CREDIT,10000.00,ACTIVE
ACC-9215,CUST-438,DEBIT,0.00,ACTIVE
ACC-9216,CUST-698,CREDIT,15000.00,ACTIVE
ACC-9217,CUST-894,CREDIT,1000.00,ACTIVE
ACC-9218,CUST-944,CREDIT,25000.00,ACTIVE
ACC-9219,CUST-929,CREDIT,15000.00,ACTIVE
ACC-9220,CUST-267,CREDIT,1000.00,ACTIVE
ACC-9221,CUST-844,DEBIT,0.00,ACTIVE
ACC-9222,CUST-445,DEBIT,0.00,ACTIVE
ACC-9223,CUST-843,CREDIT,10000.00,ACTIVE
ACC-9224,CUST-692,DEBIT,0.00,ACTIVE
ACC-9225,CUST-569,DEBIT,0.00,ACTIVE
ACC-9226,CUST-525,CREDIT,5000.00,ACTIVE
ACC-9227,CUST-170,CREDIT,15000.00,ACTIVE
ACC-9228,CUST-903,CREDIT,15000.00,ACTIVE
ACC-9229,CUST-760,DEBIT,0.00,ACTIVE
ACC-9230,CUST-905,CREDIT,15000.00,ACTIVE
ACC-9231,CUST-723,DEBIT,0.00,ACTIVE
ACC-9232,CUST-370,CREDIT,5000.00,ACTIVE
ACC-9233,CUST-864,DEBIT,0.00,ACTIVE
ACC-9234,CUST-738,CREDIT,2500.00,ACTIVE
ACC-9235,CUST-266,DEBIT,0.00,ACTIVE
ACC-9236,CUST-647,CREDIT,15000.00,ACTIVE
ACC-9237,CUST-110,CREDIT,25000.00,ACTIVE
ACC-9238,CUST-265,DEBIT,0.00,ACTIVE
ACC-9239,CUST-420,CREDIT,15000.00,ACTIVE
ACC-9240,CUST-385,CREDIT,15000.00,ACTIVE
ACC-9241,CUST-132,DEBIT,0.00,ACTIVE
ACC-9242,CUST-708,CREDIT,1000.00,ACTIVE
ACC-9243,CUST-835,CREDIT,1000.00,ACTIVE
ACC-9244,CUST-129,CREDIT,2500.00,ACTIVE
ACC-9245,CUST-616,DEBIT,0.00,ACTIVE
ACC-9246,CUST-329,CREDIT,10000.00,ACTIVE
ACC-9247,CUST-154,CREDIT,10000.00,ACTIVE
ACC-9248,CUST-177,CREDIT,15000.00,ACTIVE
ACC-9249,CUST-219,CREDIT,25000.00,ACTIVE
ACC-9250,CUST-386,CREDIT,2500.00,ACTIVE
ACC-9251,CUST-513,DEBIT,0.00,ACTIVE
ACC-9252,CUST-560,CREDIT,2500.00,ACTIVE
ACC-9253,CUST-172,CREDIT,15000.00,ACTIVE
ACC-9254,CUST-474,DEBIT,0.00,ACTIVE
ACC-9255,CUST-573,CREDIT,25000.00,ACTIVE
ACC-9256,CUST-402,DEBIT,0.00,ACTIVE
ACC-9257,CUST-451,CREDIT,10000.00,ACTIVE
ACC-9258,CUST-126,CREDIT,5000.00,BLOCKED
ACC-9259,CUST-764,DEBIT,0.00,ACTIVE
ACC-9260,CUST-676,CREDIT,25000.00,ACTIVE
ACC-9261,CUST-217,DEBIT,0.00,ACTIVE
ACC-9262,CUST-959,CREDIT,5000.00,ACTIVE
ACC-9263,CUST-739,CREDIT,1000.00,ACTIVE
ACC-9264,CUST-234,CREDIT,2500.00,ACTIVE
ACC-9265,CUST-475,DEBIT,0.00,ACTIVE
ACC-9266,CUST-784,CREDIT,1000.00,ACTIVE
ACC-9267,CUST-612,DEBIT,0.00,ACTIVE
ACC-9268,CUST-420,CREDIT,1000.00,ACTIVE
ACC-9269,CUST-826,CREDIT,1000.00,ACTIVE
ACC-9270,CUST-483,CREDIT,5000.00,ACTIVE
ACC-9271,CUST-252,CREDIT,25000.00,ACTIVE
ACC-9272,CUST-926,CREDIT,2500.00,ACTIVE
ACC-9273,CUST-494,DEBIT,0.00,ACTIVE
ACC-9274,CUST-574,DEBIT,0.00,ACTIVE
ACC-9275,CUST-660,CREDIT,15000.00,ACTIVE
ACC-9276,CUST-846,CREDIT,1000.00,ACTIVE
ACC-9277,CUST-193,CREDIT,2500.00,ACTIVE
ACC-9278,CUST-391,DEBIT,0.00,ACTIVE
ACC-9279,CUST-854,DEBIT,0.00,ACTIVE
ACC-9280,CUST-891,DEBIT,0.00,ACTIVE
ACC-9281,CUST-913,CREDIT,5000.00,ACTIVE
ACC-9282,CUST-192,DEBIT,0.00,ACTIVE
ACC-9283,CUST-664,CREDIT,25000.00,ACTIVE
ACC-9284,CUST-950,DEBIT,0.00,ACTIVE
ACC-9285,CUST-685,DEBIT,0.00,ACTIVE
ACC-9286,CUST-127,CREDIT,15000.00,ACTIVE
ACC-9287,CUST-358,CREDIT,10000.00,ACTIVE
ACC-9288,CUST-257,CREDIT,25000.00,ACTIVE
ACC-9289,CUST-666,CREDIT,10000.00,ACTIVE
ACC-9290,CUST-900,DEBIT,0.00,ACTIVE
ACC-9291,CUST-847,CREDIT,5000.00,ACTIVE
ACC-9292,CUST-614,DEBIT,0.00,ACTIVE
ACC-9293,CUST-306,DEBIT,0.00,ACTIVE
ACC-9294,CUST-808,CREDIT,25000.00,ACTIVE
ACC-9295,CUST-525,CREDIT,10000.00,ACTIVE
ACC-9296,CUST-939,CREDIT,10000.00,ACTIVE
ACC-9297,CUST-891,CREDIT,1000.00,ACTIVE
ACC-9298,CUST-824,CREDIT,1000.00,ACTIVE
ACC-9299,CUST-140,CREDIT,1000.00,BLOCKED
ACC-9300,CUST-673,CREDIT,15000.00,ACTIVE
ACC-9301,CUST-716,CREDIT,15000.00,ACTIVE
ACC-9302,CUST-828,CREDIT,15000.00,ACTIVE
ACC-9303,CUST-409,CREDIT,10000.00,ACTIVE
ACC-9304,CUST-219,DEBIT,0.00,ACTIVE
ACC-9305,CUST-689,DEBIT,0.00,ACTIVE
ACC-9306,CUST-257,DEBIT,0.00,ACTIVE
ACC-9307,CUST-501,CREDIT,2500.00,ACTIVE
ACC-9308,CUST-812,DEBIT,0.00,ACTIVE
ACC-9309,CUST-339,CREDIT,10000.00,ACTIVE
ACC-9310,CUST-741,DEBIT,0.00,ACTIVE
ACC-9311,CUST-828,CREDIT,1000.00,BLOCKED
ACC-9312,CUST-595,DEBIT,0.00,BLOCKED
ACC-9313,CUST-661,CREDIT,25000.00,ACTIVE
ACC-9314,CUST-217,DEBIT,0.00,ACTIVE
ACC-9315,CUST-590,DEBIT,0.00,ACTIVE
ACC-9316,CUST-130,CREDIT,5000.00,ACTIVE
ACC-9317,CUST-262,CREDIT,25000.00,ACTIVE
ACC-9318,CUST-918,CREDIT,2500.00,ACTIVE
ACC-9319,CUST-604,CREDIT,5000.00,ACTIVE
ACC-9320,CUST-500,CREDIT,15000.00,ACTIVE
ACC-9321,CUST-455,CREDIT,25000.00,ACTIVE
ACC-9322,CUST-824,DEBIT,0.00,ACTIVE
ACC-9323,CUST-331,DEBIT,0.00,ACTIVE
ACC-9324,CUST-313,CREDIT,10000.00,ACTIVE
ACC-9325,CUST-778,CREDIT,1000.00,ACTIVE
ACC-9326,CUST-178,CREDIT,25000.00,ACTIVE
ACC-9327,CUST-887,CREDIT,25000.00,ACTIVE
ACC-9328,CUST-967,CREDIT,25000.00,ACTIVE
ACC-9329,CUST-877,DEBIT,0.00,ACTIVE
ACC-9330,CUST-980,DEBIT,0.00,ACTIVE
ACC-9331,CUST-508,DEBIT,0.00,ACTIVE
ACC-9332,CUST-453,DEBIT,0.00,ACTIVE
ACC-9333,CUST-711,CREDIT,5000.00,ACTIVE
ACC-9334,CUST-506,DEBIT,0.00,ACTIVE
ACC-9335,CUST-832,DEBIT,0.00,ACTIVE
ACC-9336,CUST-572,CREDIT,2500.00,ACTIVE
ACC-9337,CUST-797,CREDIT,10000.00,ACTIVE
ACC-9338,CUST-693,CREDIT,1000.00,ACTIVE
ACC-9339,CUST-149,CREDIT,1000.00,ACTIVE
ACC-9340,CUST-321,CREDIT,2500.00,ACTIVE
ACC-9341,CUST-515,CREDIT,1000.00,ACTIVE
ACC-9342,CUST-400,CREDIT,15000.00,ACTIVE
ACC-9343,CUST-638,CREDIT,25000.00,ACTIVE
ACC-9344,CUST-275,CREDIT,15000.00,ACTIVE
ACC-9345,CUST-105,CREDIT,5000.00,ACTIVE
ACC-9346,CUST-245,DEBIT,0.00,ACTIVE
ACC-9347,CUST-958,CREDIT,5000.00,ACTIVE
ACC-9348,CUST-663,DEBIT,0.00,ACTIVE
ACC-9349,CUST-464,DEBIT,0.00,ACTIVE
ACC-9350,CUST-887,CREDIT,1000.00,ACTIVE
ACC-9351,CUST-900,CREDIT,15000.00,ACTIVE
ACC-9352,CUST-631,CREDIT,2500.00,ACTIVE
ACC-9353,CUST-340,DEBIT,0.00,ACTIVE
ACC-9354,CUST-311,CREDIT,15000.00,ACTIVE
ACC-9355,CUST-999,CREDIT,10000.00,ACTIVE
ACC-9356,CUST-346,CREDIT,25000.00,ACTIVE
ACC-9357,CUST-341,CREDIT,1000.00,ACTIVE
ACC-9358,CUST-418,CREDIT,10000.00,ACTIVE
ACC-9359,CUST-855,CREDIT,5000.00,ACTIVE
ACC-9360,CUST-502,CREDIT,25000.00,ACTIVE
ACC-9361,CUST-509,CREDIT,1000.00,ACTIVE
ACC-9362,CUST-272,CREDIT,10000.00,ACTIVE
ACC-9363,CUST-224,CREDIT,10000.00,ACTIVE
ACC-9364,CUST-625,CREDIT,15000.00,ACTIVE
ACC-9365,CUST-359,CREDIT,25000.00,ACTIVE
ACC-9366,CUST-282,DEBIT,0.00,ACTIVE
ACC-9367,CUST-319,CREDIT,25000.00,ACTIVE
ACC-9368,CUST-174,DEBIT,0.00,ACTIVE
ACC-9369,CUST-414,CREDIT,10000.00,ACTIVE
ACC-9370,CUST-998,CREDIT,1000.00,ACTIVE
ACC-9371,CUST-270,CREDIT,1000.00,ACTIVE
ACC-9372,CUST-440,CREDIT,25000.00,ACTIVE
ACC-9373,CUST-488,CREDIT,25000.00,ACTIVE
ACC-9374,CUST-279,DEBIT,0.00,ACTIVE
ACC-9375,CUST-352,DEBIT,0.00,ACTIVE
ACC-9376,CUST-897,CREDIT,5000.00,ACTIVE
ACC-9377,CUST-611,DEBIT,0.00,BLOCKED
ACC-9378,CUST-303,CREDIT,5000.00,ACTIVE
ACC-9379,CUST-802,CREDIT,25000.00,ACTIVE
ACC-9380,CUST-462,CREDIT,5000.00,ACTIVE
ACC-9381,CUST-129,DEBIT,0.00,ACTIVE
ACC-9382,CUST-194,CREDIT,1000.00,ACTIVE
ACC-9383,CUST-240,CREDIT,10000.00,ACTIVE
ACC-9384,CUST-635,CREDIT,2500.00,ACTIVE
ACC-9385,CUST-373,CREDIT,15000.00,ACTIVE
ACC-9386,CUST-767,DEBIT,0.00,ACTIVE
ACC-9387,CUST-555,DEBIT,0.00,ACTIVE
ACC-9388,CUST-499,DEBIT,0.00,ACTIVE
ACC-9389,CUST-476,DEBIT,0.00,ACTIVE
ACC-9390,CUST-694,DEBIT,0.00,ACTIVE
ACC-9391,CUST-121,CREDIT,25000.00,ACTIVE
ACC-9392,CUST-364,DEBIT,0.00,ACTIVE
ACC-9393,CUST-187,CREDIT,25000.00,ACTIVE
ACC-9394,CUST-216,CREDIT,5000.00,ACTIVE
ACC-9395,CUST-909,CREDIT,10000.00,ACTIVE
ACC-9396,CUST-935,CREDIT,1000.00,ACTIVE
ACC-9397,CUST-293,CREDIT,5000.00,ACTIVE
ACC-9398,CUST-932,DEBIT,0.00,ACTIVE
ACC-9399,CUST-276,CREDIT,1000.00,ACTIVE
ACC-9400,CUST-438,DEBIT,0.00,ACTIVE
ACC-9401,CUST-997,DEBIT,0.00,ACTIVE
ACC-9402,CUST-285,DEBIT,0.00,ACTIVE
ACC-9403,CUST-727,CREDIT,5000.00,ACTIVE
ACC-9404,CUST-437,DEBIT,0.00,ACTIVE
ACC-9405,CUST-869,CREDIT,1000.00,BLOCKED
ACC-9406,CUST-814,DEBIT,0.00,ACTIVE
ACC-9407,CUST-233,DEBIT,0.00,ACTIVE
ACC-9408,CUST-112,CREDIT,2500.00,ACTIVE
ACC-9409,CUST-835,CREDIT,25000.00,ACTIVE
ACC-9410,CUST-557,DEBIT,0.00,ACTIVE
ACC-9411,CUST-778,CREDIT,5000.00,ACTIVE
ACC-9412,CUST-426,DEBIT,0.00,ACTIVE
ACC-9413,CUST-220,CREDIT,2500.00,ACTIVE
ACC-9414,CUST-664,DEBIT,0.00,ACTIVE
ACC-9415,CUST-849,CREDIT,2500.00,ACTIVE
ACC-9416,CUST-803,CREDIT,10000.00,ACTIVE
ACC-9417,CUST-154,DEBIT,0.00,ACTIVE
ACC-9418,CUST-205,CREDIT,1000.00,ACTIVE
ACC-9419,CUST-751,CREDIT,25000.00,ACTIVE
ACC-9420,CUST-176,DEBIT,0.00,ACTIVE
ACC-9421,CUST-976,DEBIT,0.00,ACTIVE
ACC-9422,CUST-388,CREDIT,15000.00,ACTIVE
ACC-9423,CUST-822,CREDIT,5000.00,ACTIVE
ACC-9424,CUST-919,DEBIT,0.00,ACTIVE
ACC-9425,CUST-253,CREDIT,25000.00,ACTIVE
ACC-9426,CUST-654,DEBIT,0.00,ACTIVE
ACC-9427,CUST-790,CREDIT,2500.00,ACTIVE
ACC-9428,CUST-980,CREDIT,10000.00,ACTIVE
ACC-9429,CUST-668,CREDIT,10000.00,ACTIVE
ACC-9430,CUST-241,CREDIT,2500.00,ACTIVE
ACC-9431,CUST-752,CREDIT,5000.00,ACTIVE
ACC-9432,CUST-947,CREDIT,25000.00,ACTIVE
ACC-9433,CUST-846,CREDIT,15000.00,ACTIVE
ACC-9434,CUST-637,DEBIT,0.00,ACTIVE
ACC-9435,CUST-138,DEBIT,0.00,ACTIVE
ACC-9436,CUST-708,DEBIT,0.00,ACTIVE
ACC-9437,CUST-599,CREDIT,25000.00,ACTIVE
ACC-9438,CUST-526,DEBIT,0.00,ACTIVE
ACC-9439,CUST-363,CREDIT,5000.00,ACTIVE
ACC-9440,CUST-205,CREDIT,25000.00,ACTIVE
ACC-9441,CUST-346,DEBIT,0.00,ACTIVE
ACC-9442,CUST-919,CREDIT,15000.00,ACTIVE
ACC-9443,CUST-994,CREDIT,25000.00,ACTIVE
ACC-9444,CUST-849,DEBIT,0.00,ACTIVE
ACC-9445,CUST-659,DEBIT,0.00,ACTIVE
ACC-9446,CUST-827,DEBIT,0.00,ACTIVE
ACC-9447,CUST-785,CREDIT,10000.00,BLOCKED
ACC-9448,CUST-958,CREDIT,5000.00,ACTIVE
ACC-9449,CUST-104,DEBIT,0.00,ACTIVE
ACC-9450,CUST-223,CREDIT,15000.00,ACTIVE
ACC-9451,CUST-442,CREDIT,5000.00,ACTIVE
ACC-9452,CUST-868,DEBIT,0.00,ACTIVE
ACC-9453,CUST-663,CREDIT,15000.00,ACTIVE
ACC-9454,CUST-515,DEBIT,0.00,ACTIVE
ACC-9455,CUST-518,CREDIT,15000.00,ACTIVE
ACC-9456,CUST-119,DEBIT,0.00,ACTIVE
ACC-9457,CUST-836,CREDIT,10000.00,ACTIVE
ACC-9458,CUST-320,DEBIT,0.00,ACTIVE
ACC-9459,CUST-469,DEBIT,0.00,ACTIVE
ACC-9460,CUST-876,CREDIT,10000.00,ACTIVE
ACC-9461,CUST-211,DEBIT,0.00,ACTIVE
ACC-9462,CUST-114,DEBIT,0.00,ACTIVE
ACC-9463,CUST-951,CREDIT,25000.00,ACTIVE
ACC-9464,CUST-121,DEBIT,0.00,ACTIVE
ACC-9465,CUST-895,CREDIT,2500.00,ACTIVE
ACC-9466,CUST-850,CREDIT,25000.00,ACTIVE
ACC-9467,CUST-545,CREDIT,25000.00,ACTIVE
ACC-9468,CUST-330,DEBIT,0.00,ACTIVE
ACC-9469,CUST-913,CREDIT,10000.00,ACTIVE
ACC-9470,CUST-627,DEBIT,0.00,ACTIVE
ACC-9471,CUST-258,CREDIT,15000.00,ACTIVE
ACC-9472,CUST-603,DEBIT,0.00,ACTIVE
ACC-9473,CUST-985,DEBIT,0.00,ACTIVE
ACC-9474,CUST-519,CREDIT,25000.00,ACTIVE
ACC-9475,CUST-789,CREDIT,10000.00,ACTIVE
ACC-9476,CUST-504,DEBIT,0.00,ACTIVE
ACC-9477,CUST-504,CREDIT,2500.00,ACTIVE
ACC-9478,CUST-712,CREDIT,5000.00,ACTIVE
ACC-9479,CUST-700,CREDIT,15000.00,ACTIVE
ACC-9480,CUST-103,CREDIT,10000.00,ACTIVE
ACC-9481,CUST-298,DEBIT,0.00,ACTIVE
ACC-9482,CUST-162,CREDIT,2500.00,ACTIVE
ACC-9483,CUST-331,CREDIT,2500.00,ACTIVE
ACC-9484,CUST-498,CREDIT,2500.00,ACTIVE
ACC-9485,CUST-453,DEBIT,0.00,ACTIVE
ACC-9486,CUST-328,CREDIT,5000.00,ACTIVE
ACC-9487,CUST-877,CREDIT,15000.00,ACTIVE
ACC-9488,CUST-939,CREDIT,10000.00,ACTIVE
ACC-9489,CUST-332,CREDIT,1000.00,ACTIVE
ACC-9490,CUST-250,CREDIT,10000.00,ACTIVE
ACC-9491,CUST-862,CREDIT,5000.00,ACTIVE
ACC-9492,CUST-825,CREDIT,1000.00,ACTIVE
ACC-9493,CUST-688,CREDIT,10000.00,ACTIVE
ACC-9494,CUST-917,CREDIT,1000.00,ACTIVE
ACC-9495,CUST-885,CREDIT,2500.00,ACTIVE
ACC-9496,CUST-604,CREDIT,2500.00,ACTIVE
ACC-9497,CUST-232,CREDIT,2500.00,BLOCKED
ACC-9498,CUST-263,CREDIT,5000.00,ACTIVE
ACC-9499,CUST-336,DEBIT,0.00,ACTIVE
ACC-9500,CUST-280,CREDIT,2500.00,ACTIVE
ACC-9501,CUST-136,CREDIT,15000.00,ACTIVE
ACC-9502,CUST-944,CREDIT,2500.00,ACTIVE
ACC-9503,CUST-154,DEBIT,0.00,ACTIVE
ACC-9504,CUST-245,CREDIT,25000.00,ACTIVE
ACC-9505,CUST-134,DEBIT,0.00,ACTIVE
ACC-9506,CUST-302,CREDIT,10000.00,ACTIVE
ACC-9507,CUST-747,CREDIT,2500.00,ACTIVE
ACC-9508,CUST-387,CREDIT,15000.00,ACTIVE
ACC-9509,CUST-184,CREDIT,25000.00,ACTIVE
ACC-9510,CUST-660,CREDIT,25000.00,ACTIVE
ACC-9511,CUST-324,CREDIT,1000.00,ACTIVE
ACC-9512,CUST-827,CREDIT,15000.00,ACTIVE
ACC-9513,CUST-803,CREDIT,5000.00,ACTIVE
ACC-9514,CUST-531,DEBIT,0.00,ACTIVE
ACC-9515,CUST-768,CREDIT,10000.00,ACTIVE
ACC-9516,CUST-822,CREDIT,5000.00,ACTIVE
ACC-9517,CUST-807,CREDIT,5000.00,ACTIVE
ACC-9518,CUST-813,CREDIT,5000.00,ACTIVE
ACC-9519,CUST-784,CREDIT,2500.00,ACTIVE
ACC-9520,CUST-311,CREDIT,5000.00,ACTIVE
ACC-9521,CUST-561,DEBIT,0.00,ACTIVE
ACC-9522,CUST-642,CREDIT,15000.00,ACTIVE
ACC-9523,CUST-235,CREDIT,2500.00,ACTIVE
ACC-9524,CUST-922,CREDIT,15000.00,ACTIVE
ACC-9525,CUST-728,CREDIT,2500.00,ACTIVE
ACC-9526,CUST-793,DEBIT,0.00,ACTIVE
ACC-9527,CUST-793,DEBIT,0.00,ACTIVE
ACC-9528,CUST-343,CREDIT,25000.00,ACTIVE
ACC-9529,CUST-875,CREDIT,15000.00,ACTIVE
ACC-9530,CUST-453,CREDIT,25000.00,ACTIVE
ACC-9531,CUST-797,DEBIT,0.00,ACTIVE
ACC-9532,CUST-439,DEBIT,0.00,ACTIVE
ACC-9533,CUST-854,CREDIT,10000.00,ACTIVE
ACC-9534,CUST-885,CREDIT,10000.00,ACTIVE
ACC-9535,CUST-404,CREDIT,25000.00,ACTIVE
ACC-9536,CUST-404,CREDIT,10000.00,ACTIVE
ACC-9537,CUST-644,DEBIT,0.00,ACTIVE
ACC-9538,CUST-466,CREDIT,2500.00,ACTIVE
ACC-9539,CUST-848,DEBIT,0.00,ACTIVE
ACC-9540,CUST-417,CREDIT,15000.00,ACTIVE
ACC-9541,CUST-256,CREDIT,10000.00,ACTIVE
ACC-9542,CUST-510,CREDIT,5000.00,ACTIVE
ACC-9543,CUST-310,CREDIT,25000.00,ACTIVE
ACC-9544,CUST-718,CREDIT,10000.00,ACTIVE
ACC-9545,CUST-395,CREDIT,5000.00,ACTIVE
ACC-9546,CUST-428,CREDIT,15000.00,ACTIVE
ACC-9547,CUST-470,DEBIT,0.00,ACTIVE
ACC-9548,CUST-303,CREDIT,25000.00,ACTIVE
ACC-9549,CUST-322,CREDIT,1000.00,ACTIVE
ACC-9550,CUST-193,CREDIT,2500.00,ACTIVE
ACC-9551,CUST-578,CREDIT,2500.00,ACTIVE
ACC-9552,CUST-485,DEBIT,0.00,ACTIVE
ACC-9553,CUST-459,CREDIT,25000.00,BLOCKED
ACC-9554,CUST-572,DEBIT,0.00,ACTIVE
ACC-9555,CUST-274,CREDIT,25000.00,ACTIVE
ACC-9556,CUST-617,DEBIT,0.00,ACTIVE
ACC-9557,CUST-166,CREDIT,15000.00,ACTIVE
ACC-9558,CUST-198,CREDIT,10000.00,ACTIVE
ACC-9559,CUST-409,CREDIT,1000.00,ACTIVE
ACC-9560,CUST-844,CREDIT,10000.00,ACTIVE
ACC-9561,CUST-979,CREDIT,10000.00,ACTIVE
ACC-9562,CUST-411,DEBIT,0.00,ACTIVE
ACC-9563,CUST-887,DEBIT,0.00,ACTIVE
ACC-9564,CUST-302,CREDIT,15000.00,ACTIVE
ACC-9565,CUST-728,DEBIT,0.00,ACTIVE
ACC-9566,CUST-541,CREDIT,5000.00,ACTIVE
ACC-9567,CUST-731,DEBIT,0.00,ACTIVE
ACC-9568,CUST-607,DEBIT,0.00,ACTIVE
ACC-9569,CUST-889,CREDIT,10000.00,ACTIVE
ACC-9570,CUST-753,DEBIT,0.00,ACTIVE
ACC-9571,CUST-392,DEBIT,0.00,ACTIVE
ACC-9572,CUST-832,CREDIT,10000.00,ACTIVE
ACC-9573,CUST-955,CREDIT,10000.00,ACTIVE
ACC-9574,CUST-805,CREDIT,10000.00,ACTIVE
ACC-9575,CUST-551,DEBIT,0.00,ACTIVE
ACC-9576,CUST-862,DEBIT,0.00,ACTIVE
ACC-9577,CUST-828,DEBIT,0.00,ACTIVE
ACC-9578,CUST-130,CREDIT,15000.00,ACTIVE
ACC-9579,CUST-453,DEBIT,0.00,ACTIVE
ACC-9580,CUST-295,DEBIT,0.00,ACTIVE
ACC-9581,CUST-553,CREDIT,5000.00,ACTIVE
ACC-9582,CUST-652,CREDIT,15000.00,ACTIVE
ACC-9583,CUST-934,CREDIT,10000.00,ACTIVE
ACC-9584,CUST-512,CREDIT,1000.00,ACTIVE
ACC-9585,CUST-141,CREDIT,15000.00,ACTIVE
ACC-9586,CUST-253,CREDIT,25000.00,ACTIVE
ACC-9587,CUST-760,CREDIT,15000.00,ACTIVE
ACC-9588,CUST-502,CREDIT,25000.00,ACTIVE
ACC-9589,CUST-269,DEBIT,0.00,ACTIVE
ACC-9590,CUST-995,CREDIT,2500.00,ACTIVE
ACC-9591,CUST-709,CREDIT,5000.00,ACTIVE
ACC-9592,CUST-204,CREDIT,1000.00,ACTIVE
ACC-9593,CUST-942,DEBIT,0.00,ACTIVE
ACC-9594,CUST-633,CREDIT,10000.00,ACTIVE
ACC-9595,CUST-417,CREDIT,2500.00,ACTIVE
ACC-9596,CUST-100,CREDIT,5000.00,ACTIVE
ACC-9597,CUST-160,DEBIT,0.00,ACTIVE
ACC-9598,CUST-382,CREDIT,10000.00,ACTIVE
ACC-9599,CUST-225,CREDIT,25000.00,ACTIVE
ACC-9600,CUST-536,DEBIT,0.00,ACTIVE
ACC-9601,CUST-446,CREDIT,2500.00,ACTIVE
ACC-9602,CUST-935,CREDIT,2500.00,ACTIVE
ACC-9603,CUST-459,DEBIT,0.00,ACTIVE
ACC-9604,CUST-828,CREDIT,10000.00,ACTIVE
ACC-9605,CUST-676,DEBIT,0.00,ACTIVE
ACC-9606,CUST-906,DEBIT,0.00,ACTIVE
ACC-9607,CUST-633,DEBIT,0.00,ACTIVE
ACC-9608,CUST-234,CREDIT,2500.00,ACTIVE
ACC-9609,CUST-832,DEBIT,0.00,ACTIVE
ACC-9610,CUST-934,DEBIT,0.00,ACTIVE
ACC-9611,CUST-100,CREDIT,5000.00,ACTIVE
ACC-9612,CUST-700,DEBIT,0.00,ACTIVE
ACC-9613,CUST-631,CREDIT,10000.00,ACTIVE
ACC-9614,CUST-976,CREDIT,1000.00,ACTIVE
ACC-9615,CUST-196,CREDIT,5000.00,ACTIVE
ACC-9616,CUST-483,DEBIT,0.00,ACTIVE
ACC-9617,CUST-769,CREDIT,10000.00,ACTIVE
ACC-9618,CUST-722,DEBIT,0.00,ACTIVE
ACC-9619,CUST-510,CREDIT,15000.00,ACTIVE
ACC-9620,CUST-998,CREDIT,25000.00,ACTIVE
ACC-9621,CUST-787,CREDIT,1000.00,ACTIVE
ACC-9622,CUST-327,DEBIT,0.00,ACTIVE
ACC-9623,CUST-645,DEBIT,0.00,ACTIVE
ACC-9624,CUST-776,CREDIT,15000.00,ACTIVE
ACC-9625,CUST-111,CREDIT,10000.00,ACTIVE
ACC-9626,CUST-711,CREDIT,15000.00,ACTIVE
ACC-9627,CUST-869,DEBIT,0.00,ACTIVE
ACC-9628,CUST-671,DEBIT,0.00,ACTIVE
ACC-9629,CUST-967,DEBIT,0.00,ACTIVE
ACC-9630,CUST-602,DEBIT,0.00,ACTIVE
ACC-9631,CUST-714,DEBIT,0.00,ACTIVE
ACC-9632,CUST-325,CREDIT,2500.00,ACTIVE
ACC-9633,CUST-299,CREDIT,2500.00,ACTIVE
ACC-9634,CUST-238,CREDIT,5000.00,ACTIVE
ACC-9635,CUST-153,CREDIT,5000.00,ACTIVE
ACC-9636,CUST-589,DEBIT,0.00,ACTIVE
ACC-9637,CUST-582,DEBIT,0.00,ACTIVE
ACC-9638,CUST-494,CREDIT,15000.00,ACTIVE
ACC-9639,CUST-107,CREDIT,10000.00,ACTIVE
ACC-9640,CUST-285,CREDIT,1000.00,ACTIVE
ACC-9641,CUST-858,DEBIT,0.00,ACTIVE
ACC-9642,CUST-160,CREDIT,1000.00,ACTIVE
ACC-9643,CUST-950,DEBIT,0.00,ACTIVE
ACC-9644,CUST-602,CREDIT,1000.00,ACTIVE
ACC-9645,CUST-220,DEBIT,0.00,ACTIVE
ACC-9646,CUST-164,CREDIT,1000.00,ACTIVE
ACC-9647,CUST-234,CREDIT,1000.00,ACTIVE
ACC-9648,CUST-898,DEBIT,0.00,ACTIVE
ACC-9649,CUST-723,CREDIT,25000.00,ACTIVE
ACC-9650,CUST-286,DEBIT,0.00,ACTIVE
ACC-9651,CUST-620,CREDIT,15000.00,ACTIVE
ACC-9652,CUST-238,DEBIT,0.00,ACTIVE
ACC-9653,CUST-909,CREDIT,2500.00,ACTIVE
ACC-9654,CUST-540,CREDIT,25000.00,ACTIVE
ACC-9655,CUST-719,CREDIT,25000.00,ACTIVE
ACC-9656,CUST-966,DEBIT,0.00,ACTIVE
ACC-9657,CUST-748,CREDIT,15000.00,ACTIVE
ACC-9658,CUST-149,CREDIT,10000.00,ACTIVE
ACC-9659,CUST-452,DEBIT,0.00,ACTIVE
ACC-9660,CUST-150,CREDIT,1000.00,ACTIVE
ACC-9661,CUST-106,DEBIT,0.00,ACTIVE
ACC-9662,CUST-894,CREDIT,10000.00,ACTIVE
ACC-9663,CUST-887,CREDIT,25000.00,ACTIVE
ACC-9664,CUST-926,CREDIT,5000.00,ACTIVE
ACC-9665,CUST-818,CREDIT,1000.00,ACTIVE
ACC-9666,CUST-204,CREDIT,15000.00,ACTIVE
ACC-9667,CUST-379,CREDIT,15000.00,ACTIVE
ACC-9668,CUST-679,CREDIT,5000.00,ACTIVE
ACC-9669,CUST-513,DEBIT,0.00,ACTIVE
ACC-9670,CUST-857,CREDIT,25000.00,ACTIVE
ACC-9671,CUST-947,CREDIT,15000.00,ACTIVE
ACC-9672,CUST-507,CREDIT,10000.00,ACTIVE
ACC-9673,CUST-733,CREDIT,15000.00,ACTIVE
ACC-9674,CUST-141,CREDIT,5000.00,ACTIVE
ACC-9675,CUST-380,CREDIT,2500.00,ACTIVE
ACC-9676,CUST-773,CREDIT,2500.00,ACTIVE
ACC-9677,CUST-980,CREDIT,15000.00,ACTIVE
ACC-9678,CUST-541,DEBIT,0.00,ACTIVE
ACC-9679,CUST-742,CREDIT,2500.00,ACTIVE
ACC-9680,CUST-499,CREDIT,10000.00,ACTIVE
ACC-9681,CUST-299,CREDIT,15000.00,ACTIVE
ACC-9682,CUST-392,CREDIT,10000.00,ACTIVE
ACC-9683,CUST-510,CREDIT,15000.00,BLOCKED
ACC-9684,CUST-484,CREDIT,5000.00,ACTIVE
ACC-9685,CUST-114,DEBIT,0.00,ACTIVE
ACC-9686,CUST-723,CREDIT,25000.00,ACTIVE
ACC-9687,CUST-186,DEBIT,0.00,ACTIVE
ACC-9688,CUST-887,CREDIT,10000.00,ACTIVE
ACC-9689,CUST-108,DEBIT,0.00,ACTIVE
ACC-9690,CUST-634,DEBIT,0.00,ACTIVE
ACC-9691,CUST-708,CREDIT,10000.00,ACTIVE
ACC-9692,CUST-791,DEBIT,0.00,BLOCKED
ACC-9693,CUST-505,CREDIT,25000.00,ACTIVE
ACC-9694,CUST-863,CREDIT,2500.00,ACTIVE
ACC-9695,CUST-261,CREDIT,25000.00,ACTIVE
ACC-9696,CUST-609,CREDIT,5000.00,ACTIVE
ACC-9697,CUST-834,DEBIT,0.00,ACTIVE
ACC-9698,CUST-380,DEBIT,0.00,ACTIVE
ACC-9699,CUST-449,CREDIT,2500.00,ACTIVE
ACC-9700,CUST-134,DEBIT,0.00,ACTIVE
ACC-9701,CUST-635,CREDIT,5000.00,ACTIVE
ACC-9702,CUST-499,DEBIT,0.00,ACTIVE
ACC-9703,CUST-210,DEBIT,0.00,ACTIVE
ACC-9704,CUST-253,CREDIT,1000.00,ACTIVE
ACC-9705,CUST-333,CREDIT,5000.00,ACTIVE
ACC-9706,CUST-221,CREDIT,1000.00,ACTIVE
ACC-9707,CUST-117,CREDIT,5000.00,ACTIVE
ACC-9708,CUST-779,CREDIT,15000.00,ACTIVE
ACC-9709,CUST-835,CREDIT,2500.00,ACTIVE
ACC-9710,CUST-187,DEBIT,0.00,ACTIVE
ACC-9711,CUST-692,DEBIT,0.00,ACTIVE
ACC-9712,CUST-331,CREDIT,5000.00,ACTIVE
ACC-9713,CUST-383,DEBIT,0.00,ACTIVE
ACC-9714,CUST-176,DEBIT,0.00,ACTIVE
ACC-9715,CUST-651,CREDIT,1000.00,ACTIVE
ACC-9716,CUST-327,DEBIT,0.00,ACTIVE
ACC-9717,CUST-750,CREDIT,2500.00,ACTIVE
ACC-9718,CUST-657,CREDIT,10000.00,ACTIVE
ACC-9719,CUST-252,CREDIT,5000.00,ACTIVE
ACC-9720,CUST-643,CREDIT,1000.00,ACTIVE
ACC-9721,CUST-737,CREDIT,1000.00,ACTIVE
ACC-9722,CUST-863,DEBIT,0.00,ACTIVE
ACC-9723,CUST-115,CREDIT,15000.00,ACTIVE
ACC-9724,CUST-680,DEBIT,0.00,ACTIVE
ACC-9725,CUST-518,CREDIT,5000.00,ACTIVE
ACC-9726,CUST-731,CREDIT,10000.00,ACTIVE
ACC-9727,CUST-322,DEBIT,0.00,ACTIVE
ACC-9728,CUST-584,DEBIT,0.00,ACTIVE
ACC-9729,CUST-991,CREDIT,5000.00,ACTIVE
ACC-9730,CUST-885,CREDIT,2500.00,ACTIVE
ACC-9731,CUST-645,DEBIT,0.00,ACTIVE
ACC-9732,CUST-605,CREDIT,25000.00,ACTIVE
ACC-9733,CUST-418,DEBIT,0.00,ACTIVE
ACC-9734,CUST-429,CREDIT,2500.00,ACTIVE
ACC-9735,CUST-577,CREDIT,1000.00,ACTIVE
ACC-9736,CUST-875,DEBIT,0.00,ACTIVE
ACC-9737,CUST-355,CREDIT,1000.00,ACTIVE
ACC-9738,CUST-853,CREDIT,5000.00,ACTIVE
ACC-9739,CUST-262,CREDIT,15000.00,ACTIVE
ACC-9740,CUST-584,CREDIT,5000.00,ACTIVE
ACC-9741,CUST-645,CREDIT,10000.00,ACTIVE
ACC-9742,CUST-406,CREDIT,15000.00,ACTIVE
ACC-9743,CUST-557,CREDIT,25000.00,ACTIVE
ACC-9744,CUST-740,CREDIT,25000.00,ACTIVE
ACC-9745,CUST-962,CREDIT,2500.00,ACTIVE
ACC-9746,CUST-499,DEBIT,0.00,ACTIVE
ACC-9747,CUST-480,CREDIT,15000.00,ACTIVE
ACC-9748,CUST-505,DEBIT,0.00,ACTIVE
ACC-9749,CUST-592,CREDIT,25000.00,ACTIVE
ACC-9750,CUST-184,DEBIT,0.00,ACTIVE
ACC-9751,CUST-750,CREDIT,5000.00,ACTIVE
ACC-9752,CUST-496,DEBIT,0.00,ACTIVE
ACC-9753,CUST-705,CREDIT,5000.00,ACTIVE
ACC-9754,CUST-413,DEBIT,0.00,ACTIVE
ACC-9755,CUST-309,CREDIT,10000.00,ACTIVE
ACC-9756,CUST-970,CREDIT,15000.00,ACTIVE
ACC-9757,CUST-471,CREDIT,1000.00,ACTIVE
ACC-9758,CUST-904,CREDIT,2500.00,ACTIVE
ACC-9759,CUST-542,CREDIT,10000.00,ACTIVE
ACC-9760,CUST-194,DEBIT,0.00,ACTIVE
ACC-9761,CUST-910,CREDIT,1000.00,ACTIVE
ACC-9762,CUST-714,CREDIT,2500.00,ACTIVE
ACC-9763,CUST-655,CREDIT,5000.00,ACTIVE
ACC-9764,CUST-834,DEBIT,0.00,ACTIVE
ACC-9765,CUST-636,CREDIT,1000.00,ACTIVE
ACC-9766,CUST-154,CREDIT,10000.00,ACTIVE
ACC-9767,CUST-928,DEBIT,0.00,BLOCKED
ACC-9768,CUST-686,DEBIT,0.00,ACTIVE
ACC-9769,CUST-322,CREDIT,10000.00,ACTIVE
ACC-9770,CUST-602,CREDIT,2500.00,ACTIVE
ACC-9771,CUST-146,DEBIT,0.00,ACTIVE
ACC-9772,CUST-220,DEBIT,0.00,ACTIVE
ACC-9773,CUST-716,CREDIT,2500.00,ACTIVE
ACC-9774,CUST-549,CREDIT,15000.00,ACTIVE
ACC-9775,CUST-220,CREDIT,10000.00,ACTIVE
ACC-9776,CUST-999,DEBIT,0.00,ACTIVE
ACC-9777,CUST-323,DEBIT,0.00,ACTIVE
ACC-9778,CUST-417,DEBIT,0.00,ACTIVE
ACC-9779,CUST-361,CREDIT,25000.00,ACTIVE
ACC-9780,CUST-494,CREDIT,1000.00,ACTIVE
ACC-9781,CUST-103,CREDIT,5000.00,ACTIVE
ACC-9782,CUST-834,DEBIT,0.00,ACTIVE
ACC-9783,CUST-223,CREDIT,15000.00,ACTIVE
ACC-9784,CUST-803,DEBIT,0.00,ACTIVE
ACC-9785,CUST-948,CREDIT,2500.00,ACTIVE
ACC-9786,CUST-615,DEBIT,0.00,ACTIVE
ACC-9787,CUST-668,CREDIT,15000.00,ACTIVE
ACC-9788,CUST-236,DEBIT,0.00,ACTIVE
ACC-9789,CUST-713,CREDIT,25000.00,ACTIVE
ACC-9790,CUST-839,CREDIT,1000.00,ACTIVE
ACC-9791,CUST-958,DEBIT,0.00,ACTIVE
ACC-9792,CUST-137,CREDIT,2500.00,ACTIVE
ACC-9793,CUST-506,DEBIT,0.00,ACTIVE
ACC-9794,CUST-337,CREDIT,5000.00,ACTIVE
ACC-9795,CUST-370,CREDIT,2500.00,ACTIVE
ACC-9796,CUST-844,CREDIT,5000.00,ACTIVE
ACC-9797,CUST-633,CREDIT,15000.00,ACTIVE
ACC-9798,CUST-917,DEBIT,0.00,BLOCKED
ACC-9799,CUST-367,CREDIT,1000.00,ACTIVE
ACC-9800,CUST-867,CREDIT,1000.00,ACTIVE
ACC-9801,CUST-585,CREDIT,15000.00,ACTIVE
ACC-9802,CUST-672,DEBIT,0.00,ACTIVE
ACC-9803,CUST-908,DEBIT,0.00,ACTIVE
ACC-9804,CUST-197,CREDIT,25000.00,ACTIVE
ACC-9805,CUST-693,CREDIT,10000.00,ACTIVE
ACC-9806,CUST-939,CREDIT,5000.00,ACTIVE
ACC-9807,CUST-686,CREDIT,25000.00,ACTIVE
ACC-9808,CUST-737,DEBIT,0.00,ACTIVE
ACC-9809,CUST-206,CREDIT,15000.00,ACTIVE
ACC-9810,CUST-805,CREDIT,10000.00,ACTIVE
ACC-9811,CUST-600,CREDIT,15000.00,ACTIVE
ACC-9812,CUST-587,CREDIT,10000.00,ACTIVE
ACC-9813,CUST-907,CREDIT,15000.00,ACTIVE
ACC-9814,CUST-894,CREDIT,1000.00,ACTIVE
ACC-9815,CUST-709,CREDIT,10000.00,ACTIVE
ACC-9816,CUST-933,CREDIT,5000.00,ACTIVE
ACC-9817,CUST-660,DEBIT,0.00,ACTIVE
ACC-9818,CUST-283,DEBIT,0.00,ACTIVE
ACC-9819,CUST-296,CREDIT,10000.00,ACTIVE
ACC-9820,CUST-930,CREDIT,15000.00,ACTIVE
ACC-9821,CUST-986,CREDIT,10000.00,ACTIVE
ACC-9822,CUST-329,CREDIT,1000.00,ACTIVE
ACC-9823,CUST-100,CREDIT,5000.00,ACTIVE
ACC-9824,CUST-522,CREDIT,2500.00,ACTIVE
ACC-9825,CUST-260,DEBIT,0.00,ACTIVE
ACC-9826,CUST-699,DEBIT,0.00,ACTIVE
ACC-9827,CUST-843,CREDIT,1000.00,ACTIVE
ACC-9828,CUST-493,CREDIT,10000.00,ACTIVE
ACC-9829,CUST-356,DEBIT,0.00,ACTIVE
ACC-9830,CUST-118,DEBIT,0.00,ACTIVE
ACC-9831,CUST-774,CREDIT,25000.00,BLOCKED
ACC-9832,CUST-592,CREDIT,1000.00,ACTIVE
ACC-9833,CUST-490,CREDIT,25000.00,ACTIVE
ACC-9834,CUST-782,CREDIT,15000.00,ACTIVE
ACC-9835,CUST-137,CREDIT,10000.00,ACTIVE
ACC-9836,CUST-920,CREDIT,10000.00,ACTIVE
ACC-9837,CUST-542,CREDIT,2500.00,ACTIVE
ACC-9838,CUST-472,CREDIT,25000.00,ACTIVE
ACC-9839,CUST-549,CREDIT,10000.00,ACTIVE
ACC-9840,CUST-471,DEBIT,0.00,ACTIVE
ACC-9841,CUST-964,CREDIT,10000.00,ACTIVE
ACC-9842,CUST-798,DEBIT,0.00,ACTIVE
ACC-9843,CUST-997,CREDIT,2500.00,ACTIVE
ACC-9844,CUST-797,CREDIT,1000.00,ACTIVE
ACC-9845,CUST-953,CREDIT,25000.00,ACTIVE
ACC-9846,CUST-310,DEBIT,0.00,ACTIVE
ACC-9847,CUST-970,CREDIT,2500.00,ACTIVE
ACC-9848,CUST-448,CREDIT,15000.00,ACTIVE
ACC-9849,CUST-988,CREDIT,15000.00,ACTIVE
ACC-9850,CUST-164,CREDIT,15000.00,ACTIVE
ACC-9851,CUST-719,CREDIT,15000.00,ACTIVE
ACC-9852,CUST-590,CREDIT,5000.00,ACTIVE
ACC-9853,CUST-950,DEBIT,0.00,ACTIVE
ACC-9854,CUST-299,CREDIT,2500.00,ACTIVE
ACC-9855,CUST-378,DEBIT,0.00,ACTIVE
ACC-9856,CUST-491,DEBIT,0.00,ACTIVE
ACC-9857,CUST-604,CREDIT,10000.00,ACTIVE
ACC-9858,CUST-883,DEBIT,0.00,ACTIVE
ACC-9859,CUST-927,DEBIT,0.00,ACTIVE
ACC-9860,CUST-442,DEBIT,0.00,ACTIVE
ACC-9861,CUST-494,CREDIT,25000.00,ACTIVE
ACC-9862,CUST-553,CREDIT,15000.00,ACTIVE
ACC-9863,CUST-962,DEBIT,0.00,ACTIVE
ACC-9864,CUST-974,CREDIT,25000.00,ACTIVE
ACC-9865,CUST-763,CREDIT,5000.00,ACTIVE
ACC-9866,CUST-124,CREDIT,25000.00,ACTIVE
ACC-9867,CUST-607,DEBIT,0.00,ACTIVE
ACC-9868,CUST-842,CREDIT,25000.00,ACTIVE
ACC-9869,CUST-507,CREDIT,25000.00,ACTIVE
ACC-9870,CUST-364,CREDIT,2500.00,ACTIVE
ACC-9871,CUST-924,CREDIT,1000.00,ACTIVE
ACC-9872,CUST-987,DEBIT,0.00,ACTIVE
ACC-9873,CUST-593,DEBIT,0.00,ACTIVE
ACC-9874,CUST-321,CREDIT,5000.00,ACTIVE
ACC-9875,CUST-512,CREDIT,15000.00,ACTIVE
ACC-9876,CUST-223,CREDIT,2500.00,ACTIVE
ACC-9877,CUST-858,CREDIT,15000.00,ACTIVE
ACC-9878,CUST-930,CREDIT,25000.00,ACTIVE
ACC-9879,CUST-569,DEBIT,0.00,ACTIVE
ACC-9880,CUST-101,CREDIT,5000.00,ACTIVE
ACC-9881,CUST-280,DEBIT,0.00,ACTIVE
ACC-9882,CUST-958,DEBIT,0.00,ACTIVE
ACC-9883,CUST-855,CREDIT,1000.00,ACTIVE
ACC-9884,CUST-628,DEBIT,0.00,ACTIVE
ACC-9885,CUST-695,CREDIT,15000.00,ACTIVE
ACC-9886,CUST-504,CREDIT,2500.00,ACTIVE
ACC-9887,CUST-808,CREDIT,25000.00,ACTIVE
ACC-9888,CUST-503,DEBIT,0.00,ACTIVE
ACC-9889,CUST-353,DEBIT,0.00,ACTIVE
ACC-9890,CUST-301,CREDIT,2500.00,ACTIVE
ACC-9891,CUST-585,DEBIT,0.00,ACTIVE
ACC-9892,CUST-901,CREDIT,5000.00,ACTIVE
ACC-9893,CUST-935,CREDIT,15000.00,ACTIVE
ACC-9894,CUST-743,CREDIT,1000.00,ACTIVE
ACC-9895,CUST-646,CREDIT,1000.00,ACTIVE
ACC-9896,CUST-501,CREDIT,15000.00,ACTIVE
ACC-9897,CUST-572,CREDIT,15000.00,ACTIVE
ACC-9898,CUST-630,CREDIT,25000.00,ACTIVE
ACC-9899,CUST-122,CREDIT,2500.00,ACTIVE
ACC-9900,CUST-429,CREDIT,5000.00,ACTIVE
ACC-9901,CUST-822,CREDIT,25000.00,ACTIVE
ACC-9902,CUST-315,DEBIT,0.00,ACTIVE
ACC-9903,CUST-927,DEBIT,0.00,ACTIVE
ACC-9904,CUST-886,DEBIT,0.00,ACTIVE
ACC-9905,CUST-290,CREDIT,2500.00,ACTIVE
ACC-9906,CUST-513,DEBIT,0.00,ACTIVE
ACC-9907,CUST-543,DEBIT,0.00,ACTIVE
ACC-9908,CUST-187,DEBIT,0.00,ACTIVE
ACC-9909,CUST-222,CREDIT,25000.00,ACTIVE
ACC-9910,CUST-344,DEBIT,0.00,ACTIVE
ACC-9911,CUST-197,DEBIT,0.00,ACTIVE
ACC-9912,CUST-230,DEBIT,0.00,ACTIVE
ACC-9913,CUST-712,CREDIT,10000.00,ACTIVE
ACC-9914,CUST-788,CREDIT,15000.00,ACTIVE
ACC-9915,CUST-354,CREDIT,25000.00,ACTIVE
ACC-9916,CUST-442,CREDIT,15000.00,ACTIVE
ACC-9917,CUST-111,DEBIT,0.00,ACTIVE
ACC-9918,CUST-743,CREDIT,1000.00,ACTIVE
ACC-9919,CUST-756,DEBIT,0.00,ACTIVE
ACC-9920,CUST-373,CREDIT,1000.00,ACTIVE
ACC-9921,CUST-640,CREDIT,1000.00,ACTIVE
ACC-9922,CUST-408,CREDIT,15000.00,ACTIVE
ACC-9923,CUST-300,CREDIT,25000.00,ACTIVE
ACC-9924,CUST-629,DEBIT,0.00,ACTIVE
ACC-9925,CUST-318,DEBIT,0.00,ACTIVE
ACC-9926,CUST-806,CREDIT,5000.00,ACTIVE
ACC-9927,CUST-998,DEBIT,0.00,ACTIVE
ACC-9928,CUST-626,CREDIT,2500.00,ACTIVE
ACC-9929,CUST-987,CREDIT,1000.00,ACTIVE
ACC-9930,CUST-779,CREDIT,15000.00,ACTIVE
ACC-9931,CUST-362,DEBIT,0.00,ACTIVE
ACC-9932,CUST-862,CREDIT,1000.00,ACTIVE
ACC-9933,CUST-948,CREDIT,25000.00,ACTIVE
ACC-9934,CUST-142,CREDIT,5000.00,BLOCKED
ACC-9935,CUST-423,CREDIT,25000.00,ACTIVE
ACC-9936,CUST-124,DEBIT,0.00,ACTIVE
ACC-9937,CUST-134,CREDIT,2500.00,BLOCKED
ACC-9938,CUST-965,CREDIT,5000.00,ACTIVE
ACC-9939,CUST-533,DEBIT,0.00,ACTIVE
ACC-9940,CUST-470,CREDIT,1000.00,ACTIVE
ACC-9941,CUST-233,CREDIT,25000.00,ACTIVE
ACC-9942,CUST-511,CREDIT,15000.00,ACTIVE
ACC-9943,CUST-714,CREDIT,2500.00,ACTIVE
ACC-9944,CUST-351,DEBIT,0.00,ACTIVE
ACC-9945,CUST-103,CREDIT,10000.00,ACTIVE
ACC-9946,CUST-711,DEBIT,0.00,ACTIVE
ACC-9947,CUST-381,CREDIT,1000.00,ACTIVE
ACC-9948,CUST-923,DEBIT,0.00,ACTIVE
ACC-9949,CUST-267,CREDIT,10000.00,ACTIVE
ACC-9950,CUST-743,CREDIT,2500.00,ACTIVE
ACC-9951,CUST-434,CREDIT,2500.00,ACTIVE
ACC-9952,CUST-180,CREDIT,5000.00,ACTIVE
ACC-9953,CUST-816,DEBIT,0.00,ACTIVE
ACC-9954,CUST-629,CREDIT,25000.00,ACTIVE
ACC-9955,CUST-995,CREDIT,1000.00,ACTIVE
ACC-9956,CUST-343,CREDIT,25000.00,ACTIVE
ACC-9957,CUST-454,DEBIT,0.00,ACTIVE
ACC-9958,CUST-322,CREDIT,5000.00,ACTIVE
ACC-9959,CUST-874,DEBIT,0.00,ACTIVE
ACC-9960,CUST-309,DEBIT,0.00,ACTIVE
ACC-9961,CUST-253,CREDIT,15000.00,ACTIVE
ACC-9962,CUST-796,CREDIT,25000.00,ACTIVE
ACC-9963,CUST-483,CREDIT,15000.00,ACTIVE
ACC-9964,CUST-597,DEBIT,0.00,ACTIVE
ACC-9965,CUST-627,CREDIT,25000.00,ACTIVE
ACC-9966,CUST-381,DEBIT,0.00,ACTIVE
ACC-9967,CUST-988,DEBIT,0.00,ACTIVE
ACC-9968,CUST-289,DEBIT,0.00,ACTIVE
ACC-9969,CUST-578,DEBIT,0.00,ACTIVE
ACC-9970,CUST-902,DEBIT,0.00,ACTIVE
ACC-9971,CUST-446,CREDIT,25000.00,ACTIVE
ACC-9972,CUST-625,CREDIT,2500.00,ACTIVE
ACC-9973,CUST-972,CREDIT,10000.00,ACTIVE
ACC-9974,CUST-410,DEBIT,0.00,ACTIVE
ACC-9975,CUST-205,CREDIT,15000.00,ACTIVE
ACC-9976,CUST-944,DEBIT,0.00,ACTIVE
ACC-9977,CUST-667,DEBIT,0.00,ACTIVE
ACC-9978,CUST-830,CREDIT,25000.00,ACTIVE
ACC-9979,CUST-622,DEBIT,0.00,ACTIVE
ACC-9980,CUST-516,CREDIT,25000.00,ACTIVE
ACC-9981,CUST-440,DEBIT,0.00,ACTIVE
ACC-9982,CUST-469,CREDIT,10000.00,ACTIVE
ACC-9983,CUST-919,CREDIT,5000.00,ACTIVE
ACC-9984,CUST-981,DEBIT,0.00,ACTIVE
ACC-9985,CUST-163,CREDIT,15000.00,ACTIVE
ACC-9986,CUST-256,CREDIT,25000.00,ACTIVE
ACC-9987,CUST-886,CREDIT,5000.00,ACTIVE
ACC-9988,CUST-604,DEBIT,0.00,ACTIVE
ACC-9989,CUST-478,CREDIT,15000.00,ACTIVE
ACC-9990,CUST-322,CREDIT,25000.00,ACTIVE
ACC-9991,CUST-854,CREDIT,2500.00,ACTIVE
ACC-9992,CUST-581,CREDIT,2500.00,ACTIVE
ACC-9993,CUST-827,CREDIT,1000.00,ACTIVE
ACC-9994,CUST-714,CREDIT,5000.00,ACTIVE
ACC-9995,CUST-417,DEBIT,0.00,ACTIVE
ACC-9996,CUST-371,CREDIT,25000.00,ACTIVE
ACC-9997,CUST-208,DEBIT,0.00,ACTIVE
ACC-9998,CUST-677,CREDIT,2500.00,ACTIVE
ACC-9999,CUST-600,CREDIT,10000.00,ACTIVE
