merchant_id,merchant_name,category,country,created_at
MERCH-1000,Services Prime 1000,services,BR,2019-03-25 16:02:00
MERCH-1001,Retail Max 1001,retail,BR,2022-09-04 04:59:00
MERCH-1002,Food Max 1002,food,BR,2018-03-29 00:13:00
MERCH-1003,Electronics Plus 1003,electronics,US,2021-06-09 03:53:00
MERCH-1004,Travel Nova 1004,travel,FR,2022-12-23 17:19:00
MERCH-1005,Entertainment Central 1005,entertainment,BR,2020-12-30 00:37:00
MERCH-1006,Health Prime 1006,health,BR,2019-03-28 01:49:00
MERCH-1007,Services Plus 1007,services,FR,2019-03-06 16:45:00
MERCH-1008,Retail Plus 1008,retail,BR,2021-03-03 05:20:00
MERCH-1009,Food Global 1009,food,BR,2018-07-02 18:48:00
MERCH-1010,Electronics Max 1010,electronics,FR,2018-11-26 15:33:00
MERCH-1011,Travel Global 1011,travel,BR,2020-03-15 19:07:00
MERCH-1012,Entertainment Plus 1012,entertainment,BR,2023-01-30 07:23:00
MERCH-1013,Health Central 1013,health,BR,2020-09-14 08:45:00
MERCH-1014,Services Max 1014,services,UK,2020-09-06 19:21:00
MERCH-1015,Retail Global 1015,retail,BR,2020-04-24 01:47:00
MERCH-1016,Food Max 1016,food,BR,2022-12-19 02:59:00
MERCH-1017,Electronics Max 1017,electronics,BR,2021-06-21 10:35:00
MERCH-1018,Travel Prime 1018,travel,UK,2021-05-19 21:08:00
MERCH-1019,Entertainment Global 1019,entertainment,BR,2019-08-16 20:17:00
MERCH-1020,Health Plus 1020,health,US,2023-07-31 00:29:00
MERCH-1021,Services Top 1021,services,BR,2022-01-22 11:54:00
MERCH-1022,Retail Max 1022,retail,BR,2018-01-23 15:45:00
MERCH-1023,Food Prime 1023,food,UK,2018-03-29 07:00:00
MERCH-1024,Electronics Top 1024,electronics,BR,2023-09-21 23:38:00
MERCH-1025,Travel Nova 1025,travel,BR,2019-08-09 05:32:00
MERCH-1026,Entertainment Plus 1026,entertainment,BR,2018-09-16 15:10:00
MERCH-1027,Health Max 1027,health,US,2023-06-06 01:52:00
MERCH-1028,Services Max 1028,services,BR,2019-04-08 04:13:00
MERCH-1029,Retail Plus 1029,retail,BR,2022-08-26 07:36:00
MERCH-1030,Food Global 1030,food,UK,2021-02-12 18:43:00
MERCH-1031,Electronics Top 1031,electronics,UK,2018-05-15 15:25:00
MERCH-1032,Travel Global 1032,travel,FR,2018-07-19 17:11:00
MERCH-1033,Entertainment Top 1033,entertainment,UK,2018-04-15 23:51:00
MERCH-1034,Health Max 1034,health,FR,2023-02-26 06:44:00
MERCH-1035,Services Central 1035,services,BR,2018-09-14 07:18:00
MERCH-1036,Retail Max 1036,retail,UK,2020-12-18 23:05:00
MERCH-1037,Food Global 1037,food,BR,2022-10-06 12:30:00
MERCH-1038,Electronics Prime 1038,electronics,BR,2018-11-11 15:37:00
MERCH-1039,Travel Global 1039,travel,BR,2019-05-20 12:21:00
MERCH-1040,Entertainment Express 1040,entertainment,BR,2021-03-28 06:16:00
MERCH-1041,Health Central 1041,health,UK,2018-04-07 01:21:00
MERCH-1042,Services Global 1042,services,FR,2023-06-22 00:56:00
MERCH-1043,Retail Global 1043,retail,BR,2023-08-24 01:51:00
MERCH-1044,Food Top 1044,food,US,2019-12-09 18:29:00
MERCH-1045,Electronics Central 1045,electronics,BR,2019-06-23 16:18:00
MERCH-1046,Travel Global 1046,travel,UK,2022-05-02 14:26:00
MERCH-1047,Entertainment Plus 1047,entertainment,BR,2022-02-19 23:57:00
MERCH-1048,Health Prime 1048,health,UK,2022-06-18 22:42:00
MERCH-1049,Services Global 1049,services,BR,2022-03-19 12:47:00
MERCH-1050,Retail Nova 1050,retail,UK,2021-08-03 02:55:00
MERCH-1051,Food Prime 1051,food,US,2021-04-15 15:51:00
MERCH-1052,Electronics Top 1052,electronics,BR,2021-03-23 06:16:00
MERCH-1053,Travel Nova 1053,travel,FR,2019-01-29 13:11:00
MERCH-1054,Entertainment Central 1054,entertainment,BR,2022-05-03 13:49:00
MERCH-1055,Health Nova 1055,health,FR,2022-02-01 18:35:00
MERCH-1056,Services Prime 1056,services,BR,2019-06-25 13:58:00
MERCH-1057,Retail Express 1057,retail,US,2023-12-04 17:31:00
MERCH-1058,Food Top 1058,food,US,2020-04-30 19:24:00
MERCH-1059,Electronics Nova 1059,electronics,FR,2019-03-10 16:48:00
MERCH-1060,Travel Top 1060,travel,BR,2020-06-13 01:38:00
MERCH-1061,Entertainment Central 1061,entertainment,US,2020-01-21 11:32:00
MERCH-1062,Health Global 1062,health,BR,2023-06-16 22:43:00
MERCH-1063,Services Plus 1063,services,US,2022-10-12 12:04:00
MERCH-1064,Retail Top 1064,retail,US,2019-11-29 22:30:00
MERCH-1065,Food Max 1065,food,BR,2022-02-18 14:37:00
MERCH-1066,Electronics Plus 1066,electronics,BR,2021-07-16 03:45:00
MERCH-1067,Travel Nova 1067,travel,UK,2022-11-10 23:01:00
MERCH-1068,Entertainment Express 1068,entertainment,US,2020-06-25 03:28:00
MERCH-1069,Health Plus 1069,health,BR,2023-04-18 07:35:00
MERCH-1070,Services Nova 1070,services,US,2020-01-20 06:38:00
MERCH-1071,Retail Global 1071,retail,UK,2022-07-16 10:32:00
MERCH-1072,Food Max 1072,food,BR,2019-12-28 04:49:00
MERCH-1073,Electronics Max 1073,electronics,US,2020-08-20 00:19:00
MERCH-1074,Travel Top 1074,travel,FR,2020-06-24 17:08:00
MERCH-1075,Entertainment Express 1075,entertainment,UK,2019-07-25 20:17:00
MERCH-1076,Health Nova 1076,health,BR,2018-01-30 19:36:00
MERCH-1077,Services Top 1077,services,BR,2022-08-27 02:08:00
MERCH-1078,Retail Top 1078,retail,UK,2020-02-21 09:21:00
MERCH-1079,Food Top 1079,food,US,2021-02-11 08:01:00
MERCH-1080,Electronics Prime 1080,electronics,FR,2018-12-21 13:54:00
MERCH-1081,Travel Express 1081,travel,UK,2019-02-10 04:09:00
MERCH-1082,Entertainment Express 1082,entertainment,FR,2019-12-09 18:27:00
MERCH-1083,Health Express 1083,health,US,2020-02-15 14:59:00
MERCH-1084,Services Plus 1084,services,BR,2019-02-05 02:55:00
MERCH-1085,Retail Central 1085,retail,US,2019-10-22 21:26:00
MERCH-1086,Food Global 1086,food,US,2019-11-03 02:23:00
MERCH-1087,Electronics Nova 1087,electronics,US,2018-06-05 01:18:00
MERCH-1088,Travel Prime 1088,travel,UK,2019-08-17 11:20:00
MERCH-1089,Entertainment Top 1089,entertainment,BR,2021-12-03 21:05:00
MERCH-1090,Health Max 1090,health,UK,2021-12-15 01:00:00
MERCH-1091,Services Global 1091,services,BR,2018-05-30 21:09:00
MERCH-1092,Retail Max 1092,retail,UK,2020-08-12 22:56:00
MERCH-1093,Food Top 1093,food,BR,2023-06-23 12:51:00
MERCH-1094,Electronics Plus 1094,electronics,US,2023-04-14 22:33:00
MERCH-1095,Travel Max 1095,travel,UK,2021-09-02 22:31:00
MERCH-1096,Entertainment Top 1096,entertainment,FR,2022-06-24 20:15:00
MERCH-1097,Health Central 1097,health,BR,2018-06-07 14:41:00
MERCH-1098,Services Max 1098,services,FR,2018-07-15 10:53:00
MERCH-1099,Retail Express 1099,retail,FR,2021-02-26 06:22:00
MERCH-1100,Food Plus 1100,food,US,2023-03-14 02:14:00
MERCH-1101,Electronics Nova 1101,electronics,BR,2023-02-05 15:39:00
MERCH-1102,Travel Nova 1102,travel,US,2019-09-18 18:05:00
MERCH-1103,Entertainment Global 1103,entertainment,US,2019-04-28 08:53:00
MERCH-1104,Health Central 1104,health,US,2020-12-06 20:15:00
MERCH-1105,Services Prime 1105,services,US,2020-01-14 18:57:00
MERCH-1106,Retail Max 1106,retail,BR,2019-07-16 19:29:00
MERCH-1107,Food Nova 1107,food,BR,2019-06-02 05:09:00
MERCH-1108,Electronics Central 1108,electronics,BR,2020-04-30 01:02:00
MERCH-1109,Travel Prime 1109,travel,UK,2023-06-19 04:48:00
MERCH-1110,Entertainment Top 1110,entertainment,BR,2021-07-14 13:18:00
MERCH-1111,Health Plus 1111,health,BR,2023-09-15 15:12:00
MERCH-1112,Services Max 1112,services,BR,2019-02-04 21:07:00
MERCH-1113,Retail Global 1113,retail,BR,2020-08-06 22:52:00
MERCH-1114,Food Prime 1114,food,UK,2022-07-24 01:10:00
MERCH-1115,Electronics Max 1115,electronics,FR,2023-05-08 11:13:00
MERCH-1116,Travel Central 1116,travel,US,2020-09-18 06:53:00
MERCH-1117,Entertainment Max 1117,entertainment,BR,2023-01-02 06:54:00
MERCH-1118,Health Global 1118,health,BR,2019-10-14 20:37:00
MERCH-1119,Services Max 1119,services,UK,2018-05-25 15:37:00
MERCH-1120,Retail Prime 1120,retail,BR,2022-12-29 02:08:00
MERCH-1121,Food Global 1121,food,BR,2019-06-25 16:27:00
MERCH-1122,Electronics Plus 1122,electronics,US,2021-05-17 23:48:00
MERCH-1123,Travel Global 1123,travel,US,2019-06-27 06:00:00
MERCH-1124,Entertainment Central 1124,entertainment,BR,2020-03-24 01:56:00
MERCH-1125,Health Global 1125,health,UK,2019-08-19 12:27:00
MERCH-1126,Services Prime 1126,services,US,2018-01-05 13:19:00
MERCH-1127,Retail Central 1127,retail,UK,2023-12-08 00:18:00
MERCH-1128,Food Prime 1128,food,US,2023-11-16 17:33:00
MERCH-1129,Electronics Central 1129,electronics,BR,2018-04-22 03:35:00
MERCH-1130,Travel Express 1130,travel,UK,2019-01-05 15:37:00
MERCH-1131,Entertainment Prime 1131,entertainment,BR,2022-03-21 01:56:00
MERCH-1132,Health Max 1132,health,FR,2021-08-30 07:22:00
MERCH-1133,Services Nova 1133,services,US,2022-08-18 11:25:00
MERCH-1134,Retail Max 1134,retail,UK,2022-12-06 10:44:00
MERCH-1135,Food Central 1135,food,BR,2020-08-30 02:58:00
MERCH-1136,Electronics Plus 1136,electronics,FR,2018-02-25 04:23:00
MERCH-1137,Travel Express 1137,travel,UK,2020-10-20 08:56:00
MERCH-1138,Entertainment Top 1138,entertainment,BR,2018-10-06 16:41:00
MERCH-1139,Health Nova 1139,health,BR,2019-09-20 21:21:00
MERCH-1140,Services Global 1140,services,BR,2018-05-11 08:03:00
MERCH-1141,Retail Central 1141,retail,US,2023-01-02 18:12:00
MERCH-1142,Food Plus 1142,food,FR,2023-11-01 20:40:00
MERCH-1143,Electronics Max 1143,electronics,BR,2018-12-26 17:27:00
MERCH-1144,Travel Central 1144,travel,BR,2021-05-31 22:49:00
MERCH-1145,Entertainment Central 1145,entertainment,BR,2022-10-01 01:10:00
MERCH-1146,Health Express 1146,health,US,2018-11-13 17:07:00
MERCH-1147,Services Plus 1147,services,BR,2020-04-17 09:45:00
MERCH-1148,Retail Global 1148,retail,BR,2021-09-01 13:26:00
MERCH-1149,Food Nova 1149,food,BR,2021-07-26 00:21:00
MERCH-1150,Electronics Express 1150,electronics,BR,2018-05-08 08:44:00
MERCH-1151,Travel Global 1151,travel,UK,2018-08-29 20:04:00
MERCH-1152,Entertainment Express 1152,entertainment,BR,2021-07-15 16:46:00
MERCH-1153,Health Global 1153,health,BR,2018-09-11 08:56:00
MERCH-1154,Services Top 1154,services,US,2021-05-22 20:36:00
MERCH-1155,Retail Max 1155,retail,BR,2021-03-05 16:14:00
MERCH-1156,Food Express 1156,food,BR,2019-10-08 15:25:00
MERCH-1157,Electronics Top 1157,electronics,US,2018-09-09 19:08:00
MERCH-1158,Travel Max 1158,travel,UK,2020-09-16 14:25:00
MERCH-1159,Entertainment Central 1159,entertainment,BR,2021-05-04 00:39:00
MERCH-1160,Health Nova 1160,health,BR,2021-08-14 11:10:00
MERCH-1161,Services Max 1161,services,BR,2020-09-12 13:55:00
MERCH-1162,Retail Top 1162,retail,BR,2021-08-23 19:49:00
MERCH-1163,Food Central 1163,food,BR,2023-05-19 11:37:00
MERCH-1164,Electronics Top 1164,electronics,US,2023-01-07 06:14:00
MERCH-1165,Travel Central 1165,travel,US,2019-02-24 08:28:00
MERCH-1166,Entertainment Max 1166,entertainment,BR,2018-11-25 08:43:00
MERCH-1167,Health Central 1167,health,FR,2020-11-03 15:26:00
MERCH-1168,Services Top 1168,services,US,2022-05-21 13:56:00
MERCH-1169,Retail Central 1169,retail,UK,2021-05-26 14:08:00
MERCH-1170,Food Central 1170,food,US,2020-07-18 18:10:00
MERCH-1171,Electronics Prime 1171,electronics,BR,2018-07-26 19:07:00
MERCH-1172,Travel Prime 1172,travel,UK,2023-07-26 13:27:00
MERCH-1173,Entertainment Prime 1173,entertainment,US,2021-01-20 18:38:00
MERCH-1174,Health Global 1174,health,BR,2019-06-09 22:52:00
MERCH-1175,Services Max 1175,services,UK,2019-07-01 11:49:00
MERCH-1176,Retail Global 1176,retail,BR,2023-07-22 00:13:00
MERCH-1177,Food Central 1177,food,BR,2023-01-08 23:17:00
MERCH-1178,Electronics Nova 1178,electronics,BR,2022-03-23 22:28:00
MERCH-1179,Travel Max 1179,travel,US,2018-08-27 13:16:00
MERCH-1180,Entertainment Max 1180,entertainment,BR,2021-10-09 22:42:00
MERCH-1181,Health Plus 1181,health,BR,2022-08-22 06:29:00
MERCH-1182,Services Global 1182,services,BR,2019-02-28 03:49:00
MERCH-1183,Retail Global 1183,retail,BR,2018-04-04 09:39:00
MERCH-1184,Food Nova 1184,food,US,2019-05-30 11:51:00
MERCH-1185,Electronics Nova 1185,electronics,FR,2021-04-15 19:24:00
MERCH-1186,Travel Max 1186,travel,FR,2023-01-04 09:58:00
MERCH-1187,Entertainment Max 1187,entertainment,BR,2023-11-24 02:54:00
MERCH-1188,Health Central 1188,health,FR,2019-02-20 14:22:00
MERCH-1189,Services Central 1189,services,BR,2020-06-06 04:11:00
MERCH-1190,Retail Prime 1190,retail,FR,2020-07-29 18:54:00
MERCH-1191,Food Nova 1191,food,UK,2022-05-05 14:26:00
MERCH-1192,Electronics Central 1192,electronics,BR,2020-07-09 14:23:00
MERCH-1193,Travel Central 1193,travel,BR,2022-11-03 09:48:00
MERCH-1194,Entertainment Global 1194,entertainment,US,2020-04-08 11:19:00
MERCH-1195,Health Max 1195,health,BR,2023-10-09 01:40:00
MERCH-1196,Services Global 1196,services,BR,2021-04-28 13:46:00
MERCH-1197,Retail Global 1197,retail,BR,2018-01-19 23:18:00
MERCH-1198,Food Plus 1198,food,BR,2023-08-27 03:30:00
MERCH-1199,Electronics Nova 1199,electronics,US,2019-07-18 15:10:00
MERCH-1200,Travel Central 1200,travel,UK,2018-01-09 10:35:00
MERCH-1201,Entertainment Nova 1201,entertainment,US,2018-12-15 02:54:00
MERCH-1202,Health Nova 1202,health,US,2019-11-11 11:57:00
MERCH-1203,Services Plus 1203,services,FR,2018-04-07 03:12:00
MERCH-1204,Retail Express 1204,retail,US,2018-10-07 07:20:00
MERCH-1205,Food Central 1205,food,BR,2023-12-15 21:28:00
MERCH-1206,Electronics Plus 1206,electronics,BR,2018-06-29 02:17:00
MERCH-1207,Travel Express 1207,travel,FR,2020-09-20 06:15:00
MERCH-1208,Entertainment Express 1208,entertainment,FR,2022-05-27 05:34:00
MERCH-1209,Health Global 1209,health,FR,2019-09-10 23:43:00
MERCH-1210,Services Plus 1210,services,US,2018-09-27 12:38:00
MERCH-1211,Retail Max 1211,retail,UK,2021-01-13 19:37:00
MERCH-1212,Food Prime 1212,food,US,2021-08-15 09:49:00
MERCH-1213,Electronics Plus 1213,electronics,BR,2020-12-28 04:42:00
MERCH-1214,Travel Max 1214,travel,BR,2022-10-27 04:05:00
MERCH-1215,Entertainment Plus 1215,entertainment,BR,2023-11-24 22:34:00
MERCH-1216,Health Global 1216,health,FR,2018-03-30 21:57:00
MERCH-1217,Services Prime 1217,services,FR,2018-06-16 14:56:00
MERCH-1218,Retail Max 1218,retail,BR,2023-10-02 09:09:00
MERCH-1219,Food Prime 1219,food,UK,2021-01-07 05:45:00
MERCH-1220,Electronics Global 1220,electronics,FR,2019-12-22 10:55:00
MERCH-1221,Travel Prime 1221,travel,UK,2021-11-22 18:29:00
MERCH-1222,Entertainment Global 1222,entertainment,BR,2020-12-30 13:49:00
MERCH-1223,Health Plus 1223,health,UK,2018-03-23 08:26:00
MERCH-1224,Services Nova 1224,services,BR,2023-10-06 23:10:00
MERCH-1225,Retail Central 1225,retail,BR,2021-01-28 10:52:00
MERCH-1226,Food Nova 1226,food,BR,2020-10-30 20:19:00
MERCH-1227,Electronics Max 1227,electronics,BR,2022-07-21 23:10:00
MERCH-1228,Travel Max 1228,travel,BR,2021-09-22 11:34:00
MERCH-1229,Entertainment Plus 1229,entertainment,BR,2021-01-18 05:32:00
MERCH-1230,Health Central 1230,health,BR,2022-08-07 07:43:00
MERCH-1231,Services Top 1231,services,BR,2019-06-09 01:46:00
MERCH-1232,Retail Plus 1232,retail,FR,2022-04-16 23:51:00
MERCH-1233,Food Max 1233,food,BR,2021-05-24 00:07:00
MERCH-1234,Electronics Express 1234,electronics,BR,2021-08-04 04:56:00
MERCH-1235,Travel Express 1235,travel,BR,2021-04-11 03:54:00
MERCH-1236,Entertainment Express 1236,entertainment,FR,2023-01-14 14:38:00
MERCH-1237,Health Top 1237,health,BR,2023-11-25 06:57:00
MERCH-1238,Services Prime 1238,services,US,2022-06-23 08:38:00
MERCH-1239,Retail Central 1239,retail,BR,2023-11-24 23:03:00
MERCH-1240,Food Central 1240,food,BR,2022-11-02 03:54:00
MERCH-1241,Electronics Top 1241,electronics,UK,2018-01-10 09:38:00
MERCH-1242,Travel Prime 1242,travel,BR,2022-09-14 05:44:00
MERCH-1243,Entertainment Central 1243,entertainment,BR,2022-06-07 17:32:00
MERCH-1244,Health Plus 1244,health,BR,2018-05-23 14:27:00
MERCH-1245,Services Global 1245,services,US,2019-01-31 22:28:00
MERCH-1246,Retail Top 1246,retail,BR,2023-04-27 02:43:00
MERCH-1247,Food Central 1247,food,FR,2020-10-01 02:04:00
MERCH-1248,Electronics Plus 1248,electronics,US,2021-09-16 05:36:00
MERCH-1249,Travel Plus 1249,travel,BR,2018-05-25 21:57:00
MERCH-1250,Entertainment Nova 1250,entertainment,UK,2023-05-09 12:01:00
MERCH-1251,Health Plus 1251,health,FR,2019-01-26 16:28:00
MERCH-1252,Services Top 1252,services,BR,2022-01-15 08:20:00
MERCH-1253,Retail Prime 1253,retail,UK,2018-11-03 08:42:00
MERCH-1254,Food Max 1254,food,FR,2021-05-28 03:39:00
MERCH-1255,Electronics Top 1255,electronics,US,2020-06-10 00:34:00
MERCH-1256,Travel Central 1256,travel,US,2021-11-30 17:23:00
MERCH-1257,Entertainment Global 1257,entertainment,BR,2023-01-26 17:26:00
MERCH-1258,Health Max 1258,health,FR,2021-02-10 22:59:00
MERCH-1259,Services Prime 1259,services,BR,2022-09-23 18:40:00
MERCH-1260,Retail Express 1260,retail,BR,2018-04-18 12:48:00
MERCH-1261,Food Prime 1261,food,BR,2019-08-20 02:13:00
MERCH-1262,Electronics Top 1262,electronics,FR,2019-12-01 12:16:00
MERCH-1263,Travel Plus 1263,travel,FR,2020-04-02 06:50:00
MERCH-1264,Entertainment Express 1264,entertainment,BR,2020-10-21 10:01:00
MERCH-1265,Health Central 1265,health,BR,2021-12-15 16:09:00
MERCH-1266,Services Prime 1266,services,US,2021-05-21 04:48:00
MERCH-1267,Retail Nova 1267,retail,UK,2023-10-06 08:58:00
MERCH-1268,Food Top 1268,food,US,2023-02-05 02:41:00
MERCH-1269,Electronics Global 1269,electronics,UK,2020-11-23 14:57:00
MERCH-1270,Travel Prime 1270,travel,BR,2022-05-24 21:27:00
MERCH-1271,Entertainment Prime 1271,entertainment,FR,2021-11-28 09:58:00
MERCH-1272,Health Plus 1272,health,UK,2020-02-03 12:55:00
MERCH-1273,Services Plus 1273,services,US,2020-04-01 19:55:00
MERCH-1274,Retail Plus 1274,retail,BR,2022-11-04 15:15:00
MERCH-1275,Food Max 1275,food,UK,2022-11-25 01:00:00
MERCH-1276,Electronics Max 1276,electronics,UK,2023-03-22 16:13:00
MERCH-1277,Travel Nova 1277,travel,UK,2019-09-22 14:41:00
MERCH-1278,Entertainment Global 1278,entertainment,US,2020-12-21 23:39:00
MERCH-1279,Health Plus 1279,health,BR,2023-12-30 13:26:00
MERCH-1280,Services Express 1280,services,BR,2020-10-18 09:27:00
MERCH-1281,Retail Central 1281,retail,UK,2018-08-22 18:08:00
MERCH-1282,Food Global 1282,food,FR,2018-06-29 08:53:00
MERCH-1283,Electronics Top 1283,electronics,US,2020-01-11 07:57:00
MERCH-1284,Travel Prime 1284,travel,US,2019-03-10 03:09:00
MERCH-1285,Entertainment Plus 1285,entertainment,UK,2018-11-23 00:53:00
MERCH-1286,Health Prime 1286,health,US,2022-07-15 03:49:00
MERCH-1287,Services Global 1287,services,BR,2019-09-07 01:18:00
MERCH-1288,Retail Global 1288,retail,BR,2023-05-30 12:40:00
MERCH-1289,Food Global 1289,food,BR,2023-01-01 14:25:00
MERCH-1290,Electronics Global 1290,electronics,US,2022-06-05 21:12:00
MERCH-1291,Travel Global 1291,travel,BR,2018-04-26 08:37:00
MERCH-1292,Entertainment Top 1292,entertainment,BR,2022-03-25 19:30:00
MERCH-1293,Health Plus 1293,health,BR,2020-12-25 02:16:00
MERCH-1294,Services Global 1294,services,BR,2020-08-17 12:24:00
MERCH-1295,Retail Express 1295,retail,FR,2021-05-18 14:35:00
MERCH-1296,Food Express 1296,food,BR,2018-06-05 03:22:00
MERCH-1297,Electronics Nova 1297,electronics,US,2022-05-18 16:08:00
MERCH-1298,Travel Nova 1298,travel,UK,2021-10-30 06:14:00
MERCH-1299,Entertainment Prime 1299,entertainment,BR,2018-11-28 06:44:00
MERCH-1300,Health Express 1300,health,UK,2021-03-20 11:53:00
MERCH-1301,Services Global 1301,services,FR,2020-04-25 19:13:00
MERCH-1302,Retail Max 1302,retail,US,2018-12-22 23:49:00
MERCH-1303,Food Global 1303,food,BR,2022-07-20 22:48:00
MERCH-1304,Electronics Express 1304,electronics,UK,2019-02-05 08:05:00
MERCH-1305,Travel Global 1305,travel,US,2018-08-29 21:25:00
MERCH-1306,Entertainment Plus 1306,entertainment,US,2022-01-27 11:20:00
MERCH-1307,Health Max 1307,health,BR,2018-01-24 12:28:00
MERCH-1308,Services Nova 1308,services,FR,2023-06-21 03:06:00
MERCH-1309,Retail Plus 1309,retail,FR,2020-12-23 23:03:00
MERCH-1310,Food Central 1310,food,BR,2020-07-10 04:34:00
MERCH-1311,Electronics Plus 1311,electronics,FR,2023-07-11 16:51:00
MERCH-1312,Travel Plus 1312,travel,US,2023-10-13 01:07:00
MERCH-1313,Entertainment Prime 1313,entertainment,BR,2021-08-29 00:03:00
MERCH-1314,Health Global 1314,health,BR,2018-08-05 00:26:00
MERCH-1315,Services Nova 1315,services,BR,2019-09-09 13:42:00
MERCH-1316,Retail Max 1316,retail,BR,2019-08-25 04:06:00
MERCH-1317,Food Global 1317,food,FR,2022-01-04 19:33:00
MERCH-1318,Electronics Prime 1318,electronics,FR,2018-07-20 03:09:00
MERCH-1319,Travel Max 1319,travel,BR,2021-12-12 15:46:00
MERCH-1320,Entertainment Central 1320,entertainment,BR,2022-09-08 12:57:00
MERCH-1321,Health Plus 1321,health,BR,2019-04-05 23:29:00
MERCH-1322,Services Nova 1322,services,BR,2022-02-10 16:54:00
MERCH-1323,Retail Global 1323,retail,UK,2021-01-13 09:19:00
MERCH-1324,Food Max 1324,food,FR,2021-08-05 18:43:00
MERCH-1325,Electronics Max 1325,electronics,BR,2021-05-01 15:43:00
MERCH-1326,Travel Nova 1326,travel,BR,2019-07-29 00:49:00
MERCH-1327,Entertainment Prime 1327,entertainment,UK,2021-03-31 06:56:00
MERCH-1328,Health Top 1328,health,BR,2021-09-03 15:06:00
MERCH-1329,Services Max 1329,services,BR,2020-08-03 05:06:00
MERCH-1330,Retail Top 1330,retail,BR,2022-07-26 21:44:00
MERCH-1331,Food Global 1331,food,FR,2022-08-15 01:41:00
MERCH-1332,Electronics Nova 1332,electronics,BR,2020-02-14 20:19:00
MERCH-1333,Travel Central 1333,travel,BR,2023-09-19 23:43:00
MERCH-1334,Entertainment Central 1334,entertainment,BR,2020-05-23 08:28:00
MERCH-1335,Health Plus 1335,health,UK,2023-12-21 16:03:00
MERCH-1336,Services Plus 1336,services,UK,2020-01-29 14:15:00
MERCH-1337,Retail Global 1337,retail,BR,2020-10-12 23:25:00
MERCH-1338,Food Express 1338,food,BR,2018-12-01 04:21:00
MERCH-1339,Electronics Prime 1339,electronics,BR,2022-03-08 22:12:00
MERCH-1340,Travel Top 1340,travel,UK,2022-11-16 12:39:00
MERCH-1341,Entertainment Prime 1341,entertainment,BR,2019-09-16 16:37:00
MERCH-1342,Health Global 1342,health,US,2020-12-12 20:40:00
MERCH-1343,Services Max 1343,services,UK,2019-09-05 01:39:00
MERCH-1344,Retail Nova 1344,retail,FR,2022-01-04 12:04:00
MERCH-1345,Food Prime 1345,food,BR,2018-10-21 10:37:00
MERCH-1346,Electronics Max 1346,electronics,US,2023-09-19 08:44:00
MERCH-1347,Travel Central 1347,travel,BR,2019-07-04 11:44:00
MERCH-1348,Entertainment Plus 1348,entertainment,US,2020-12-12 01:07:00
MERCH-1349,Health Central 1349,health,BR,2023-02-16 22:45:00
MERCH-1350,Services Top 1350,services,FR,2020-04-13 21:17:00
MERCH-1351,Retail Express 1351,retail,BR,2021-01-24 11:53:00
MERCH-1352,Food Nova 1352,food,BR,2020-08-31 18:52:00
MERCH-1353,Electronics Nova 1353,electronics,BR,2021-04-27 08:17:00
MERCH-1354,Travel Central 1354,travel,BR,2019-06-03 01:55:00
MERCH-1355,Entertainment Global 1355,entertainment,FR,2020-09-22 05:20:00
MERCH-1356,Health Nova 1356,health,UK,2021-02-08 04:04:00
MERCH-1357,Services Express 1357,services,FR,2019-02-24 16:20:00
MERCH-1358,Retail Global 1358,retail,BR,2022-07-18 03:02:00
MERCH-1359,Food Central 1359,food,BR,2021-11-28 18:51:00
MERCH-1360,Electronics Plus 1360,electronics,FR,2019-12-18 21:02:00
MERCH-1361,Travel Nova 1361,travel,BR,2019-10-30 05:25:00
MERCH-1362,Entertainment Top 1362,entertainment,BR,2021-01-20 15:22:00
MERCH-1363,Health Max 1363,health,US,2020-01-25 22:33:00
MERCH-1364,Services Central 1364,services,FR,2023-10-01 07:32:00
MERCH-1365,Retail Central 1365,retail,BR,2021-04-29 22:50:00
MERCH-1366,Food Global 1366,food,UK,2022-07-21 05:27:00
MERCH-1367,Electronics Prime 1367,electronics,US,2018-05-30 22:06:00
MERCH-1368,Travel Max 1368,travel,US,2018-11-12 14:37:00
MERCH-1369,Entertainment Global 1369,entertainment,BR,2020-09-09 10:46:00
MERCH-1370,Health Prime 1370,health,FR,2020-01-27 14:26:00
MERCH-1371,Services Prime 1371,services,BR,2023-11-27 00:37:00
MERCH-1372,Retail Central 1372,retail,BR,2019-05-12 11:48:00
MERCH-1373,Food Nova 1373,food,BR,2023-01-19 01:27:00
MERCH-1374,Electronics Plus 1374,electronics,US,2020-09-11 08:41:00
MERCH-1375,Travel Prime 1375,travel,UK,2021-01-20 11:31:00
MERCH-1376,Entertainment Central 1376,entertainment,BR,2022-11-05 02:26:00
MERCH-1377,Health Top 1377,health,FR,2020-01-08 04:28:00
MERCH-1378,Services Prime 1378,services,FR,2022-03-21 04:30:00
MERCH-1379,Retail Max 1379,retail,BR,2020-02-25 21:16:00
MERCH-1380,Food Global 1380,food,FR,2019-09-28 22:30:00
MERCH-1381,Electronics Global 1381,electronics,US,2021-06-20 07:15:00
MERCH-1382,Travel Max 1382,travel,BR,2023-10-30 15:58:00
MERCH-1383,Entertainment Express 1383,entertainment,BR,2022-02-17 11:02:00
MERCH-1384,Health Prime 1384,health,US,2020-08-15 12:32:00
MERCH-1385,Services Max 1385,services,BR,2022-05-27 14:22:00
MERCH-1386,Retail Plus 1386,retail,UK,2023-02-27 22:23:00
MERCH-1387,Food Prime 1387,food,BR,2023-04-27 17:28:00
MERCH-1388,Electronics Plus 1388,electronics,BR,2022-05-18 12:11:00
MERCH-1389,Travel Central 1389,travel,BR,2023-08-13 05:28:00
MERCH-1390,Entertainment Express 1390,entertainment,BR,2023-11-19 18:40:00
MERCH-1391,Health Express 1391,health,BR,2019-05-11 16:43:00
MERCH-1392,Services Prime 1392,services,FR,2023-02-17 05:41:00
MERCH-1393,Retail Prime 1393,retail,BR,2023-03-10 10:56:00
MERCH-1394,Food Express 1394,food,UK,2022-07-20 11:52:00
MERCH-1395,Electronics Nova 1395,electronics,BR,2022-01-07 08:34:00
MERCH-1396,Travel Nova 1396,travel,BR,2018-11-17 20:38:00
MERCH-1397,Entertainment Central 1397,entertainment,BR,2023-12-28 16:16:00
MERCH-1398,Health Global 1398,health,BR,2022-02-03 21:20:00
MERCH-1399,Services Top 1399,services,UK,2022-08-09 08:26:00
MERCH-1400,Retail Global 1400,retail,BR,2022-08-18 19:02:00
MERCH-1401,Food Nova 1401,food,US,2019-05-06 12:36:00
MERCH-1402,Electronics Max 1402,electronics,BR,2019-03-25 01:55:00
MERCH-1403,Travel Prime 1403,travel,FR,2019-04-18 16:53:00
MERCH-1404,Entertainment Central 1404,entertainment,US,2018-11-11 18:49:00
MERCH-1405,Health Nova 1405,health,BR,2018-05-06 03:00:00
MERCH-1406,Services Central 1406,services,UK,2022-12-09 18:47:00
MERCH-1407,Retail Nova 1407,retail,BR,2023-08-07 06:14:00
MERCH-1408,Food Top 1408,food,UK,2022-12-06 20:15:00
MERCH-1409,Electronics Top 1409,electronics,BR,2021-03-20 12:54:00
MERCH-1410,Travel Nova 1410,travel,BR,2022-05-03 19:31:00
MERCH-1411,Entertainment Express 1411,entertainment,BR,2021-09-11 14:35:00
MERCH-1412,Health Prime 1412,health,FR,2019-12-22 07:01:00
MERCH-1413,Services Top 1413,services,FR,2021-08-24 06:57:00
MERCH-1414,Retail Max 1414,retail,BR,2022-11-03 01:22:00
MERCH-1415,Food Top 1415,food,BR,2020-06-28 06:20:00
MERCH-1416,Electronics Prime 1416,electronics,BR,2020-07-01 17:05:00
MERCH-1417,Travel Express 1417,travel,BR,2023-09-27 04:19:00
MERCH-1418,Entertainment Central 1418,entertainment,BR,2018-10-05 00:11:00
MERCH-1419,Health Global 1419,health,UK,2018-06-29 12:41:00
MERCH-1420,Services Max 1420,services,BR,2019-02-05 04:32:00
MERCH-1421,Retail Prime 1421,retail,US,2020-11-12 13:09:00
MERCH-1422,Food Express 1422,food,BR,2019-11-18 21:11:00
MERCH-1423,Electronics Express 1423,electronics,BR,2022-05-02 00:32:00
MERCH-1424,Travel Central 1424,travel,BR,2023-10-20 07:34:00
MERCH-1425,Entertainment Express 1425,entertainment,FR,2023-10-18 03:57:00
MERCH-1426,Health Nova 1426,health,BR,2021-02-23 04:04:00
MERCH-1427,Services Top 1427,services,BR,2021-10-20 05:42:00
MERCH-1428,Retail Global 1428,retail,BR,2019-04-06 11:52:00
MERCH-1429,Food Express 1429,food,BR,2020-07-01 01:42:00
MERCH-1430,Electronics Nova 1430,electronics,BR,2019-04-08 21:43:00
MERCH-1431,Travel Top 1431,travel,BR,2021-07-08 12:55:00
MERCH-1432,Entertainment Plus 1432,entertainment,US,2021-10-12 21:04:00
MERCH-1433,Health Central 1433,health,BR,2020-06-24 16:03:00
MERCH-1434,Services Global 1434,services,FR,2023-03-14 13:01:00
MERCH-1435,Retail Plus 1435,retail,FR,2023-02-07 12:40:00
MERCH-1436,Food Top 1436,food,US,2023-08-26 03:44:00
MERCH-1437,Electronics Plus 1437,electronics,BR,2020-05-30 18:10:00
MERCH-1438,Travel Plus 1438,travel,BR,2021-11-18 21:25:00
MERCH-1439,Entertainment Prime 1439,entertainment,US,2018-04-26 16:26:00
MERCH-1440,Health Max 1440,health,BR,2019-06-04 20:31:00
MERCH-1441,Services Central 1441,services,BR,2018-03-01 14:32:00
MERCH-1442,Retail Global 1442,retail,BR,2023-07-29 20:42:00
MERCH-1443,Food Max 1443,food,BR,2018-08-01 18:02:00
MERCH-1444,Electronics Plus 1444,electronics,BR,2019-02-26 07:07:00
MERCH-1445,Travel Plus 1445,travel,BR,2019-02-05 16:46:00
MERCH-1446,Entertainment Nova 1446,entertainment,US,2019-06-17 13:55:00
MERCH-1447,Health Max 1447,health,BR,2020-04-22 18:18:00
MERCH-1448,Services Top 1448,services,FR,2023-12-10 19:10:00
MERCH-1449,Retail Global 1449,retail,BR,2022-09-25 18:36:00
MERCH-1450,Food Plus 1450,food,FR,2021-06-19 06:53:00
MERCH-1451,Electronics Global 1451,electronics,UK,2022-08-20 01:57:00
MERCH-1452,Travel Max 1452,travel,BR,2023-07-30 21:44:00
MERCH-1453,Entertainment Global 1453,entertainment,FR,2022-06-07 03:50:00
MERCH-1454,Health Prime 1454,health,BR,2022-05-25 20:53:00
MERCH-1455,Services Global 1455,services,FR,2021-01-15 16:40:00
MERCH-1456,Retail Global 1456,retail,FR,2023-05-08 07:34:00
MERCH-1457,Food Express 1457,food,UK,2021-08-31 03:47:00
MERCH-1458,Electronics Top 1458,electronics,BR,2022-02-11 21:06:00
MERCH-1459,Travel Plus 1459,travel,BR,2023-11-19 09:32:00
MERCH-1460,Entertainment Nova 1460,entertainment,FR,2019-06-11 04:02:00
MERCH-1461,Health Global 1461,health,US,2020-10-23 02:16:00
MERCH-1462,Services Global 1462,services,UK,2018-08-19 07:37:00
MERCH-1463,Retail Max 1463,retail,BR,2022-08-13 21:58:00
MERCH-1464,Food Prime 1464,food,FR,2018-08-23 21:23:00
MERCH-1465,Electronics Top 1465,electronics,UK,2023-06-09 13:44:00
MERCH-1466,Travel Express 1466,travel,BR,2023-05-19 12:19:00
MERCH-1467,Entertainment Global 1467,entertainment,BR,2020-07-17 10:08:00
MERCH-1468,Health Nova 1468,health,US,2023-08-22 14:29:00
MERCH-1469,Services Central 1469,services,BR,2020-10-05 07:48:00
MERCH-1470,Retail Plus 1470,retail,BR,2023-03-25 02:40:00
MERCH-1471,Food Plus 1471,food,BR,2021-10-28 14:30:00
MERCH-1472,Electronics Central 1472,electronics,UK,2023-10-08 12:20:00
MERCH-1473,Travel Nova 1473,travel,BR,2022-07-08 14:12:00
MERCH-1474,Entertainment Top 1474,entertainment,BR,2019-07-31 04:36:00
MERCH-1475,Health Plus 1475,health,UK,2021-01-05 16:03:00
MERCH-1476,Services Top 1476,services,US,2023-08-14 13:35:00
MERCH-1477,Retail Express 1477,retail,BR,2018-07-25 21:46:00
MERCH-1478,Food Central 1478,food,UK,2020-08-05 15:57:00
MERCH-1479,Electronics Max 1479,electronics,UK,2018-08-01 12:13:00
MERCH-1480,Travel Nova 1480,travel,BR,2022-05-29 02:42:00
MERCH-1481,Entertainment Max 1481,entertainment,FR,2020-03-20 10:53:00
MERCH-1482,Health Express 1482,health,BR,2019-04-20 10:22:00
MERCH-1483,Services Max 1483,services,BR,2020-09-07 13:19:00
MERCH-1484,Retail Global 1484,retail,FR,2019-07-05 07:02:00
MERCH-1485,Food Central 1485,food,BR,2023-12-03 16:14:00
MERCH-1486,Electronics Prime 1486,electronics,BR,2020-10-19 09:59:00
MERCH-1487,Travel Prime 1487,travel,US,2022-08-22 17:13:00
MERCH-1488,Entertainment Global 1488,entertainment,FR,2023-04-05 18:41:00
MERCH-1489,Health Max 1489,health,FR,2018-11-16 14:57:00
MERCH-1490,Services Prime 1490,services,UK,2018-03-17 11:13:00
MERCH-1491,Retail Top 1491,retail,BR,2021-12-21 04:37:00
MERCH-1492,Food Max 1492,food,FR,2018-11-09 09:38:00
MERCH-1493,Electronics Global 1493,electronics,BR,2021-06-03 05:26:00
MERCH-1494,Travel Top 1494,travel,FR,2020-11-01 09:58:00
MERCH-1495,Entertainment Central 1495,entertainment,FR,2020-09-03 06:24:00
MERCH-1496,Health Central 1496,health,BR,2020-01-04 10:42:00
MERCH-1497,Services Plus 1497,services,US,2019-11-23 08:02:00
MERCH-1498,Retail Express 1498,retail,BR,2019-02-14 17:19:00
MERCH-1499,Food Nova 1499,food,US,2019-01-27 04:49:00
MERCH-1500,Electronics Plus 1500,electronics,US,2022-01-03 03:17:00
MERCH-1501,Travel Central 1501,travel,BR,2023-08-29 04:33:00
MERCH-1502,Entertainment Express 1502,entertainment,FR,2019-09-23 13:00:00
MERCH-1503,Health Prime 1503,health,UK,2019-02-12 13:38:00
MERCH-1504,Services Prime 1504,services,BR,2021-07-09 12:29:00
MERCH-1505,Retail Global 1505,retail,BR,2020-10-26 01:47:00
MERCH-1506,Food Plus 1506,food,FR,2023-12-01 10:14:00
MERCH-1507,Electronics Max 1507,electronics,BR,2019-02-09 22:45:00
MERCH-1508,Travel Prime 1508,travel,US,2019-04-15 14:53:00
MERCH-1509,Entertainment Max 1509,entertainment,US,2022-08-21 06:54:00
MERCH-1510,Health Global 1510,health,BR,2021-12-21 15:46:00
MERCH-1511,Services Prime 1511,services,BR,2018-09-13 09:14:00
MERCH-1512,Retail Global 1512,retail,BR,2019-11-26 23:44:00
MERCH-1513,Food Central 1513,food,UK,2022-04-08 09:56:00
MERCH-1514,Electronics Top 1514,electronics,BR,2019-04-17 18:47:00
MERCH-1515,Travel Central 1515,travel,FR,2021-06-12 05:55:00
MERCH-1516,Entertainment Max 1516,entertainment,BR,2022-08-21 15:22:00
MERCH-1517,Health Central 1517,health,BR,2018-03-19 22:02:00
MERCH-1518,Services Prime 1518,services,BR,2022-01-23 19:49:00
MERCH-1519,Retail Global 1519,retail,US,2023-08-16 09:58:00
MERCH-1520,Food Nova 1520,food,BR,2022-05-13 15:58:00
MERCH-1521,Electronics Prime 1521,electronics,BR,2023-05-28 09:23:00
MERCH-1522,Travel Central 1522,travel,BR,2019-01-11 16:59:00
MERCH-1523,Entertainment Express 1523,entertainment,BR,2020-06-06 01:41:00
MERCH-1524,Health Nova 1524,health,UK,2018-03-11 03:14:00
MERCH-1525,Services Prime 1525,services,BR,2021-07-28 03:15:00
MERCH-1526,Retail Express 1526,retail,BR,2022-02-17 04:33:00
MERCH-1527,Food Top 1527,food,US,2018-07-02 13:43:00
MERCH-1528,Electronics Plus 1528,electronics,US,2022-04-02 08:31:00
MERCH-1529,Travel Global 1529,travel,BR,2019-06-20 02:43:00
MERCH-1530,Entertainment Nova 1530,entertainment,UK,2022-07-13 01:07:00
MERCH-1531,Health Plus 1531,health,BR,2018-02-01 07:07:00
MERCH-1532,Services Express 1532,services,BR,2018-03-02 00:02:00
MERCH-1533,Retail Global 1533,retail,BR,2023-02-20 10:44:00
MERCH-1534,Food Plus 1534,food,BR,2020-01-16 02:36:00
MERCH-1535,Electronics Global 1535,electronics,BR,2020-06-12 13:57:00
MERCH-1536,Travel Express 1536,travel,BR,2018-11-01 07:13:00
MERCH-1537,Entertainment Top 1537,entertainment,BR,2020-11-18 03:20:00
MERCH-1538,Health Central 1538,health,BR,2018-03-02 14:46:00
MERCH-1539,Services Top 1539,services,BR,2018-01-06 15:54:00
MERCH-1540,Retail Central 1540,retail,BR,2023-01-07 02:43:00
MERCH-1541,Food Prime 1541,food,BR,2019-08-04 10:31:00
MERCH-1542,Electronics Global 1542,electronics,BR,2020-09-06 08:03:00
MERCH-1543,Travel Max 1543,travel,US,2023-12-11 13:09:00
MERCH-1544,Entertainment Nova 1544,entertainment,BR,2019-01-23 20:25:00
MERCH-1545,Health Plus 1545,health,FR,2019-03-04 09:57:00
MERCH-1546,Services Express 1546,services,BR,2023-06-01 18:36:00
MERCH-1547,Retail Max 1547,retail,FR,2021-05-17 20:14:00
MERCH-1548,Food Plus 1548,food,FR,2019-01-16 00:59:00
MERCH-1549,Electronics Prime 1549,electronics,US,2021-11-25 16:03:00
MERCH-1550,Travel Prime 1550,travel,UK,2023-09-02 06:37:00
MERCH-1551,Entertainment Plus 1551,entertainment,UK,2023-09-15 12:05:00
MERCH-1552,Health Plus 1552,health,US,2021-12-01 10:50:00
MERCH-1553,Services Plus 1553,services,US,2023-11-13 10:40:00
MERCH-1554,Retail Max 1554,retail,BR,2018-07-05 03:42:00
MERCH-1555,Food Plus 1555,food,FR,2021-09-15 14:13:00
MERCH-1556,Electronics Prime 1556,electronics,BR,2019-01-11 03:15:00
MERCH-1557,Travel Prime 1557,travel,UK,2022-04-02 13:34:00
MERCH-1558,Entertainment Global 1558,entertainment,US,2022-11-26 12:19:00
MERCH-1559,Health Express 1559,health,BR,2018-05-02 12:25:00
MERCH-1560,Services Plus 1560,services,BR,2019-10-17 20:23:00
MERCH-1561,Retail Nova 1561,retail,BR,2020-11-18 04:55:00
MERCH-1562,Food Nova 1562,food,BR,2020-07-18 09:40:00
MERCH-1563,Electronics Top 1563,electronics,BR,2022-01-24 22:01:00
MERCH-1564,Travel Plus 1564,travel,BR,2023-10-11 08:39:00
MERCH-1565,Entertainment Nova 1565,entertainment,UK,2018-11-27 12:04:00
MERCH-1566,Health Central 1566,health,UK,2021-12-23 08:50:00
MERCH-1567,Services Top 1567,services,FR,2020-06-26 21:17:00
MERCH-1568,Retail Central 1568,retail,FR,2019-12-24 06:42:00
MERCH-1569,Food Prime 1569,food,US,2020-10-10 03:29:00
MERCH-1570,Electronics Max 1570,electronics,BR,2022-01-25 11:29:00
MERCH-1571,Travel Global 1571,travel,BR,2022-07-15 12:57:00
MERCH-1572,Entertainment Max 1572,entertainment,FR,2019-11-26 11:11:00
MERCH-1573,Health Top 1573,health,BR,2023-09-30 00:06:00
MERCH-1574,Services Central 1574,services,BR,2020-11-19 12:27:00
MERCH-1575,Retail Nova 1575,retail,BR,2022-10-17 09:29:00
MERCH-1576,Food Global 1576,food,BR,2022-08-27 15:38:00
MERCH-1577,Electronics Plus 1577,electronics,FR,2018-08-25 08:48:00
MERCH-1578,Travel Max 1578,travel,BR,2020-01-04 00:29:00
MERCH-1579,Entertainment Top 1579,entertainment,UK,2019-10-26 19:37:00
MERCH-1580,Health Max 1580,health,US,2021-05-09 17:26:00
MERCH-1581,Services Central 1581,services,BR,2019-02-13 13:45:00
MERCH-1582,Retail Plus 1582,retail,BR,2023-01-24 05:51:00
MERCH-1583,Food Max 1583,food,US,2019-07-29 10:39:00
MERCH-1584,Electronics Nova 1584,electronics,BR,2019-06-26 12:08:00
MERCH-1585,Travel Max 1585,travel,FR,2020-11-11 18:48:00
MERCH-1586,Entertainment Max 1586,entertainment,BR,2023-09-26 04:56:00
MERCH-1587,Health Global 1587,health,BR,2023-05-17 11:54:00
MERCH-1588,Services Nova 1588,services,BR,2020-04-02 14:16:00
MERCH-1589,Retail Plus 1589,retail,FR,2022-02-12 09:24:00
MERCH-1590,Food Top 1590,food,US,2021-08-21 06:59:00
MERCH-1591,Electronics Express 1591,electronics,FR,2023-02-20 18:56:00
MERCH-1592,Travel Express 1592,travel,BR,2018-11-05 07:40:00
MERCH-1593,Entertainment Central 1593,entertainment,BR,2021-08-19 19:59:00
MERCH-1594,Health Central 1594,health,BR,2020-03-18 11:54:00
MERCH-1595,Services Nova 1595,services,BR,2021-12-11 07:21:00
MERCH-1596,Retail Prime 1596,retail,BR,2019-05-22 04:38:00
MERCH-1597,Food Top 1597,food,FR,2018-11-04 17:28:00
MERCH-1598,Electronics Plus 1598,electronics,FR,2020-12-05 03:25:00
MERCH-1599,Travel Plus 1599,travel,FR,2022-04-15 08:01:00
MERCH-1600,Entertainment Central 1600,entertainment,BR,2020-03-25 01:40:00
MERCH-1601,Health Central 1601,health,BR,2023-07-15 14:02:00
MERCH-1602,Services Top 1602,services,US,2021-04-05 21:01:00
MERCH-1603,Retail Prime 1603,retail,US,2022-02-28 21:37:00
MERCH-1604,Food Nova 1604,food,BR,2020-03-07 09:32:00
MERCH-1605,Electronics Top 1605,electronics,BR,2019-01-03 05:50:00
MERCH-1606,Travel Nova 1606,travel,BR,2021-12-20 06:19:00
MERCH-1607,Entertainment Nova 1607,entertainment,UK,2022-06-28 17:07:00
MERCH-1608,Health Top 1608,health,BR,2021-10-01 00:42:00
MERCH-1609,Services Prime 1609,services,BR,2018-02-15 15:31:00
MERCH-1610,Retail Plus 1610,retail,BR,2021-09-19 21:49:00
MERCH-1611,Food Global 1611,food,BR,2019-12-07 10:08:00
MERCH-1612,Electronics Max 1612,electronics,BR,2021-09-11 07:05:00
MERCH-1613,Travel Nova 1613,travel,BR,2023-04-06 06:19:00
MERCH-1614,Entertainment Global 1614,entertainment,US,2018-03-26 21:36:00
MERCH-1615,Health Global 1615,health,BR,2019-01-28 01:29:00
MERCH-1616,Services Top 1616,services,US,2023-04-05 15:53:00
MERCH-1617,Retail Plus 1617,retail,BR,2023-03-30 10:24:00
MERCH-1618,Food Central 1618,food,FR,2019-09-15 16:58:00
MERCH-1619,Electronics Central 1619,electronics,BR,2020-01-30 13:59:00
MERCH-1620,Travel Prime 1620,travel,US,2021-09-13 14:34:00
MERCH-1621,Entertainment Express 1621,entertainment,US,2020-01-31 13:44:00
MERCH-1622,Health Express 1622,health,US,2020-04-06 03:09:00
MERCH-1623,Services Central 1623,services,UK,2020-04-02 20:52:00
MERCH-1624,Retail Prime 1624,retail,FR,2018-11-03 15:45:00
MERCH-1625,Food Global 1625,food,BR,2018-06-22 09:31:00
MERCH-1626,Electronics Top 1626,electronics,BR,2020-04-20 01:29:00
MERCH-1627,Travel Express 1627,travel,BR,2019-12-22 18:44:00
MERCH-1628,Entertainment Nova 1628,entertainment,FR,2020-11-06 15:12:00
MERCH-1629,Health Top 1629,health,BR,2020-12-18 07:42:00
MERCH-1630,Services Prime 1630,services,US,2019-04-29 15:48:00
MERCH-1631,Retail Max 1631,retail,BR,2022-09-29 02:57:00
MERCH-1632,Food Plus 1632,food,BR,2018-06-15 15:27:00
MERCH-1633,Electronics Global 1633,electronics,BR,2020-03-01 00:09:00
MERCH-1634,Travel Plus 1634,travel,BR,2020-02-28 19:07:00
MERCH-1635,Entertainment Express 1635,entertainment,US,2020-10-28 09:21:00
MERCH-1636,Health Plus 1636,health,BR,2020-05-12 05:09:00
MERCH-1637,Services Max 1637,services,US,2019-09-04 15:00:00
MERCH-1638,Retail Express 1638,retail,BR,2020-07-07 02:14:00
MERCH-1639,Food Express 1639,food,BR,2019-08-22 13:49:00
MERCH-1640,Electronics Prime 1640,electronics,BR,2020-09-07 07:02:00
MERCH-1641,Travel Prime 1641,travel,BR,2023-01-30 08:39:00
MERCH-1642,Entertainment Prime 1642,entertainment,BR,2022-09-20 22:53:00
MERCH-1643,Health Express 1643,health,US,2018-03-22 21:07:00
MERCH-1644,Services Central 1644,services,BR,2021-11-24 17:36:00
MERCH-1645,Retail Global 1645,retail,US,2023-11-17 16:24:00
MERCH-1646,Food Global 1646,food,BR,2018-06-03 16:03:00
MERCH-1647,Electronics Max 1647,electronics,BR,2019-01-10 13:25:00
MERCH-1648,Travel Prime 1648,travel,BR,2023-05-20 18:42:00
MERCH-1649,Entertainment Nova 1649,entertainment,FR,2019-04-23 12:56:00
MERCH-1650,Health Top 1650,health,FR,2021-06-29 00:09:00
MERCH-1651,Services Global 1651,services,BR,2023-12-20 11:21:00
MERCH-1652,Retail Global 1652,retail,BR,2022-06-21 16:27:00
MERCH-1653,Food Express 1653,food,US,2020-07-09 07:24:00
MERCH-1654,Electronics Prime 1654,electronics,US,2018-12-27 06:48:00
MERCH-1655,Travel Prime 1655,travel,BR,2023-06-20 10:17:00
MERCH-1656,Entertainment Nova 1656,entertainment,FR,2020-02-26 19:46:00
MERCH-1657,Health Express 1657,health,FR,2021-04-18 04:52:00
MERCH-1658,Services Prime 1658,services,BR,2022-04-05 05:00:00
MERCH-1659,Retail Max 1659,retail,BR,2020-07-05 06:59:00
MERCH-1660,Food Plus 1660,food,UK,2020-07-11 13:03:00
MERCH-1661,Electronics Express 1661,electronics,UK,2021-03-15 09:12:00
MERCH-1662,Travel Express 1662,travel,FR,2023-09-28 16:13:00
MERCH-1663,Entertainment Max 1663,entertainment,UK,2018-06-24 20:08:00
MERCH-1664,Health Prime 1664,health,UK,2020-02-25 14:12:00
MERCH-1665,Services Nova 1665,services,BR,2018-04-02 10:58:00
MERCH-1666,Retail Global 1666,retail,BR,2019-01-25 00:58:00
MERCH-1667,Food Max 1667,food,BR,2022-06-06 00:31:00
MERCH-1668,Electronics Global 1668,electronics,UK,2020-10-10 01:53:00
MERCH-1669,Travel Central 1669,travel,BR,2023-07-14 10:39:00
MERCH-1670,Entertainment Max 1670,entertainment,BR,2023-02-22 05:32:00
MERCH-1671,Health Central 1671,health,BR,2020-09-05 20:31:00
MERCH-1672,Services Plus 1672,services,BR,2020-07-09 20:38:00
MERCH-1673,Retail Plus 1673,retail,FR,2023-09-17 17:01:00
MERCH-1674,Food Prime 1674,food,FR,2022-09-03 14:01:00
MERCH-1675,Electronics Plus 1675,electronics,BR,2019-09-09 23:11:00
MERCH-1676,Travel Nova 1676,travel,BR,2020-05-08 08:20:00
MERCH-1677,Entertainment Max 1677,entertainment,BR,2019-06-11 17:13:00
MERCH-1678,Health Plus 1678,health,US,2021-12-05 01:06:00
MERCH-1679,Services Plus 1679,services,BR,2020-01-08 05:48:00
MERCH-1680,Retail Nova 1680,retail,US,2022-07-06 02:52:00
MERCH-1681,Food Nova 1681,food,BR,2022-09-07 15:16:00
MERCH-1682,Electronics Central 1682,electronics,US,2020-06-10 15:16:00
MERCH-1683,Travel Nova 1683,travel,BR,2018-06-03 23:51:00
MERCH-1684,Entertainment Top 1684,entertainment,US,2018-01-26 08:48:00
MERCH-1685,Health Express 1685,health,BR,2021-02-10 11:10:00
MERCH-1686,Services Top 1686,services,FR,2019-01-02 17:27:00
MERCH-1687,Retail Plus 1687,retail,BR,2020-11-26 16:14:00
MERCH-1688,Food Global 1688,food,US,2021-12-18 03:34:00
MERCH-1689,Electronics Global 1689,electronics,BR,2022-06-27 07:38:00
MERCH-1690,Travel Nova 1690,travel,US,2023-03-18 15:42:00
MERCH-1691,Entertainment Central 1691,entertainment,BR,2022-08-25 13:20:00
MERCH-1692,Health Express 1692,health,BR,2018-12-20 06:19:00
MERCH-1693,Services Nova 1693,services,US,2018-03-12 22:41:00
MERCH-1694,Retail Express 1694,retail,BR,2020-11-15 22:04:00
MERCH-1695,Food Max 1695,food,BR,2023-10-31 14:19:00
MERCH-1696,Electronics Top 1696,electronics,BR,2018-05-07 18:30:00
MERCH-1697,Travel Top 1697,travel,UK,2018-06-26 01:31:00
MERCH-1698,Entertainment Global 1698,entertainment,FR,2019-02-16 16:03:00
MERCH-1699,Health Nova 1699,health,BR,2021-09-27 06:55:00
MERCH-1700,Services Plus 1700,services,BR,2022-06-30 19:07:00
MERCH-1701,Retail Top 1701,retail,BR,2019-02-01 08:23:00
MERCH-1702,Food Prime 1702,food,US,2023-08-21 07:13:00
MERCH-1703,Electronics Nova 1703,electronics,BR,2019-08-10 07:19:00
MERCH-1704,Travel Top 1704,travel,BR,2018-06-15 08:37:00
MERCH-1705,Entertainment Express 1705,entertainment,BR,2020-12-18 18:01:00
MERCH-1706,Health Global 1706,health,FR,2023-12-24 03:12:00
MERCH-1707,Services Nova 1707,services,FR,2019-12-20 01:21:00
MERCH-1708,Retail Nova 1708,retail,BR,2020-02-18 23:14:00
MERCH-1709,Food Plus 1709,food,UK,2022-06-10 19:53:00
MERCH-1710,Electronics Max 1710,electronics,FR,2019-03-29 07:50:00
MERCH-1711,Travel Global 1711,travel,BR,2021-05-29 20:00:00
MERCH-1712,Entertainment Plus 1712,entertainment,BR,2022-09-19 22:58:00
MERCH-1713,Health Top 1713,health,BR,2023-10-16 08:41:00
MERCH-1714,Services Max 1714,services,UK,2020-06-11 03:31:00
MERCH-1715,Retail Max 1715,retail,UK,2023-09-03 16:17:00
MERCH-1716,Food Max 1716,food,FR,2021-08-22 09:59:00
MERCH-1717,Electronics Prime 1717,electronics,US,2019-05-20 18:35:00
MERCH-1718,Travel Global 1718,travel,BR,2023-10-15 14:27:00
MERCH-1719,Entertainment Plus 1719,entertainment,BR,2023-08-29 22:46:00
MERCH-1720,Health Express 1720,health,FR,2021-07-03 23:42:00
MERCH-1721,Services Prime 1721,services,BR,2022-03-22 01:37:00
MERCH-1722,Retail Express 1722,retail,FR,2019-02-27 12:49:00
MERCH-1723,Food Nova 1723,food,BR,2018-03-10 22:32:00
MERCH-1724,Electronics Global 1724,electronics,BR,2022-10-13 18:09:00
MERCH-1725,Travel Top 1725,travel,BR,2023-04-23 21:02:00
MERCH-1726,Entertainment Plus 1726,entertainment,BR,2021-02-02 13:37:00
MERCH-1727,Health Plus 1727,health,BR,2021-04-05 07:03:00
MERCH-1728,Services Central 1728,services,BR,2023-04-25 18:44:00
MERCH-1729,Retail Central 1729,retail,FR,2020-03-21 05:08:00
MERCH-1730,Food Top 1730,food,FR,2020-09-06 17:01:00
MERCH-1731,Electronics Max 1731,electronics,BR,2018-10-17 05:30:00
MERCH-1732,Travel Express 1732,travel,US,2022-05-29 01:45:00
MERCH-1733,Entertainment Global 1733,entertainment,BR,2022-01-09 20:57:00
MERCH-1734,Health Prime 1734,health,BR,2018-02-16 08:03:00
MERCH-1735,Services Central 1735,services,FR,2019-01-31 17:06:00
MERCH-1736,Retail Express 1736,retail,FR,2022-03-30 06:17:00
MERCH-1737,Food Express 1737,food,US,2018-04-21 06:40:00
MERCH-1738,Electronics Nova 1738,electronics,FR,2023-06-02 05:29:00
MERCH-1739,Travel Max 1739,travel,BR,2022-09-08 16:35:00
MERCH-1740,Entertainment Express 1740,entertainment,FR,2022-03-12 18:17:00
MERCH-1741,Health Express 1741,health,US,2021-07-12 10:44:00
MERCH-1742,Services Plus 1742,services,BR,2021-11-03 12:37:00
MERCH-1743,Retail Express 1743,retail,UK,2019-08-24 19:52:00
MERCH-1744,Food Global 1744,food,FR,2020-07-16 05:58:00
MERCH-1745,Electronics Nova 1745,electronics,BR,2019-09-25 03:00:00
MERCH-1746,Travel Plus 1746,travel,FR,2019-07-18 16:28:00
MERCH-1747,Entertainment Express 1747,entertainment,US,2023-09-15 21:41:00
MERCH-1748,Health Global 1748,health,US,2022-11-06 16:04:00
MERCH-1749,Services Express 1749,services,BR,2018-08-21 11:14:00
MERCH-1750,Retail Prime 1750,retail,BR,2018-04-30 14:36:00
MERCH-1751,Food Express 1751,food,BR,2021-01-09 22:52:00
MERCH-1752,Electronics Plus 1752,electronics,BR,2021-07-08 13:42:00
MERCH-1753,Travel Prime 1753,travel,BR,2020-01-20 21:44:00
MERCH-1754,Entertainment Nova 1754,entertainment,UK,2023-07-23 21:24:00
MERCH-1755,Health Top 1755,health,FR,2022-07-17 01:31:00
MERCH-1756,Services Top 1756,services,BR,2020-09-26 20:03:00
MERCH-1757,Retail Plus 1757,retail,BR,2018-07-18 21:20:00
MERCH-1758,Food Max 1758,food,BR,2021-10-19 14:57:00
MERCH-1759,Electronics Prime 1759,electronics,BR,2018-03-18 17:41:00
MERCH-1760,Travel Express 1760,travel,UK,2018-01-13 12:41:00
MERCH-1761,Entertainment Global 1761,entertainment,UK,2018-07-10 18:18:00
MERCH-1762,Health Plus 1762,health,BR,2019-10-09 13:37:00
MERCH-1763,Services Max 1763,services,US,2018-05-31 16:51:00
MERCH-1764,Retail Global 1764,retail,US,2019-11-10 11:36:00
MERCH-1765,Food Plus 1765,food,BR,2019-10-26 07:51:00
MERCH-1766,Electronics Express 1766,electronics,US,2022-11-19 10:55:00
MERCH-1767,Travel Global 1767,travel,BR,2020-03-12 10:52:00
MERCH-1768,Entertainment Nova 1768,entertainment,BR,2022-02-15 10:29:00
MERCH-1769,Health Central 1769,health,FR,2019-04-11 18:27:00
MERCH-1770,Services Plus 1770,services,BR,2023-05-06 01:19:00
MERCH-1771,Retail Central 1771,retail,BR,2022-03-11 14:05:00
MERCH-1772,Food Top 1772,food,FR,2022-05-04 20:05:00
MERCH-1773,Electronics Central 1773,electronics,UK,2018-01-01 18:05:00
MERCH-1774,Travel Central 1774,travel,BR,2021-10-07 00:00:00
MERCH-1775,Entertainment Express 1775,entertainment,UK,2018-03-22 03:43:00
MERCH-1776,Health Plus 1776,health,BR,2018-09-06 17:17:00
MERCH-1777,Services Prime 1777,services,UK,2022-03-02 17:40:00
MERCH-1778,Retail Nova 1778,retail,BR,2020-10-08 04:54:00
MERCH-1779,Food Global 1779,food,FR,2022-10-03 14:01:00
MERCH-1780,Electronics Max 1780,electronics,US,2022-07-19 22:17:00
MERCH-1781,Travel Central 1781,travel,BR,2019-01-18 17:52:00
MERCH-1782,Entertainment Global 1782,entertainment,BR,2018-08-08 13:52:00
MERCH-1783,Health Plus 1783,health,BR,2020-10-18 17:16:00
MERCH-1784,Services Plus 1784,services,US,2020-11-16 20:14:00
MERCH-1785,Retail Central 1785,retail,BR,2019-07-30 20:17:00
MERCH-1786,Food Global 1786,food,UK,2018-02-10 01:56:00
MERCH-1787,Electronics Central 1787,electronics,BR,2021-06-17 23:13:00
MERCH-1788,Travel Nova 1788,travel,US,2018-07-15 06:16:00
MERCH-1789,Entertainment Max 1789,entertainment,BR,2018-02-04 07:59:00
MERCH-1790,Health Nova 1790,health,BR,2018-12-21 15:55:00
MERCH-1791,Services Central 1791,services,US,2018-05-18 03:05:00
MERCH-1792,Retail Top 1792,retail,FR,2021-12-08 18:52:00
MERCH-1793,Food Max 1793,food,FR,2022-02-11 00:14:00
MERCH-1794,Electronics Plus 1794,electronics,BR,2020-08-03 07:07:00
MERCH-1795,Travel Max 1795,travel,UK,2018-01-15 05:33:00
MERCH-1796,Entertainment Max 1796,entertainment,BR,2022-08-02 22:14:00
MERCH-1797,Health Nova 1797,health,BR,2020-09-03 12:13:00
MERCH-1798,Services Nova 1798,services,US,2022-12-07 20:10:00
MERCH-1799,Retail Express 1799,retail,US,2019-12-24 15:58:00
MERCH-1800,Food Top 1800,food,BR,2022-12-17 18:40:00
MERCH-1801,Electronics Top 1801,electronics,US,2019-01-08 15:22:00
MERCH-1802,Travel Express 1802,travel,US,2022-01-01 07:43:00
MERCH-1803,Entertainment Max 1803,entertainment,UK,2018-11-01 00:58:00
MERCH-1804,Health Prime 1804,health,FR,2020-04-18 22:56:00
MERCH-1805,Services Express 1805,services,BR,2018-04-25 15:28:00
MERCH-1806,Retail Global 1806,retail,UK,2023-03-13 01:14:00
MERCH-1807,Food Nova 1807,food,BR,2023-04-13 14:14:00
MERCH-1808,Electronics Central 1808,electronics,FR,2023-06-10 09:47:00
MERCH-1809,Travel Nova 1809,travel,BR,2021-03-15 01:31:00
MERCH-1810,Entertainment Prime 1810,entertainment,US,2021-11-19 11:20:00
MERCH-1811,Health Nova 1811,health,BR,2023-04-14 09:02:00
MERCH-1812,Services Nova 1812,services,BR,2022-10-28 12:46:00
MERCH-1813,Retail Nova 1813,retail,US,2018-11-07 13:13:00
MERCH-1814,Food Top 1814,food,BR,2021-08-01 04:38:00
MERCH-1815,Electronics Central 1815,electronics,UK,2021-07-10 07:27:00
MERCH-1816,Travel Top 1816,travel,UK,2022-06-30 17:16:00
MERCH-1817,Entertainment Max 1817,entertainment,BR,2022-04-02 04:18:00
MERCH-1818,Health Plus 1818,health,UK,2020-02-28 13:36:00
MERCH-1819,Services Prime 1819,services,BR,2023-12-29 17:21:00
MERCH-1820,Retail Central 1820,retail,FR,2021-02-25 08:53:00
MERCH-1821,Food Top 1821,food,FR,2021-08-26 05:39:00
MERCH-1822,Electronics Express 1822,electronics,BR,2021-06-02 22:41:00
MERCH-1823,Travel Prime 1823,travel,US,2022-01-08 00:24:00
MERCH-1824,Entertainment Global 1824,entertainment,UK,2023-03-18 08:18:00
MERCH-1825,Health Plus 1825,health,UK,2022-04-16 23:10:00
MERCH-1826,Services Max 1826,services,US,2019-09-23 23:16:00
MERCH-1827,Retail Plus 1827,retail,BR,2018-06-02 13:58:00
MERCH-1828,Food Express 1828,food,UK,2020-03-22 21:18:00
MERCH-1829,Electronics Global 1829,electronics,US,2018-11-15 23:37:00
MERCH-1830,Travel Nova 1830,travel,FR,2020-11-04 00:21:00
MERCH-1831,Entertainment Express 1831,entertainment,BR,2020-01-24 11:03:00
MERCH-1832,Health Plus 1832,health,BR,2022-05-12 00:50:00
MERCH-1833,Services Nova 1833,services,BR,2021-07-06 17:54:00
MERCH-1834,Retail Nova 1834,retail,US,2018-04-25 09:41:00
MERCH-1835,Food Global 1835,food,BR,2021-02-06 23:33:00
MERCH-1836,Electronics Prime 1836,electronics,US,2022-01-22 10:56:00
MERCH-1837,Travel Max 1837,travel,UK,2021-02-21 08:27:00
MERCH-1838,Entertainment Express 1838,entertainment,FR,2021-06-12 14:38:00
MERCH-1839,Health Express 1839,health,BR,2018-05-27 03:25:00
MERCH-1840,Services Express 1840,services,BR,2021-09-29 21:01:00
MERCH-1841,Retail Max 1841,retail,BR,2021-12-16 15:01:00
MERCH-1842,Food Express 1842,food,US,2020-11-26 19:50:00
MERCH-1843,Electronics Plus 1843,electronics,BR,2019-06-22 15:51:00
MERCH-1844,Travel Express 1844,travel,BR,2019-12-27 18:06:00
MERCH-1845,Entertainment Central 1845,entertainment,BR,2022-05-29 11:12:00
MERCH-1846,Health Plus 1846,health,UK,2023-04-06 14:35:00
MERCH-1847,Services Max 1847,services,BR,2022-09-06 16:43:00
MERCH-1848,Retail Max 1848,retail,BR,2019-11-13 22:46:00
MERCH-1849,Food Nova 1849,food,BR,2019-06-14 00:45:00
MERCH-1850,Electronics Top 1850,electronics,BR,2021-01-13 17:53:00
MERCH-1851,Travel Central 1851,travel,UK,2022-08-18 08:16:00
MERCH-1852,Entertainment Central 1852,entertainment,US,2020-08-29 19:26:00
MERCH-1853,Health Global 1853,health,FR,2021-04-01 05:50:00
MERCH-1854,Services Central 1854,services,BR,2023-07-26 10:36:00
MERCH-1855,Retail Central 1855,retail,BR,2019-08-12 21:43:00
MERCH-1856,Food Prime 1856,food,FR,2019-12-18 04:56:00
MERCH-1857,Electronics Top 1857,electronics,FR,2020-09-12 14:19:00
MERCH-1858,Travel Global 1858,travel,UK,2018-12-31 02:49:00
MERCH-1859,Entertainment Max 1859,entertainment,FR,2021-06-17 04:38:00
MERCH-1860,Health Nova 1860,health,FR,2022-12-01 18:44:00
MERCH-1861,Services Plus 1861,services,US,2023-09-29 12:32:00
MERCH-1862,Retail Central 1862,retail,US,2023-11-15 19:47:00
MERCH-1863,Food Central 1863,food,BR,2021-05-26 08:51:00
MERCH-1864,Electronics Central 1864,electronics,BR,2021-12-23 15:01:00
MERCH-1865,Travel Top 1865,travel,BR,2018-10-17 06:29:00
MERCH-1866,Entertainment Global 1866,entertainment,US,2019-12-22 22:56:00
MERCH-1867,Health Central 1867,health,BR,2018-05-29 04:53:00
MERCH-1868,Services Prime 1868,services,FR,2023-10-27 00:46:00
MERCH-1869,Retail Plus 1869,retail,BR,2020-06-18 15:43:00
MERCH-1870,Food Global 1870,food,UK,2021-02-02 17:33:00
MERCH-1871,Electronics Plus 1871,electronics,FR,2018-08-29 03:32:00
MERCH-1872,Travel Top 1872,travel,UK,2019-11-26 06:40:00
MERCH-1873,Entertainment Plus 1873,entertainment,BR,2021-06-25 20:57:00
MERCH-1874,Health Prime 1874,health,US,2020-11-08 03:09:00
MERCH-1875,Services Plus 1875,services,BR,2020-05-26 20:58:00
MERCH-1876,Retail Max 1876,retail,BR,2020-01-13 15:27:00
MERCH-1877,Food Top 1877,food,BR,2021-06-03 19:02:00
MERCH-1878,Electronics Express 1878,electronics,UK,2020-04-26 01:19:00
MERCH-1879,Travel Plus 1879,travel,BR,2020-06-14 23:13:00
MERCH-1880,Entertainment Nova 1880,entertainment,US,2019-05-12 03:37:00
MERCH-1881,Health Max 1881,health,FR,2019-11-13 04:27:00
MERCH-1882,Services Prime 1882,services,BR,2020-01-01 04:40:00
MERCH-1883,Retail Plus 1883,retail,US,2019-05-20 06:01:00
MERCH-1884,Food Global 1884,food,BR,2023-08-27 12:51:00
MERCH-1885,Electronics Express 1885,electronics,FR,2018-08-28 07:14:00
MERCH-1886,Travel Express 1886,travel,BR,2019-02-02 03:45:00
MERCH-1887,Entertainment Global 1887,entertainment,UK,2022-08-06 10:13:00
MERCH-1888,Health Express 1888,health,BR,2018-12-24 07:27:00
MERCH-1889,Services Central 1889,services,US,2018-02-11 15:32:00
MERCH-1890,Retail Prime 1890,retail,BR,2019-09-09 09:26:00
MERCH-1891,Food Central 1891,food,FR,2020-04-23 03:18:00
MERCH-1892,Electronics Nova 1892,electronics,BR,2022-01-29 17:23:00
MERCH-1893,Travel Max 1893,travel,US,2021-05-08 01:48:00
MERCH-1894,Entertainment Plus 1894,entertainment,BR,2018-07-27 00:14:00
MERCH-1895,Health Nova 1895,health,FR,2018-11-18 17:55:00
MERCH-1896,Services Plus 1896,services,FR,2023-03-08 23:32:00
MERCH-1897,Retail Top 1897,retail,BR,2021-02-11 16:03:00
MERCH-1898,Food Nova 1898,food,US,2020-07-08 09:35:00
MERCH-1899,Electronics Global 1899,electronics,BR,2022-08-07 20:22:00
MERCH-1900,Travel Prime 1900,travel,FR,2021-03-16 12:42:00
MERCH-1901,Entertainment Nova 1901,entertainment,US,2020-12-15 09:38:00
MERCH-1902,Health Top 1902,health,FR,2021-12-02 17:50:00
MERCH-1903,Services Plus 1903,services,US,2023-12-30 21:06:00
MERCH-1904,Retail Max 1904,retail,FR,2021-10-12 03:24:00
MERCH-1905,Food Top 1905,food,US,2021-01-26 00:08:00
MERCH-1906,Electronics Nova 1906,electronics,US,2021-11-01 00:25:00
MERCH-1907,Travel Central 1907,travel,BR,2022-06-26 08:20:00
MERCH-1908,Entertainment Express 1908,entertainment,UK,2018-01-25 12:38:00
MERCH-1909,Health Max 1909,health,BR,2023-02-10 08:24:00
MERCH-1910,Services Top 1910,services,BR,2020-06-24 10:04:00
MERCH-1911,Retail Max 1911,retail,BR,2019-06-23 23:36:00
MERCH-1912,Food Plus 1912,food,BR,2020-11-25 12:26:00
MERCH-1913,Electronics Nova 1913,electronics,UK,2022-07-28 15:25:00
MERCH-1914,Travel Plus 1914,travel,BR,2022-03-22 11:08:00
MERCH-1915,Entertainment Plus 1915,entertainment,US,2019-02-23 05:45:00
MERCH-1916,Health Max 1916,health,FR,2020-05-21 03:38:00
MERCH-1917,Services Nova 1917,services,BR,2019-02-17 20:34:00
MERCH-1918,Retail Central 1918,retail,BR,2021-06-09 17:48:00
MERCH-1919,Food Max 1919,food,BR,2023-07-10 14:11:00
MERCH-1920,Electronics Top 1920,electronics,BR,2022-11-04 23:02:00
MERCH-1921,Travel Plus 1921,travel,BR,2023-06-03 00:11:00
MERCH-1922,Entertainment Top 1922,entertainment,BR,2023-06-20 20:53:00
MERCH-1923,Health Central 1923,health,US,2018-06-29 17:23:00
MERCH-1924,Services Plus 1924,services,BR,2019-02-11 21:13:00
MERCH-1925,Retail Top 1925,retail,BR,2021-06-11 16:28:00
MERCH-1926,Food Central 1926,food,BR,2019-12-17 19:26:00
MERCH-1927,Electronics Prime 1927,electronics,BR,2020-01-19 09:37:00
MERCH-1928,Travel Central 1928,travel,BR,2019-07-20 00:13:00
MERCH-1929,Entertainment Global 1929,entertainment,BR,2022-07-09 13:08:00
MERCH-1930,Health Global 1930,health,BR,2018-02-27 17:23:00
MERCH-1931,Services Prime 1931,services,UK,2018-11-23 08:02:00
MERCH-1932,Retail Nova 1932,retail,BR,2023-05-02 09:24:00
MERCH-1933,Food Top 1933,food,BR,2020-10-27 01:20:00
MERCH-1934,Electronics Max 1934,electronics,UK,2020-09-26 11:05:00
MERCH-1935,Travel Plus 1935,travel,BR,2020-07-20 10:25:00
MERCH-1936,Entertainment Express 1936,entertainment,BR,2023-07-22 18:56:00
MERCH-1937,Health Max 1937,health,UK,2019-03-24 01:00:00
MERCH-1938,Services Top 1938,services,BR,2018-10-31 22:01:00
MERCH-1939,Retail Prime 1939,retail,BR,2020-03-16 07:21:00
MERCH-1940,Food Top 1940,food,US,2022-11-08 17:07:00
MERCH-1941,Electronics Nova 1941,electronics,US,2020-10-06 02:03:00
MERCH-1942,Travel Global 1942,travel,BR,2020-07-13 10:33:00
MERCH-1943,Entertainment Plus 1943,entertainment,UK,2022-07-24 16:37:00
MERCH-1944,Health Global 1944,health,UK,2023-03-09 17:57:00
MERCH-1945,Services Plus 1945,services,BR,2023-09-07 15:41:00
MERCH-1946,Retail Global 1946,retail,BR,2020-08-13 21:20:00
MERCH-1947,Food Top 1947,food,UK,2021-05-20 14:42:00
MERCH-1948,Electronics Top 1948,electronics,FR,2019-12-22 17:30:00
MERCH-1949,Travel Global 1949,travel,FR,2022-04-30 11:07:00
MERCH-1950,Entertainment Max 1950,entertainment,FR,2023-09-01 17:53:00
MERCH-1951,Health Top 1951,health,BR,2023-04-19 21:33:00
MERCH-1952,Services Prime 1952,services,FR,2021-09-13 10:13:00
MERCH-1953,Retail Express 1953,retail,FR,2020-08-10 12:24:00
MERCH-1954,Food Top 1954,food,FR,2018-05-14 17:21:00
MERCH-1955,Electronics Prime 1955,electronics,UK,2022-10-14 15:26:00
MERCH-1956,Travel Prime 1956,travel,US,2023-11-11 18:00:00
MERCH-1957,Entertainment Express 1957,entertainment,US,2020-02-08 04:33:00
MERCH-1958,Health Nova 1958,health,US,2023-01-21 03:16:00
MERCH-1959,Services Top 1959,services,BR,2023-08-12 14:52:00
MERCH-1960,Retail Global 1960,retail,FR,2021-02-19 16:03:00
MERCH-1961,Food Nova 1961,food,US,2019-02-05 04:07:00
MERCH-1962,Electronics Max 1962,electronics,US,2018-12-07 13:29:00
MERCH-1963,Travel Plus 1963,travel,US,2019-07-12 00:35:00
MERCH-1964,Entertainment Plus 1964,entertainment,FR,2022-07-03 11:39:00
MERCH-1965,Health Central 1965,health,BR,2018-09-21 11:19:00
MERCH-1966,Services Express 1966,services,US,2023-03-23 18:20:00
MERCH-1967,Retail Prime 1967,retail,BR,2022-11-03 04:37:00
MERCH-1968,Food Max 1968,food,FR,2023-09-30 00:28:00
MERCH-1969,Electronics Express 1969,electronics,BR,2018-01-27 07:07:00
MERCH-1970,Travel Plus 1970,travel,BR,2019-04-08 16:06:00
MERCH-1971,Entertainment Express 1971,entertainment,BR,2018-12-28 18:12:00
MERCH-1972,Health Prime 1972,health,BR,2022-07-25 10:52:00
MERCH-1973,Services Nova 1973,services,FR,2020-10-21 19:36:00
MERCH-1974,Retail Top 1974,retail,BR,2019-05-15 14:14:00
MERCH-1975,Food Nova 1975,food,FR,2021-04-29 19:28:00
MERCH-1976,Electronics Express 1976,electronics,BR,2019-03-15 09:01:00
MERCH-1977,Travel Prime 1977,travel,BR,2021-02-11 22:56:00
MERCH-1978,Entertainment Top 1978,entertainment,BR,2021-04-03 11:39:00
MERCH-1979,Health Global 1979,health,BR,2022-10-19 08:40:00
MERCH-1980,Services Max 1980,services,UK,2018-04-17 05:24:00
MERCH-1981,Retail Express 1981,retail,BR,2020-04-18 17:05:00
MERCH-1982,Food Express 1982,food,BR,2021-01-21 07:52:00
MERCH-1983,Electronics Max 1983,electronics,FR,2019-12-02 17:55:00
MERCH-1984,Travel Prime 1984,travel,BR,2020-03-16 09:49:00
MERCH-1985,Entertainment Global 1985,entertainment,FR,2018-06-06 06:42:00
MERCH-1986,Health Plus 1986,health,BR,2020-07-03 05:43:00
MERCH-1987,Services Nova 1987,services,FR,2018-07-10 21:58:00
MERCH-1988,Retail Nova 1988,retail,BR,2019-04-10 22:35:00
MERCH-1989,Food Express 1989,food,UK,2020-04-04 12:53:00
MERCH-1990,Electronics Nova 1990,electronics,BR,2019-07-07 07:50:00
MERCH-1991,Travel Central 1991,travel,BR,2021-11-21 23:49:00
MERCH-1992,Entertainment Max 1992,entertainment,FR,2018-02-12 04:24:00
MERCH-1993,Health Global 1993,health,BR,2023-11-19 03:04:00
MERCH-1994,Services Express 1994,services,BR,2022-02-10 11:27:00
MERCH-1995,Retail Plus 1995,retail,BR,2018-03-13 04:43:00
MERCH-1996,Food Nova 1996,food,BR,2020-02-25 22:28:00
MERCH-1997,Electronics Nova 1997,electronics,BR,2019-08-12 23:37:00
MERCH-1998,Travel Central 1998,travel,BR,2022-12-11 02:39:00
MERCH-1999,Entertainment Plus 1999,entertainment,BR,2021-11-11 09:11:00
MERCH-2000,Health Express 2000,health,FR,2019-11-18 06:18:00
MERCH-2001,Services Max 2001,services,FR,2023-08-09 11:35:00
MERCH-2002,Retail Global 2002,retail,US,2019-01-12 09:02:00
MERCH-2003,Food Plus 2003,food,FR,2023-01-08 20:12:00
MERCH-2004,Electronics Global 2004,electronics,US,2021-11-26 19:50:00
MERCH-2005,Travel Max 2005,travel,BR,2020-09-26 11:45:00
MERCH-2006,Entertainment Plus 2006,entertainment,BR,2021-03-04 18:49:00
MERCH-2007,Health Plus 2007,health,US,2019-01-06 17:04:00
MERCH-2008,Services Max 2008,services,BR,2021-10-17 21:53:00
MERCH-2009,Retail Max 2009,retail,BR,2020-07-22 11:55:00
MERCH-2010,Food Prime 2010,food,US,2020-04-19 03:41:00
MERCH-2011,Electronics Prime 2011,electronics,US,2019-06-08 11:39:00
MERCH-2012,Travel Top 2012,travel,BR,2021-05-31 14:43:00
MERCH-2013,Entertainment Max 2013,entertainment,BR,2023-06-14 09:01:00
MERCH-2014,Health Global 2014,health,FR,2022-08-08 22:15:00
MERCH-2015,Services Express 2015,services,BR,2022-11-04 15:30:00
MERCH-2016,Retail Express 2016,retail,FR,2021-09-09 15:04:00
MERCH-2017,Food Central 2017,food,BR,2019-02-09 09:20:00
MERCH-2018,Electronics Max 2018,electronics,FR,2018-06-21 11:15:00
MERCH-2019,Travel Prime 2019,travel,BR,2019-08-28 22:52:00
MERCH-2020,Entertainment Global 2020,entertainment,BR,2023-01-29 04:42:00
MERCH-2021,Health Central 2021,health,BR,2021-06-25 21:01:00
MERCH-2022,Services Plus 2022,services,FR,2022-12-08 04:22:00
MERCH-2023,Retail Max 2023,retail,BR,2022-01-08 17:23:00
MERCH-2024,Food Nova 2024,food,US,2021-07-24 10:02:00
MERCH-2025,Electronics Global 2025,electronics,FR,2019-09-19 20:51:00
MERCH-2026,Travel Prime 2026,travel,UK,2019-01-19 07:19:00
MERCH-2027,Entertainment Central 2027,entertainment,US,2019-10-06 20:19:00
MERCH-2028,Health Prime 2028,health,UK,2023-06-29 20:32:00
MERCH-2029,Services Prime 2029,services,US,2019-03-08 04:37:00
MERCH-2030,Retail Max 2030,retail,BR,2022-10-13 00:53:00
MERCH-2031,Food Max 2031,food,US,2020-07-06 16:10:00
MERCH-2032,Electronics Prime 2032,electronics,BR,2020-04-18 08:18:00
MERCH-2033,Travel Prime 2033,travel,BR,2023-11-24 15:29:00
MERCH-2034,Entertainment Top 2034,entertainment,BR,2023-05-16 05:54:00
MERCH-2035,Health Express 2035,health,FR,2018-04-08 20:33:00
MERCH-2036,Services Top 2036,services,FR,2023-03-19 07:05:00
MERCH-2037,Retail Max 2037,retail,BR,2022-10-08 22:01:00
MERCH-2038,Food Central 2038,food,FR,2018-01-12 05:30:00
MERCH-2039,Electronics Nova 2039,electronics,BR,2020-01-03 08:09:00
MERCH-2040,Travel Top 2040,travel,BR,2020-01-02 15:08:00
MERCH-2041,Entertainment Top 2041,entertainment,BR,2020-02-17 19:50:00
MERCH-2042,Health Nova 2042,health,BR,2019-09-05 10:36:00
MERCH-2043,Services Top 2043,services,BR,2022-09-10 08:55:00
MERCH-2044,Retail Nova 2044,retail,BR,2019-03-06 04:48:00
MERCH-2045,Food Central 2045,food,BR,2023-01-14 11:53:00
MERCH-2046,Electronics Plus 2046,electronics,BR,2023-01-07 19:51:00
MERCH-2047,Travel Express 2047,travel,US,2021-07-09 18:39:00
MERCH-2048,Entertainment Global 2048,entertainment,BR,2020-07-18 13:30:00
MERCH-2049,Health Plus 2049,health,BR,2022-01-21 10:34:00
MERCH-2050,Services Plus 2050,services,BR,2022-05-08 11:55:00
MERCH-2051,Retail Plus 2051,retail,BR,2018-11-06 23:32:00
MERCH-2052,Food Global 2052,food,UK,2019-07-03 14:58:00
MERCH-2053,Electronics Max 2053,electronics,BR,2019-09-28 02:36:00
MERCH-2054,Travel Central 2054,travel,UK,2018-05-07 23:43:00
MERCH-2055,Entertainment Central 2055,entertainment,FR,2018-06-24 18:05:00
MERCH-2056,Health Top 2056,health,FR,2019-09-09 15:20:00
MERCH-2057,Services Express 2057,services,UK,2020-09-23 10:58:00
MERCH-2058,Retail Top 2058,retail,US,2023-02-23 19:56:00
MERCH-2059,Food Plus 2059,food,BR,2020-08-21 05:59:00
MERCH-2060,Electronics Top 2060,electronics,UK,2020-12-12 18:14:00
MERCH-2061,Travel Top 2061,travel,US,2018-12-18 06:14:00
MERCH-2062,Entertainment Express 2062,entertainment,FR,2022-05-29 23:19:00
MERCH-2063,Health Nova 2063,health,FR,2021-09-09 04:34:00
MERCH-2064,Services Central 2064,services,BR,2019-12-04 22:08:00
MERCH-2065,Retail Nova 2065,retail,FR,2021-05-11 17:02:00
MERCH-2066,Food Global 2066,food,BR,2019-10-04 10:26:00
MERCH-2067,Electronics Nova 2067,electronics,BR,2021-01-07 13:56:00
MERCH-2068,Travel Top 2068,travel,BR,2022-03-19 23:10:00
MERCH-2069,Entertainment Prime 2069,entertainment,BR,2020-08-31 09:12:00
MERCH-2070,Health Top 2070,health,BR,2023-11-11 09:31:00
MERCH-2071,Services Max 2071,services,US,2018-12-19 16:37:00
MERCH-2072,Retail Max 2072,retail,BR,2021-12-13 00:37:00
MERCH-2073,Food Max 2073,food,UK,2018-07-18 00:29:00
MERCH-2074,Electronics Max 2074,electronics,FR,2018-11-12 05:29:00
MERCH-2075,Travel Plus 2075,travel,UK,2021-02-27 02:14:00
MERCH-2076,Entertainment Top 2076,entertainment,FR,2020-11-11 14:11:00
MERCH-2077,Health Max 2077,health,US,2022-08-17 03:03:00
MERCH-2078,Services Max 2078,services,BR,2021-04-14 13:46:00
MERCH-2079,Retail Central 2079,retail,BR,2023-02-09 18:46:00
MERCH-2080,Food Global 2080,food,FR,2021-07-28 00:43:00
MERCH-2081,Electronics Max 2081,electronics,BR,2019-03-23 22:40:00
MERCH-2082,Travel Top 2082,travel,BR,2023-11-16 23:29:00
MERCH-2083,Entertainment Nova 2083,entertainment,BR,2023-01-31 15:25:00
MERCH-2084,Health Prime 2084,health,UK,2018-01-26 08:30:00
MERCH-2085,Services Express 2085,services,BR,2019-06-20 23:20:00
MERCH-2086,Retail Max 2086,retail,FR,2018-09-27 15:53:00
MERCH-2087,Food Nova 2087,food,BR,2020-09-12 23:40:00
MERCH-2088,Electronics Plus 2088,electronics,FR,2022-09-09 07:20:00
MERCH-2089,Travel Max 2089,travel,BR,2023-09-30 03:34:00
MERCH-2090,Entertainment Plus 2090,entertainment,BR,2023-02-11 13:18:00
MERCH-2091,Health Global 2091,health,US,2021-11-12 17:05:00
MERCH-2092,Services Top 2092,services,BR,2018-05-12 06:53:00
MERCH-2093,Retail Prime 2093,retail,BR,2020-04-09 08:46:00
MERCH-2094,Food Top 2094,food,BR,2020-06-12 20:48:00
MERCH-2095,Electronics Central 2095,electronics,UK,2019-06-23 12:25:00
MERCH-2096,Travel Plus 2096,travel,UK,2018-05-15 16:18:00
MERCH-2097,Entertainment Prime 2097,entertainment,US,2019-10-05 18:35:00
MERCH-2098,Health Express 2098,health,UK,2019-06-06 04:39:00
MERCH-2099,Services Express 2099,services,BR,2018-12-21 22:36:00
MERCH-2100,Retail Global 2100,retail,FR,2020-11-19 12:55:00
MERCH-2101,Food Express 2101,food,FR,2020-06-26 00:14:00
MERCH-2102,Electronics Global 2102,electronics,BR,2022-11-01 10:13:00
MERCH-2103,Travel Express 2103,travel,FR,2022-11-05 01:13:00
MERCH-2104,Entertainment Max 2104,entertainment,BR,2018-04-06 22:29:00
MERCH-2105,Health Nova 2105,health,US,2022-07-12 17:42:00
MERCH-2106,Services Express 2106,services,BR,2022-06-11 08:33:00
MERCH-2107,Retail Central 2107,retail,US,2021-09-04 08:49:00
MERCH-2108,Food Max 2108,food,UK,2019-08-01 02:44:00
MERCH-2109,Electronics Central 2109,electronics,US,2022-05-09 16:05:00
MERCH-2110,Travel Global 2110,travel,FR,2023-04-05 03:34:00
MERCH-2111,Entertainment Nova 2111,entertainment,US,2023-12-29 23:21:00
MERCH-2112,Health Top 2112,health,FR,2021-08-26 18:02:00
MERCH-2113,Services Central 2113,services,US,2018-05-27 12:02:00
MERCH-2114,Retail Express 2114,retail,BR,2020-06-23 23:46:00
MERCH-2115,Food Top 2115,food,US,2021-06-09 05:00:00
MERCH-2116,Electronics Top 2116,electronics,BR,2022-11-05 15:57:00
MERCH-2117,Travel Global 2117,travel,FR,2021-06-10 15:06:00
MERCH-2118,Entertainment Central 2118,entertainment,UK,2023-06-04 15:57:00
MERCH-2119,Health Nova 2119,health,UK,2019-09-05 17:20:00
MERCH-2120,Services Top 2120,services,BR,2022-01-12 13:08:00
MERCH-2121,Retail Max 2121,retail,BR,2023-10-24 17:10:00
MERCH-2122,Food Max 2122,food,UK,2020-09-03 21:28:00
MERCH-2123,Electronics Express 2123,electronics,FR,2020-08-31 10:07:00
MERCH-2124,Travel Top 2124,travel,UK,2019-04-27 02:02:00
MERCH-2125,Entertainment Plus 2125,entertainment,US,2019-06-21 23:50:00
MERCH-2126,Health Top 2126,health,BR,2022-07-06 07:53:00
MERCH-2127,Services Global 2127,services,BR,2019-02-20 19:11:00
MERCH-2128,Retail Plus 2128,retail,BR,2023-11-10 02:52:00
MERCH-2129,Food Plus 2129,food,FR,2019-12-15 18:04:00
MERCH-2130,Electronics Nova 2130,electronics,US,2023-09-22 20:39:00
MERCH-2131,Travel Express 2131,travel,BR,2021-10-11 09:24:00
MERCH-2132,Entertainment Nova 2132,entertainment,BR,2021-09-23 18:21:00
MERCH-2133,Health Global 2133,health,FR,2023-05-12 06:23:00
MERCH-2134,Services Global 2134,services,FR,2020-01-08 20:01:00
MERCH-2135,Retail Nova 2135,retail,US,2021-06-07 16:47:00
MERCH-2136,Food Top 2136,food,BR,2018-11-03 20:51:00
MERCH-2137,Electronics Max 2137,electronics,BR,2018-10-19 15:36:00
MERCH-2138,Travel Top 2138,travel,UK,2018-09-11 05:08:00
MERCH-2139,Entertainment Central 2139,entertainment,UK,2021-01-07 06:03:00
MERCH-2140,Health Top 2140,health,UK,2019-05-07 16:25:00
MERCH-2141,Services Top 2141,services,FR,2023-11-22 23:28:00
MERCH-2142,Retail Plus 2142,retail,BR,2022-11-30 10:41:00
MERCH-2143,Food Nova 2143,food,UK,2019-12-31 20:49:00
MERCH-2144,Electronics Nova 2144,electronics,BR,2018-02-25 08:38:00
MERCH-2145,Travel Max 2145,travel,UK,2018-08-31 21:00:00
MERCH-2146,Entertainment Top 2146,entertainment,FR,2022-12-16 11:48:00
MERCH-2147,Health Max 2147,health,BR,2021-04-29 20:33:00
MERCH-2148,Services Global 2148,services,BR,2023-04-28 10:07:00
MERCH-2149,Retail Nova 2149,retail,UK,2018-05-18 01:01:00
MERCH-2150,Food Global 2150,food,FR,2023-07-19 12:12:00
MERCH-2151,Electronics Global 2151,electronics,UK,2018-10-23 15:08:00
MERCH-2152,Travel Global 2152,travel,BR,2022-05-05 20:11:00
MERCH-2153,Entertainment Prime 2153,entertainment,UK,2021-02-24 15:26:00
MERCH-2154,Health Global 2154,health,US,2020-02-20 04:26:00
MERCH-2155,Services Top 2155,services,BR,2022-09-02 17:35:00
MERCH-2156,Retail Express 2156,retail,BR,2023-02-23 20:49:00
MERCH-2157,Food Plus 2157,food,UK,2021-12-09 09:33:00
MERCH-2158,Electronics Global 2158,electronics,UK,2023-01-14 18:40:00
MERCH-2159,Travel Central 2159,travel,FR,2018-09-23 05:28:00
MERCH-2160,Entertainment Express 2160,entertainment,BR,2019-04-11 20:49:00
MERCH-2161,Health Prime 2161,health,BR,2021-01-28 00:18:00
MERCH-2162,Services Prime 2162,services,BR,2021-12-30 18:37:00
MERCH-2163,Retail Express 2163,retail,BR,2018-04-01 12:36:00
MERCH-2164,Food Express 2164,food,UK,2019-12-02 09:23:00
MERCH-2165,Electronics Prime 2165,electronics,BR,2020-11-25 16:19:00
MERCH-2166,Travel Global 2166,travel,BR,2018-08-02 04:46:00
MERCH-2167,Entertainment Global 2167,entertainment,FR,2021-02-24 10:57:00
MERCH-2168,Health Global 2168,health,BR,2023-06-01 09:48:00
MERCH-2169,Services Nova 2169,services,UK,2018-01-15 04:29:00
MERCH-2170,Retail Express 2170,retail,BR,2018-08-20 16:54:00
MERCH-2171,Food Plus 2171,food,BR,2018-05-13 12:47:00
MERCH-2172,Electronics Global 2172,electronics,UK,2018-12-22 21:55:00
MERCH-2173,Travel Top 2173,travel,BR,2021-11-10 11:31:00
MERCH-2174,Entertainment Central 2174,entertainment,BR,2018-11-24 09:06:00
MERCH-2175,Health Max 2175,health,BR,2022-10-27 10:17:00
MERCH-2176,Services Global 2176,services,FR,2018-10-12 12:33:00
MERCH-2177,Retail Plus 2177,retail,FR,2021-11-16 10:54:00
MERCH-2178,Food Max 2178,food,UK,2021-03-07 17:50:00
MERCH-2179,Electronics Central 2179,electronics,FR,2018-01-23 17:26:00
MERCH-2180,Travel Central 2180,travel,BR,2023-07-04 12:46:00
MERCH-2181,Entertainment Prime 2181,entertainment,US,2021-09-10 08:00:00
MERCH-2182,Health Max 2182,health,BR,2019-09-12 03:23:00
MERCH-2183,Services Nova 2183,services,UK,2020-06-18 18:11:00
MERCH-2184,Retail Global 2184,retail,BR,2020-01-20 02:05:00
MERCH-2185,Food Plus 2185,food,BR,2018-11-28 06:28:00
MERCH-2186,Electronics Prime 2186,electronics,BR,2020-06-29 13:27:00
MERCH-2187,Travel Plus 2187,travel,US,2020-06-05 18:14:00
MERCH-2188,Entertainment Prime 2188,entertainment,US,2018-11-27 18:52:00
MERCH-2189,Health Central 2189,health,FR,2023-09-16 03:16:00
MERCH-2190,Services Plus 2190,services,BR,2018-02-01 10:36:00
MERCH-2191,Retail Plus 2191,retail,UK,2019-02-14 14:51:00
MERCH-2192,Food Express 2192,food,BR,2018-04-07 15:21:00
MERCH-2193,Electronics Central 2193,electronics,UK,2018-05-16 16:40:00
MERCH-2194,Travel Global 2194,travel,FR,2023-03-29 00:51:00
MERCH-2195,Entertainment Central 2195,entertainment,FR,2022-05-08 08:21:00
MERCH-2196,Health Global 2196,health,FR,2020-04-04 09:23:00
MERCH-2197,Services Prime 2197,services,BR,2019-06-05 13:31:00
MERCH-2198,Retail Express 2198,retail,US,2018-11-26 21:09:00
MERCH-2199,Food Central 2199,food,BR,2018-03-14 20:07:00
MERCH-2200,Electronics Global 2200,electronics,BR,2019-06-03 07:29:00
MERCH-2201,Travel Prime 2201,travel,BR,2022-05-11 11:02:00
MERCH-2202,Entertainment Express 2202,entertainment,FR,2023-06-14 02:00:00
MERCH-2203,Health Max 2203,health,FR,2019-06-29 09:24:00
MERCH-2204,Services Plus 2204,services,BR,2021-01-24 14:08:00
MERCH-2205,Retail Max 2205,retail,FR,2019-03-06 18:52:00
MERCH-2206,Food Central 2206,food,BR,2019-04-23 18:14:00
MERCH-2207,Electronics Global 2207,electronics,BR,2018-11-22 08:37:00
MERCH-2208,Travel Top 2208,travel,UK,2021-09-23 04:12:00
MERCH-2209,Entertainment Max 2209,entertainment,BR,2023-10-15 07:23:00
MERCH-2210,Health Express 2210,health,FR,2022-03-22 05:01:00
MERCH-2211,Services Global 2211,services,US,2019-05-03 18:40:00
MERCH-2212,Retail Plus 2212,retail,BR,2023-06-03 13:48:00
MERCH-2213,Food Prime 2213,food,BR,2023-12-23 11:51:00
MERCH-2214,Electronics Top 2214,electronics,UK,2021-07-22 21:03:00
MERCH-2215,Travel Prime 2215,travel,US,2018-11-25 23:03:00
MERCH-2216,Entertainment Plus 2216,entertainment,UK,2023-12-02 03:29:00
MERCH-2217,Health Top 2217,health,BR,2023-11-17 05:53:00
MERCH-2218,Services Central 2218,services,BR,2019-06-07 21:14:00
MERCH-2219,Retail Prime 2219,retail,BR,2020-08-28 04:52:00
MERCH-2220,Food Top 2220,food,BR,2020-01-18 08:54:00
MERCH-2221,Electronics Top 2221,electronics,BR,2021-07-12 15:38:00
MERCH-2222,Travel Central 2222,travel,BR,2019-05-13 00:02:00
MERCH-2223,Entertainment Central 2223,entertainment,UK,2022-11-26 17:03:00
MERCH-2224,Health Nova 2224,health,US,2018-09-01 16:54:00
MERCH-2225,Services Max 2225,services,FR,2019-08-31 22:17:00
MERCH-2226,Retail Central 2226,retail,FR,2020-04-04 01:04:00
MERCH-2227,Food Central 2227,food,BR,2020-11-17 12:42:00
MERCH-2228,Electronics Prime 2228,electronics,UK,2022-11-07 21:39:00
MERCH-2229,Travel Nova 2229,travel,BR,2018-08-05 07:08:00
MERCH-2230,Entertainment Max 2230,entertainment,US,2018-03-22 00:11:00
MERCH-2231,Health Max 2231,health,BR,2020-07-20 06:40:00
MERCH-2232,Services Nova 2232,services,BR,2022-01-01 14:24:00
MERCH-2233,Retail Express 2233,retail,BR,2022-05-15 10:23:00
MERCH-2234,Food Top 2234,food,US,2021-11-26 10:43:00
MERCH-2235,Electronics Central 2235,electronics,US,2019-11-09 17:51:00
MERCH-2236,Travel Nova 2236,travel,US,2021-06-24 10:04:00
MERCH-2237,Entertainment Plus 2237,entertainment,FR,2018-05-25 05:04:00
MERCH-2238,Health Central 2238,health,FR,2022-06-17 14:11:00
MERCH-2239,Services Global 2239,services,FR,2018-03-11 00:30:00
MERCH-2240,Retail Plus 2240,retail,BR,2021-02-17 19:57:00
MERCH-2241,Food Nova 2241,food,BR,2018-04-28 11:47:00
MERCH-2242,Electronics Global 2242,electronics,BR,2020-07-26 16:35:00
MERCH-2243,Travel Central 2243,travel,US,2018-09-03 06:45:00
MERCH-2244,Entertainment Express 2244,entertainment,BR,2021-07-11 00:40:00
MERCH-2245,Health Plus 2245,health,UK,2023-02-11 17:59:00
MERCH-2246,Services Plus 2246,services,FR,2019-12-07 23:12:00
MERCH-2247,Retail Express 2247,retail,BR,2022-05-17 14:46:00
MERCH-2248,Food Central 2248,food,FR,2018-12-10 03:09:00
MERCH-2249,Electronics Global 2249,electronics,BR,2019-01-15 22:08:00
MERCH-2250,Travel Max 2250,travel,BR,2018-11-11 09:33:00
MERCH-2251,Entertainment Express 2251,entertainment,BR,2018-07-04 02:45:00
MERCH-2252,Health Nova 2252,health,US,2018-03-22 15:33:00
MERCH-2253,Services Global 2253,services,UK,2021-01-21 14:13:00
MERCH-2254,Retail Central 2254,retail,UK,2018-08-01 14:47:00
MERCH-2255,Food Central 2255,food,BR,2020-11-25 20:49:00
MERCH-2256,Electronics Express 2256,electronics,BR,2020-06-01 02:40:00
MERCH-2257,Travel Top 2257,travel,BR,2020-07-05 21:58:00
MERCH-2258,Entertainment Prime 2258,entertainment,US,2023-05-19 08:32:00
MERCH-2259,Health Nova 2259,health,BR,2021-10-14 10:14:00
MERCH-2260,Services Prime 2260,services,BR,2021-09-04 10:25:00
MERCH-2261,Retail Top 2261,retail,UK,2020-03-01 20:22:00
MERCH-2262,Food Max 2262,food,UK,2021-07-05 09:33:00
MERCH-2263,Electronics Top 2263,electronics,UK,2022-01-26 02:37:00
MERCH-2264,Travel Top 2264,travel,FR,2019-07-23 16:26:00
MERCH-2265,Entertainment Prime 2265,entertainment,BR,2019-04-22 07:24:00
MERCH-2266,Health Central 2266,health,FR,2021-07-28 09:39:00
MERCH-2267,Services Central 2267,services,FR,2020-06-15 20:09:00
MERCH-2268,Retail Nova 2268,retail,FR,2022-05-01 16:10:00
MERCH-2269,Food Prime 2269,food,UK,2019-12-19 20:17:00
MERCH-2270,Electronics Prime 2270,electronics,BR,2022-08-10 05:37:00
MERCH-2271,Travel Prime 2271,travel,BR,2018-10-18 16:24:00
MERCH-2272,Entertainment Max 2272,entertainment,US,2023-07-29 02:44:00
MERCH-2273,Health Plus 2273,health,US,2023-07-18 22:11:00
MERCH-2274,Services Plus 2274,services,US,2021-07-02 14:47:00
MERCH-2275,Retail Prime 2275,retail,BR,2022-08-30 09:30:00
MERCH-2276,Food Express 2276,food,UK,2020-02-20 12:45:00
MERCH-2277,Electronics Top 2277,electronics,BR,2023-11-19 23:30:00
MERCH-2278,Travel Prime 2278,travel,BR,2021-11-10 13:48:00
MERCH-2279,Entertainment Express 2279,entertainment,US,2018-10-03 10:02:00
MERCH-2280,Health Top 2280,health,BR,2020-06-11 12:33:00
MERCH-2281,Services Prime 2281,services,US,2021-11-08 08:05:00
MERCH-2282,Retail Central 2282,retail,BR,2019-01-11 13:18:00
MERCH-2283,Food Global 2283,food,BR,2022-06-05 21:37:00
MERCH-2284,Electronics Nova 2284,electronics,BR,2023-08-13 10:58:00
MERCH-2285,Travel Global 2285,travel,US,2020-06-08 08:22:00
MERCH-2286,Entertainment Express 2286,entertainment,US,2021-07-06 20:08:00
MERCH-2287,Health Express 2287,health,BR,2020-07-28 15:02:00
MERCH-2288,Services Express 2288,services,UK,2018-06-22 18:40:00
MERCH-2289,Retail Max 2289,retail,UK,2023-01-27 19:22:00
MERCH-2290,Food Express 2290,food,BR,2022-03-30 21:33:00
MERCH-2291,Electronics Plus 2291,electronics,BR,2019-11-18 14:03:00
MERCH-2292,Travel Plus 2292,travel,US,2019-05-24 17:02:00
MERCH-2293,Entertainment Express 2293,entertainment,UK,2022-12-10 03:08:00
MERCH-2294,Health Global 2294,health,FR,2019-09-19 02:48:00
MERCH-2295,Services Max 2295,services,US,2023-08-03 14:36:00
MERCH-2296,Retail Central 2296,retail,FR,2019-04-21 23:07:00
MERCH-2297,Food Nova 2297,food,UK,2018-03-29 10:03:00
MERCH-2298,Electronics Global 2298,electronics,UK,2022-08-03 18:13:00
MERCH-2299,Travel Top 2299,travel,US,2023-04-24 19:15:00
MERCH-2300,Entertainment Global 2300,entertainment,UK,2023-09-11 06:56:00
MERCH-2301,Health Nova 2301,health,BR,2021-01-23 20:13:00
MERCH-2302,Services Nova 2302,services,BR,2020-02-16 10:23:00
MERCH-2303,Retail Plus 2303,retail,UK,2019-12-25 16:44:00
MERCH-2304,Food Global 2304,food,FR,2020-07-18 10:21:00
MERCH-2305,Electronics Top 2305,electronics,BR,2023-05-27 00:10:00
MERCH-2306,Travel Express 2306,travel,BR,2023-08-31 08:28:00
MERCH-2307,Entertainment Prime 2307,entertainment,FR,2022-05-30 22:39:00
MERCH-2308,Health Top 2308,health,US,2023-04-11 19:08:00
MERCH-2309,Services Top 2309,services,BR,2019-04-29 13:45:00
MERCH-2310,Retail Plus 2310,retail,BR,2019-12-27 01:21:00
MERCH-2311,Food Global 2311,food,BR,2019-11-15 12:55:00
MERCH-2312,Electronics Central 2312,electronics,FR,2021-02-11 04:58:00
MERCH-2313,Travel Express 2313,travel,BR,2018-06-14 15:05:00
MERCH-2314,Entertainment Top 2314,entertainment,BR,2021-05-20 08:36:00
MERCH-2315,Health Global 2315,health,BR,2020-02-26 22:13:00
MERCH-2316,Services Prime 2316,services,FR,2020-02-02 13:22:00
MERCH-2317,Retail Express 2317,retail,BR,2018-09-25 13:54:00
MERCH-2318,Food Top 2318,food,BR,2023-07-02 22:27:00
MERCH-2319,Electronics Nova 2319,electronics,BR,2023-06-30 23:03:00
MERCH-2320,Travel Express 2320,travel,BR,2021-04-25 12:42:00
MERCH-2321,Entertainment Top 2321,entertainment,UK,2019-05-15 00:38:00
MERCH-2322,Health Top 2322,health,BR,2019-06-14 23:02:00
MERCH-2323,Services Global 2323,services,US,2020-11-27 12:00:00
MERCH-2324,Retail Central 2324,retail,BR,2020-04-05 04:58:00
MERCH-2325,Food Nova 2325,food,BR,2020-11-25 15:54:00
MERCH-2326,Electronics Prime 2326,electronics,FR,2023-11-26 23:29:00
MERCH-2327,Travel Nova 2327,travel,BR,2019-08-16 09:41:00
MERCH-2328,Entertainment Nova 2328,entertainment,BR,2019-03-06 00:53:00
MERCH-2329,Health Prime 2329,health,US,2018-11-03 13:42:00
MERCH-2330,Services Max 2330,services,UK,2020-02-12 06:28:00
MERCH-2331,Retail Nova 2331,retail,UK,2020-05-03 12:07:00
MERCH-2332,Food Max 2332,food,FR,2021-10-24 10:12:00
MERCH-2333,Electronics Nova 2333,electronics,BR,2019-05-01 13:12:00
MERCH-2334,Travel Nova 2334,travel,FR,2019-06-08 05:10:00
MERCH-2335,Entertainment Nova 2335,entertainment,BR,2021-01-07 15:38:00
MERCH-2336,Health Prime 2336,health,BR,2020-12-05 05:16:00
MERCH-2337,Services Express 2337,services,BR,2022-12-23 15:35:00
MERCH-2338,Retail Prime 2338,retail,BR,2021-04-03 00:12:00
MERCH-2339,Food Plus 2339,food,UK,2023-02-13 00:46:00
MERCH-2340,Electronics Express 2340,electronics,FR,2020-01-04 01:22:00
MERCH-2341,Travel Top 2341,travel,BR,2020-04-19 15:46:00
MERCH-2342,Entertainment Plus 2342,entertainment,BR,2019-05-21 10:35:00
MERCH-2343,Health Plus 2343,health,BR,2023-10-23 17:38:00
MERCH-2344,Services Max 2344,services,FR,2019-09-17 12:10:00
MERCH-2345,Retail Plus 2345,retail,FR,2020-12-27 06:26:00
MERCH-2346,Food Prime 2346,food,BR,2020-11-14 23:09:00
MERCH-2347,Electronics Central 2347,electronics,US,2018-06-28 03:03:00
MERCH-2348,Travel Max 2348,travel,BR,2018-12-14 06:44:00
MERCH-2349,Entertainment Max 2349,entertainment,BR,2023-03-11 22:12:00
MERCH-2350,Health Global 2350,health,US,2020-03-20 14:45:00
MERCH-2351,Services Express 2351,services,BR,2023-06-26 02:14:00
MERCH-2352,Retail Central 2352,retail,US,2020-09-16 04:03:00
MERCH-2353,Food Express 2353,food,BR,2020-01-28 12:35:00
MERCH-2354,Electronics Global 2354,electronics,BR,2018-08-11 00:08:00
MERCH-2355,Travel Prime 2355,travel,BR,2019-02-13 16:39:00
MERCH-2356,Entertainment Top 2356,entertainment,BR,2020-05-23 09:44:00
MERCH-2357,Health Plus 2357,health,FR,2022-04-08 12:17:00
MERCH-2358,Services Top 2358,services,BR,2019-05-05 07:25:00
MERCH-2359,Retail Global 2359,retail,BR,2023-12-10 07:41:00
MERCH-2360,Food Prime 2360,food,FR,2020-02-22 12:04:00
MERCH-2361,Electronics Top 2361,electronics,US,2018-02-08 13:58:00
MERCH-2362,Travel Top 2362,travel,FR,2023-11-15 20:47:00
MERCH-2363,Entertainment Top 2363,entertainment,FR,2018-11-29 17:23:00
MERCH-2364,Health Central 2364,health,UK,2021-01-04 21:32:00
MERCH-2365,Services Top 2365,services,FR,2019-12-07 21:10:00
MERCH-2366,Retail Plus 2366,retail,UK,2020-06-20 12:25:00
MERCH-2367,Food Prime 2367,food,BR,2019-03-05 06:30:00
MERCH-2368,Electronics Plus 2368,electronics,FR,2022-10-07 23:44:00
MERCH-2369,Travel Central 2369,travel,BR,2021-01-28 14:24:00
MERCH-2370,Entertainment Central 2370,entertainment,BR,2021-05-22 03:31:00
MERCH-2371,Health Nova 2371,health,BR,2021-06-29 02:23:00
MERCH-2372,Services Max 2372,services,BR,2022-08-21 04:23:00
MERCH-2373,Retail Prime 2373,retail,BR,2018-11-10 01:28:00
MERCH-2374,Food Max 2374,food,BR,2018-01-07 11:34:00
MERCH-2375,Electronics Global 2375,electronics,US,2018-08-26 02:02:00
MERCH-2376,Travel Central 2376,travel,BR,2018-01-05 19:11:00
MERCH-2377,Entertainment Central 2377,entertainment,US,2019-06-30 09:28:00
MERCH-2378,Health Express 2378,health,UK,2022-06-14 01:33:00
MERCH-2379,Services Top 2379,services,BR,2022-01-29 16:04:00
MERCH-2380,Retail Express 2380,retail,BR,2018-11-25 14:41:00
MERCH-2381,Food Central 2381,food,US,2022-06-03 04:16:00
MERCH-2382,Electronics Prime 2382,electronics,FR,2020-02-09 18:03:00
MERCH-2383,Travel Nova 2383,travel,BR,2019-02-15 17:18:00
MERCH-2384,Entertainment Central 2384,entertainment,UK,2021-09-07 22:40:00
MERCH-2385,Health Top 2385,health,UK,2021-01-13 22:43:00
MERCH-2386,Services Plus 2386,services,BR,2022-01-11 15:52:00
MERCH-2387,Retail Express 2387,retail,BR,2018-04-05 10:20:00
MERCH-2388,Food Prime 2388,food,BR,2020-04-12 19:05:00
MERCH-2389,Electronics Nova 2389,electronics,BR,2020-02-25 12:26:00
MERCH-2390,Travel Nova 2390,travel,BR,2021-02-16 12:43:00
MERCH-2391,Entertainment Plus 2391,entertainment,US,2019-10-12 01:30:00
MERCH-2392,Health Express 2392,health,FR,2019-12-20 12:56:00
MERCH-2393,Services Top 2393,services,FR,2018-07-17 06:38:00
MERCH-2394,Retail Max 2394,retail,BR,2022-08-13 22:07:00
MERCH-2395,Food Express 2395,food,FR,2022-02-20 04:04:00
MERCH-2396,Electronics Max 2396,electronics,UK,2023-11-26 00:29:00
MERCH-2397,Travel Nova 2397,travel,BR,2021-08-23 23:37:00
MERCH-2398,Entertainment Plus 2398,entertainment,US,2023-07-25 16:49:00
MERCH-2399,Health Global 2399,health,FR,2021-11-27 13:56:00
MERCH-2400,Services Express 2400,services,BR,2022-09-24 08:02:00
MERCH-2401,Retail Central 2401,retail,BR,2020-09-17 08:43:00
MERCH-2402,Food Plus 2402,food,UK,2021-10-23 20:51:00
MERCH-2403,Electronics Plus 2403,electronics,UK,2023-04-07 14:45:00
MERCH-2404,Travel Global 2404,travel,US,2021-02-09 19:40:00
MERCH-2405,Entertainment Top 2405,entertainment,US,2018-02-16 05:19:00
MERCH-2406,Health Nova 2406,health,FR,2023-09-28 20:00:00
MERCH-2407,Services Prime 2407,services,BR,2018-04-28 13:27:00
MERCH-2408,Retail Global 2408,retail,BR,2022-10-29 21:38:00
MERCH-2409,Food Prime 2409,food,BR,2020-07-10 18:05:00
MERCH-2410,Electronics Nova 2410,electronics,UK,2019-11-01 14:09:00
MERCH-2411,Travel Central 2411,travel,BR,2019-11-20 12:17:00
MERCH-2412,Entertainment Top 2412,entertainment,BR,2023-12-02 10:46:00
MERCH-2413,Health Express 2413,health,BR,2022-03-26 21:20:00
MERCH-2414,Services Top 2414,services,FR,2022-12-08 21:17:00
MERCH-2415,Retail Top 2415,retail,FR,2021-05-24 11:02:00
MERCH-2416,Food Central 2416,food,US,2022-12-04 07:30:00
MERCH-2417,Electronics Global 2417,electronics,BR,2020-11-06 11:55:00
MERCH-2418,Travel Plus 2418,travel,BR,2021-02-18 02:25:00
MERCH-2419,Entertainment Plus 2419,entertainment,BR,2020-08-09 10:43:00
MERCH-2420,Health Express 2420,health,BR,2018-09-11 14:48:00
MERCH-2421,Services Prime 2421,services,BR,2021-12-28 13:06:00
MERCH-2422,Retail Express 2422,retail,BR,2021-02-08 06:25:00
MERCH-2423,Food Express 2423,food,BR,2021-01-10 22:13:00
MERCH-2424,Electronics Nova 2424,electronics,UK,2018-10-30 06:57:00
MERCH-2425,Travel Central 2425,travel,BR,2019-01-16 13:29:00
MERCH-2426,Entertainment Max 2426,entertainment,BR,2022-08-24 10:39:00
MERCH-2427,Health Central 2427,health,BR,2022-01-01 08:01:00
MERCH-2428,Services Global 2428,services,US,2020-07-25 20:59:00
MERCH-2429,Retail Max 2429,retail,BR,2019-12-02 05:22:00
MERCH-2430,Food Express 2430,food,FR,2020-03-16 03:08:00
MERCH-2431,Electronics Global 2431,electronics,US,2021-10-02 19:23:00
MERCH-2432,Travel Max 2432,travel,US,2018-04-21 21:06:00
MERCH-2433,Entertainment Top 2433,entertainment,BR,2023-06-09 21:32:00
MERCH-2434,Health Max 2434,health,BR,2021-08-29 04:46:00
MERCH-2435,Services Plus 2435,services,UK,2020-01-05 00:35:00
MERCH-2436,Retail Max 2436,retail,FR,2023-10-20 18:22:00
MERCH-2437,Food Express 2437,food,BR,2020-08-19 22:42:00
MERCH-2438,Electronics Express 2438,electronics,BR,2019-05-12 17:05:00
MERCH-2439,Travel Nova 2439,travel,US,2021-05-06 07:48:00
MERCH-2440,Entertainment Central 2440,entertainment,FR,2018-08-28 16:33:00
MERCH-2441,Health Plus 2441,health,BR,2020-08-03 12:38:00
MERCH-2442,Services Express 2442,services,UK,2021-10-30 23:01:00
MERCH-2443,Retail Express 2443,retail,BR,2022-12-15 06:37:00
MERCH-2444,Food Top 2444,food,BR,2020-08-12 15:45:00
MERCH-2445,Electronics Global 2445,electronics,US,2022-12-24 00:51:00
MERCH-2446,Travel Plus 2446,travel,FR,2020-01-13 03:28:00
MERCH-2447,Entertainment Central 2447,entertainment,BR,2019-02-19 05:08:00
MERCH-2448,Health Global 2448,health,UK,2023-04-21 07:01:00
MERCH-2449,Services Max 2449,services,BR,2020-02-24 02:47:00
MERCH-2450,Retail Plus 2450,retail,BR,2018-01-03 16:24:00
MERCH-2451,Food Nova 2451,food,BR,2018-09-19 04:49:00
MERCH-2452,Electronics Prime 2452,electronics,BR,2019-01-11 10:57:00
MERCH-2453,Travel Express 2453,travel,UK,2021-04-23 08:09:00
MERCH-2454,Entertainment Max 2454,entertainment,BR,2021-09-30 08:23:00
MERCH-2455,Health Global 2455,health,UK,2023-07-17 13:04:00
MERCH-2456,Services Max 2456,services,FR,2018-07-21 12:46:00
MERCH-2457,Retail Global 2457,retail,UK,2023-05-23 03:53:00
MERCH-2458,Food Plus 2458,food,FR,2020-12-28 14:30:00
MERCH-2459,Electronics Global 2459,electronics,BR,2020-08-29 23:58:00
MERCH-2460,Travel Nova 2460,travel,BR,2021-04-30 06:31:00
MERCH-2461,Entertainment Nova 2461,entertainment,FR,2019-01-17 02:26:00
MERCH-2462,Health Top 2462,health,BR,2023-12-19 05:36:00
MERCH-2463,Services Central 2463,services,BR,2020-02-29 16:37:00
MERCH-2464,Retail Max 2464,retail,BR,2019-02-14 22:15:00
MERCH-2465,Food Top 2465,food,BR,2019-12-18 17:23:00
MERCH-2466,Electronics Nova 2466,electronics,BR,2021-04-02 06:28:00
MERCH-2467,Travel Prime 2467,travel,UK,2022-03-16 14:39:00
MERCH-2468,Entertainment Plus 2468,entertainment,US,2022-03-11 20:29:00
MERCH-2469,Health Global 2469,health,BR,2021-07-31 07:02:00
MERCH-2470,Services Express 2470,services,US,2023-03-11 07:42:00
MERCH-2471,Retail Max 2471,retail,BR,2022-10-24 00:59:00
MERCH-2472,Food Global 2472,food,UK,2023-07-08 06:23:00
MERCH-2473,Electronics Central 2473,electronics,BR,2020-04-15 12:38:00
MERCH-2474,Travel Prime 2474,travel,BR,2021-11-01 21:45:00
MERCH-2475,Entertainment Top 2475,entertainment,BR,2018-05-21 14:17:00
MERCH-2476,Health Global 2476,health,FR,2023-11-20 12:53:00
MERCH-2477,Services Global 2477,services,UK,2018-06-28 03:03:00
MERCH-2478,Retail Max 2478,retail,BR,2020-04-30 03:34:00
MERCH-2479,Food Prime 2479,food,FR,2022-03-22 05:38:00
MERCH-2480,Electronics Nova 2480,electronics,US,2019-12-29 14:21:00
MERCH-2481,Travel Top 2481,travel,FR,2018-06-07 22:21:00
MERCH-2482,Entertainment Express 2482,entertainment,BR,2023-05-26 20:34:00
MERCH-2483,Health Global 2483,health,BR,2018-09-11 21:03:00
MERCH-2484,Services Plus 2484,services,UK,2022-05-31 16:13:00
MERCH-2485,Retail Central 2485,retail,BR,2023-10-31 15:52:00
MERCH-2486,Food Prime 2486,food,UK,2018-04-02 12:04:00
MERCH-2487,Electronics Global 2487,electronics,US,2021-04-25 05:50:00
MERCH-2488,Travel Top 2488,travel,US,2021-12-23 11:36:00
MERCH-2489,Entertainment Plus 2489,entertainment,BR,2021-08-18 01:10:00
MERCH-2490,Health Top 2490,health,US,2020-09-23 08:17:00
MERCH-2491,Services Top 2491,services,BR,2020-06-25 07:05:00
MERCH-2492,Retail Max 2492,retail,BR,2020-05-20 07:17:00
MERCH-2493,Food Central 2493,food,BR,2019-08-29 22:09:00
MERCH-2494,Electronics Prime 2494,electronics,BR,2022-11-22 14:24:00
MERCH-2495,Travel Nova 2495,travel,BR,2019-08-12 11:47:00
MERCH-2496,Entertainment Prime 2496,entertainment,BR,2018-11-11 05:15:00
MERCH-2497,Health Express 2497,health,UK,2021-01-17 03:03:00
MERCH-2498,Services Global 2498,services,BR,2022-07-31 11:22:00
MERCH-2499,Retail Max 2499,retail,BR,2019-08-22 08:08:00
MERCH-2500,Food Central 2500,food,UK,2022-04-15 03:55:00
MERCH-2501,Electronics Express 2501,electronics,FR,2019-07-14 15:36:00
MERCH-2502,Travel Global 2502,travel,FR,2019-07-04 07:33:00
MERCH-2503,Entertainment Prime 2503,entertainment,BR,2019-08-23 08:42:00
MERCH-2504,Health Prime 2504,health,FR,2020-06-25 19:16:00
MERCH-2505,Services Max 2505,services,FR,2020-09-06 17:21:00
MERCH-2506,Retail Central 2506,retail,BR,2021-09-14 23:36:00
MERCH-2507,Food Express 2507,food,BR,2021-01-01 16:22:00
MERCH-2508,Electronics Central 2508,electronics,BR,2021-06-12 18:29:00
MERCH-2509,Travel Top 2509,travel,US,2018-02-11 09:03:00
MERCH-2510,Entertainment Plus 2510,entertainment,FR,2020-03-30 18:08:00
MERCH-2511,Health Prime 2511,health,FR,2020-07-20 13:28:00
MERCH-2512,Services Prime 2512,services,BR,2023-12-14 21:38:00
MERCH-2513,Retail Nova 2513,retail,US,2022-01-16 21:00:00
MERCH-2514,Food Top 2514,food,BR,2019-04-03 20:08:00
MERCH-2515,Electronics Top 2515,electronics,UK,2020-04-12 00:19:00
MERCH-2516,Travel Global 2516,travel,BR,2023-11-11 03:29:00
MERCH-2517,Entertainment Express 2517,entertainment,FR,2021-08-12 22:35:00
MERCH-2518,Health Plus 2518,health,BR,2019-12-27 23:42:00
MERCH-2519,Services Express 2519,services,BR,2022-08-26 11:54:00
MERCH-2520,Retail Central 2520,retail,UK,2021-06-26 05:17:00
MERCH-2521,Food Max 2521,food,BR,2021-10-24 05:37:00
MERCH-2522,Electronics Max 2522,electronics,FR,2019-05-04 13:05:00
MERCH-2523,Travel Central 2523,travel,BR,2019-04-05 06:50:00
MERCH-2524,Entertainment Max 2524,entertainment,UK,2022-01-17 11:09:00
MERCH-2525,Health Global 2525,health,US,2021-08-15 05:26:00
MERCH-2526,Services Prime 2526,services,BR,2019-04-14 09:17:00
MERCH-2527,Retail Express 2527,retail,BR,2022-04-14 03:55:00
MERCH-2528,Food Prime 2528,food,FR,2022-09-20 13:40:00
MERCH-2529,Electronics Nova 2529,electronics,BR,2022-10-24 09:14:00
MERCH-2530,Travel Prime 2530,travel,FR,2021-01-23 18:03:00
MERCH-2531,Entertainment Max 2531,entertainment,UK,2022-12-26 06:31:00
MERCH-2532,Health Prime 2532,health,FR,2023-12-23 00:41:00
MERCH-2533,Services Nova 2533,services,US,2020-07-02 07:56:00
MERCH-2534,Retail Nova 2534,retail,US,2020-05-19 12:33:00
MERCH-2535,Food Nova 2535,food,BR,2020-07-25 05:33:00
MERCH-2536,Electronics Global 2536,electronics,BR,2022-08-29 13:03:00
MERCH-2537,Travel Central 2537,travel,BR,2020-01-21 23:27:00
MERCH-2538,Entertainment Max 2538,entertainment,BR,2019-05-10 19:07:00
MERCH-2539,Health Express 2539,health,UK,2023-11-18 20:58:00
MERCH-2540,Services Top 2540,services,UK,2021-12-14 07:00:00
MERCH-2541,Retail Max 2541,retail,BR,2020-08-19 21:00:00
MERCH-2542,Food Plus 2542,food,BR,2018-01-28 04:35:00
MERCH-2543,Electronics Plus 2543,electronics,UK,2021-11-22 14:24:00
MERCH-2544,Travel Max 2544,travel,BR,2018-05-12 05:21:00
MERCH-2545,Entertainment Nova 2545,entertainment,US,2020-12-30 10:51:00
MERCH-2546,Health Central 2546,health,UK,2023-12-21 11:39:00
MERCH-2547,Services Global 2547,services,US,2021-05-18 14:07:00
MERCH-2548,Retail Express 2548,retail,BR,2023-02-13 00:40:00
MERCH-2549,Food Central 2549,food,BR,2023-12-04 20:44:00
MERCH-2550,Electronics Central 2550,electronics,FR,2018-06-16 21:15:00
MERCH-2551,Travel Nova 2551,travel,BR,2023-04-24 22:57:00
MERCH-2552,Entertainment Plus 2552,entertainment,FR,2021-11-09 11:08:00
MERCH-2553,Health Central 2553,health,US,2023-01-25 06:53:00
MERCH-2554,Services Global 2554,services,FR,2020-02-25 23:51:00
MERCH-2555,Retail Top 2555,retail,FR,2018-05-05 22:25:00
MERCH-2556,Food Global 2556,food,US,2018-11-05 07:09:00
MERCH-2557,Electronics Prime 2557,electronics,FR,2019-10-08 08:10:00
MERCH-2558,Travel Nova 2558,travel,FR,2018-02-06 15:11:00
MERCH-2559,Entertainment Plus 2559,entertainment,UK,2022-09-07 22:37:00
MERCH-2560,Health Express 2560,health,FR,2023-06-19 21:08:00
MERCH-2561,Services Prime 2561,services,BR,2021-01-27 09:18:00
MERCH-2562,Retail Max 2562,retail,BR,2021-11-03 06:29:00
MERCH-2563,Food Express 2563,food,BR,2021-11-21 19:23:00
MERCH-2564,Electronics Nova 2564,electronics,BR,2023-03-02 06:18:00
MERCH-2565,Travel Global 2565,travel,UK,2019-01-01 13:13:00
MERCH-2566,Entertainment Top 2566,entertainment,FR,2021-11-27 21:30:00
MERCH-2567,Health Max 2567,health,BR,2018-09-21 01:06:00
MERCH-2568,Services Central 2568,services,US,2021-05-16 19:11:00
MERCH-2569,Retail Prime 2569,retail,BR,2020-10-09 05:50:00
MERCH-2570,Food Plus 2570,food,FR,2018-11-16 20:23:00
MERCH-2571,Electronics Max 2571,electronics,US,2020-11-28 13:45:00
MERCH-2572,Travel Top 2572,travel,US,2018-08-24 18:52:00
MERCH-2573,Entertainment Top 2573,entertainment,UK,2022-06-19 04:19:00
MERCH-2574,Health Nova 2574,health,UK,2018-05-06 16:19:00
MERCH-2575,Services Global 2575,services,FR,2021-05-10 00:31:00
MERCH-2576,Retail Global 2576,retail,BR,2021-02-04 03:50:00
MERCH-2577,Food Top 2577,food,BR,2023-02-05 21:10:00
MERCH-2578,Electronics Max 2578,electronics,BR,2022-07-15 09:12:00
MERCH-2579,Travel Max 2579,travel,FR,2018-12-14 19:57:00
MERCH-2580,Entertainment Top 2580,entertainment,BR,2018-12-06 12:37:00
MERCH-2581,Health Global 2581,health,UK,2019-08-27 01:51:00
MERCH-2582,Services Max 2582,services,BR,2021-04-24 17:23:00
MERCH-2583,Retail Express 2583,retail,BR,2019-01-19 14:25:00
MERCH-2584,Food Max 2584,food,UK,2018-08-06 09:41:00
MERCH-2585,Electronics Express 2585,electronics,US,2020-12-23 00:03:00
MERCH-2586,Travel Top 2586,travel,UK,2018-07-16 05:55:00
MERCH-2587,Entertainment Express 2587,entertainment,BR,2018-08-26 10:57:00
MERCH-2588,Health Top 2588,health,US,2022-07-11 23:42:00
MERCH-2589,Services Nova 2589,services,FR,2022-06-14 10:01:00
MERCH-2590,Retail Top 2590,retail,US,2022-08-16 14:20:00
MERCH-2591,Food Nova 2591,food,US,2022-03-11 21:42:00
MERCH-2592,Electronics Top 2592,electronics,BR,2023-11-25 00:35:00
MERCH-2593,Travel Prime 2593,travel,US,2022-07-24 01:28:00
MERCH-2594,Entertainment Global 2594,entertainment,BR,2018-06-20 06:18:00
MERCH-2595,Health Express 2595,health,FR,2021-12-11 19:17:00
MERCH-2596,Services Central 2596,services,FR,2020-01-27 22:17:00
MERCH-2597,Retail Global 2597,retail,UK,2021-02-06 02:46:00
MERCH-2598,Food Express 2598,food,BR,2019-06-10 13:02:00
MERCH-2599,Electronics Prime 2599,electronics,BR,2021-05-14 00:52:00
MERCH-2600,Travel Express 2600,travel,BR,2019-11-16 15:55:00
MERCH-2601,Entertainment Prime 2601,entertainment,US,2019-01-26 17:16:00
MERCH-2602,Health Nova 2602,health,UK,2021-03-26 17:10:00
MERCH-2603,Services Central 2603,services,US,2018-11-19 03:14:00
MERCH-2604,Retail Top 2604,retail,BR,2019-08-17 14:37:00
MERCH-2605,Food Prime 2605,food,UK,2022-07-21 04:35:00
MERCH-2606,Electronics Top 2606,electronics,US,2019-12-11 21:03:00
MERCH-2607,Travel Central 2607,travel,BR,2022-03-07 17:49:00
MERCH-2608,Entertainment Max 2608,entertainment,US,2019-10-21 22:04:00
MERCH-2609,Health Central 2609,health,BR,2021-05-08 12:24:00
MERCH-2610,Services Express 2610,services,BR,2019-07-16 03:05:00
MERCH-2611,Retail Top 2611,retail,BR,2019-07-04 05:31:00
MERCH-2612,Food Top 2612,food,BR,2021-10-02 06:49:00
MERCH-2613,Electronics Max 2613,electronics,US,2021-11-29 04:41:00
MERCH-2614,Travel Max 2614,travel,UK,2021-02-14 14:19:00
MERCH-2615,Entertainment Nova 2615,entertainment,UK,2019-04-30 02:18:00
MERCH-2616,Health Nova 2616,health,BR,2018-07-08 23:43:00
MERCH-2617,Services Nova 2617,services,FR,2018-01-25 11:11:00
MERCH-2618,Retail Central 2618,retail,FR,2019-09-25 07:32:00
MERCH-2619,Food Express 2619,food,BR,2021-09-27 09:39:00
MERCH-2620,Electronics Central 2620,electronics,BR,2019-09-27 23:24:00
MERCH-2621,Travel Nova 2621,travel,BR,2022-03-06 13:32:00
MERCH-2622,Entertainment Plus 2622,entertainment,FR,2020-06-06 05:30:00
MERCH-2623,Health Top 2623,health,FR,2019-08-26 23:39:00
MERCH-2624,Services Max 2624,services,FR,2019-01-06 20:38:00
MERCH-2625,Retail Global 2625,retail,US,2020-09-21 19:25:00
MERCH-2626,Food Prime 2626,food,UK,2018-12-04 16:30:00
MERCH-2627,Electronics Express 2627,electronics,BR,2018-02-07 11:26:00
MERCH-2628,Travel Central 2628,travel,US,2023-06-24 06:04:00
MERCH-2629,Entertainment Max 2629,entertainment,FR,2022-01-12 14:18:00
MERCH-2630,Health Top 2630,health,FR,2019-02-09 02:39:00
MERCH-2631,Services Prime 2631,services,BR,2022-06-26 11:22:00
MERCH-2632,Retail Global 2632,retail,FR,2023-03-07 14:59:00
MERCH-2633,Food Prime 2633,food,BR,2023-08-31 12:32:00
MERCH-2634,Electronics Prime 2634,electronics,BR,2023-03-26 08:01:00
MERCH-2635,Travel Prime 2635,travel,US,2021-09-21 03:59:00
MERCH-2636,Entertainment Central 2636,entertainment,FR,2019-09-02 01:00:00
MERCH-2637,Health Top 2637,health,US,2021-05-19 16:40:00
MERCH-2638,Services Top 2638,services,US,2019-10-28 15:46:00
MERCH-2639,Retail Nova 2639,retail,BR,2021-10-30 13:42:00
MERCH-2640,Food Prime 2640,food,BR,2023-03-09 09:22:00
MERCH-2641,Electronics Express 2641,electronics,BR,2021-04-21 06:53:00
MERCH-2642,Travel Nova 2642,travel,BR,2020-09-06 12:11:00
MERCH-2643,Entertainment Global 2643,entertainment,FR,2019-08-09 14:31:00
MERCH-2644,Health Plus 2644,health,BR,2022-11-15 23:43:00
MERCH-2645,Services Express 2645,services,FR,2023-04-30 05:36:00
MERCH-2646,Retail Nova 2646,retail,BR,2018-03-31 21:42:00
MERCH-2647,Food Plus 2647,food,BR,2020-11-18 03:35:00
MERCH-2648,Electronics Max 2648,electronics,FR,2023-01-18 13:50:00
MERCH-2649,Travel Global 2649,travel,FR,2023-04-25 17:22:00
MERCH-2650,Entertainment Prime 2650,entertainment,BR,2023-04-07 19:51:00
MERCH-2651,Health Express 2651,health,BR,2023-09-01 11:07:00
MERCH-2652,Services Max 2652,services,FR,2019-01-03 10:07:00
MERCH-2653,Retail Plus 2653,retail,BR,2023-06-29 21:01:00
MERCH-2654,Food Top 2654,food,BR,2021-08-08 11:04:00
MERCH-2655,Electronics Max 2655,electronics,FR,2018-05-19 04:02:00
MERCH-2656,Travel Global 2656,travel,BR,2018-06-08 18:50:00
MERCH-2657,Entertainment Top 2657,entertainment,US,2021-12-31 05:10:00
MERCH-2658,Health Central 2658,health,BR,2021-08-21 10:23:00
MERCH-2659,Services Express 2659,services,US,2023-08-04 20:04:00
MERCH-2660,Retail Max 2660,retail,BR,2019-03-19 00:59:00
MERCH-2661,Food Nova 2661,food,UK,2022-04-28 03:19:00
MERCH-2662,Electronics Prime 2662,electronics,BR,2021-12-28 19:18:00
MERCH-2663,Travel Express 2663,travel,UK,2023-10-08 13:17:00
MERCH-2664,Entertainment Global 2664,entertainment,UK,2022-01-18 17:17:00
MERCH-2665,Health Express 2665,health,FR,2018-01-12 14:03:00
MERCH-2666,Services Prime 2666,services,BR,2020-08-13 09:17:00
MERCH-2667,Retail Nova 2667,retail,US,2022-09-07 01:21:00
MERCH-2668,Food Plus 2668,food,US,2021-12-17 14:28:00
MERCH-2669,Electronics Nova 2669,electronics,BR,2022-07-31 21:34:00
MERCH-2670,Travel Global 2670,travel,FR,2021-03-10 23:08:00
MERCH-2671,Entertainment Prime 2671,entertainment,BR,2021-04-03 23:55:00
MERCH-2672,Health Plus 2672,health,BR,2021-04-20 15:52:00
MERCH-2673,Services Express 2673,services,BR,2022-01-20 01:50:00
MERCH-2674,Retail Express 2674,retail,US,2023-08-11 00:55:00
MERCH-2675,Food Prime 2675,food,FR,2022-07-11 22:54:00
MERCH-2676,Electronics Max 2676,electronics,BR,2023-03-28 08:05:00
MERCH-2677,Travel Central 2677,travel,UK,2019-01-17 16:22:00
MERCH-2678,Entertainment Nova 2678,entertainment,BR,2022-06-25 15:34:00
MERCH-2679,Health Nova 2679,health,FR,2019-07-07 13:49:00
MERCH-2680,Services Nova 2680,services,BR,2023-11-27 10:28:00
MERCH-2681,Retail Plus 2681,retail,US,2021-10-30 20:27:00
MERCH-2682,Food Top 2682,food,FR,2018-08-12 18:24:00
MERCH-2683,Electronics Global 2683,electronics,UK,2022-04-29 15:45:00
MERCH-2684,Travel Top 2684,travel,FR,2020-09-26 19:42:00
MERCH-2685,Entertainment Max 2685,entertainment,FR,2018-02-17 22:20:00
MERCH-2686,Health Central 2686,health,UK,2023-08-22 09:14:00
MERCH-2687,Services Prime 2687,services,BR,2023-07-25 10:33:00
MERCH-2688,Retail Max 2688,retail,US,2023-09-29 22:01:00
MERCH-2689,Food Plus 2689,food,BR,2022-02-10 16:50:00
MERCH-2690,Electronics Express 2690,electronics,UK,2019-08-30 16:19:00
MERCH-2691,Travel Max 2691,travel,BR,2022-09-18 20:34:00
MERCH-2692,Entertainment Top 2692,entertainment,BR,2018-02-14 11:06:00
MERCH-2693,Health Nova 2693,health,BR,2018-09-11 06:58:00
MERCH-2694,Services Plus 2694,services,US,2018-03-31 09:27:00
MERCH-2695,Retail Top 2695,retail,UK,2018-11-05 23:13:00
MERCH-2696,Food Max 2696,food,BR,2023-05-10 11:05:00
MERCH-2697,Electronics Top 2697,electronics,FR,2018-04-11 00:22:00
MERCH-2698,Travel Plus 2698,travel,BR,2022-04-08 00:46:00
MERCH-2699,Entertainment Plus 2699,entertainment,BR,2019-01-31 13:57:00
MERCH-2700,Health Express 2700,health,BR,2018-03-26 15:59:00
MERCH-2701,Services Global 2701,services,UK,2022-05-23 16:22:00
MERCH-2702,Retail Prime 2702,retail,BR,2018-07-14 06:04:00
MERCH-2703,Food Central 2703,food,UK,2022-08-11 01:57:00
MERCH-2704,Electronics Top 2704,electronics,US,2021-02-27 11:39:00
MERCH-2705,Travel Top 2705,travel,US,2019-10-03 07:53:00
MERCH-2706,Entertainment Express 2706,entertainment,BR,2018-02-20 19:59:00
MERCH-2707,Health Plus 2707,health,BR,2019-10-14 02:56:00
MERCH-2708,Services Nova 2708,services,BR,2022-01-05 22:19:00
MERCH-2709,Retail Top 2709,retail,US,2020-11-19 05:28:00
MERCH-2710,Food Plus 2710,food,US,2018-01-03 19:11:00
MERCH-2711,Electronics Prime 2711,electronics,FR,2022-08-15 08:22:00
MERCH-2712,Travel Central 2712,travel,US,2020-10-09 04:29:00
MERCH-2713,Entertainment Max 2713,entertainment,BR,2021-11-29 08:17:00
MERCH-2714,Health Global 2714,health,US,2022-09-12 10:48:00
MERCH-2715,Services Plus 2715,services,BR,2021-10-25 04:43:00
MERCH-2716,Retail Max 2716,retail,US,2020-01-30 04:02:00
MERCH-2717,Food Plus 2717,food,UK,2019-08-10 02:46:00
MERCH-2718,Electronics Global 2718,electronics,US,2018-08-10 01:25:00
MERCH-2719,Travel Nova 2719,travel,UK,2023-10-16 01:19:00
MERCH-2720,Entertainment Central 2720,entertainment,FR,2022-09-16 12:00:00
MERCH-2721,Health Max 2721,health,US,2020-02-28 00:32:00
MERCH-2722,Services Plus 2722,services,BR,2023-12-14 15:37:00
MERCH-2723,Retail Central 2723,retail,UK,2020-10-27 11:29:00
MERCH-2724,Food Top 2724,food,BR,2022-04-04 19:18:00
MERCH-2725,Electronics Central 2725,electronics,BR,2019-04-14 10:41:00
MERCH-2726,Travel Global 2726,travel,BR,2018-10-03 07:23:00
MERCH-2727,Entertainment Express 2727,entertainment,US,2021-05-15 09:24:00
MERCH-2728,Health Express 2728,health,BR,2020-07-10 02:32:00
MERCH-2729,Services Plus 2729,services,BR,2022-01-20 19:06:00
MERCH-2730,Retail Central 2730,retail,BR,2022-06-30 11:02:00
MERCH-2731,Food Central 2731,food,BR,2020-06-09 20:49:00
MERCH-2732,Electronics Prime 2732,electronics,US,2020-05-05 23:47:00
MERCH-2733,Travel Prime 2733,travel,UK,2020-07-07 21:54:00
MERCH-2734,Entertainment Plus 2734,entertainment,BR,2023-11-06 22:28:00
MERCH-2735,Health Central 2735,health,BR,2018-03-16 11:50:00
MERCH-2736,Services Central 2736,services,US,2018-04-12 17:14:00
MERCH-2737,Retail Global 2737,retail,UK,2022-02-20 20:24:00
MERCH-2738,Food Max 2738,food,US,2020-01-21 09:51:00
MERCH-2739,Electronics Plus 2739,electronics,BR,2023-08-28 09:15:00
MERCH-2740,Travel Nova 2740,travel,US,2023-10-23 19:19:00
MERCH-2741,Entertainment Nova 2741,entertainment,US,2019-12-12 17:38:00
MERCH-2742,Health Global 2742,health,FR,2022-07-30 03:09:00
MERCH-2743,Services Central 2743,services,UK,2022-06-04 00:25:00
MERCH-2744,Retail Nova 2744,retail,BR,2018-11-01 18:28:00
MERCH-2745,Food Prime 2745,food,UK,2022-07-31 23:52:00
MERCH-2746,Electronics Max 2746,electronics,US,2022-08-03 12:12:00
MERCH-2747,Travel Plus 2747,travel,UK,2018-07-17 03:25:00
MERCH-2748,Entertainment Global 2748,entertainment,BR,2019-02-22 19:59:00
MERCH-2749,Health Global 2749,health,BR,2018-02-08 15:48:00
MERCH-2750,Services Nova 2750,services,FR,2019-01-02 13:44:00
MERCH-2751,Retail Nova 2751,retail,FR,2023-03-23 02:03:00
MERCH-2752,Food Express 2752,food,FR,2020-11-10 02:18:00
MERCH-2753,Electronics Prime 2753,electronics,BR,2018-10-29 15:41:00
MERCH-2754,Travel Central 2754,travel,BR,2019-07-26 19:41:00
MERCH-2755,Entertainment Nova 2755,entertainment,BR,2023-12-19 16:13:00
MERCH-2756,Health Nova 2756,health,FR,2019-04-29 15:53:00
MERCH-2757,Services Nova 2757,services,BR,2018-07-03 15:45:00
MERCH-2758,Retail Max 2758,retail,US,2022-07-03 20:34:00
MERCH-2759,Food Central 2759,food,FR,2023-10-24 11:40:00
MERCH-2760,Electronics Global 2760,electronics,BR,2019-02-11 09:18:00
MERCH-2761,Travel Plus 2761,travel,US,2023-06-02 20:11:00
MERCH-2762,Entertainment Plus 2762,entertainment,US,2021-02-07 14:16:00
MERCH-2763,Health Central 2763,health,US,2023-01-18 00:52:00
MERCH-2764,Services Express 2764,services,UK,2023-10-22 04:47:00
MERCH-2765,Retail Max 2765,retail,BR,2018-07-26 21:36:00
MERCH-2766,Food Nova 2766,food,FR,2018-02-18 15:04:00
MERCH-2767,Electronics Global 2767,electronics,UK,2022-07-02 06:41:00
MERCH-2768,Travel Plus 2768,travel,BR,2022-05-22 07:42:00
MERCH-2769,Entertainment Plus 2769,entertainment,BR,2020-04-15 06:41:00
MERCH-2770,Health Global 2770,health,UK,2018-03-04 04:16:00
MERCH-2771,Services Prime 2771,services,BR,2022-01-27 00:52:00
MERCH-2772,Retail Top 2772,retail,BR,2019-11-27 14:36:00
MERCH-2773,Food Global 2773,food,UK,2023-01-20 14:34:00
MERCH-2774,Electronics Plus 2774,electronics,BR,2023-08-18 08:05:00
MERCH-2775,Travel Express 2775,travel,US,2021-01-25 21:27:00
MERCH-2776,Entertainment Global 2776,entertainment,BR,2022-01-24 21:33:00
MERCH-2777,Health Central 2777,health,BR,2021-10-06 13:51:00
MERCH-2778,Services Max 2778,services,UK,2020-06-18 18:53:00
MERCH-2779,Retail Prime 2779,retail,BR,2022-05-24 16:53:00
MERCH-2780,Food Prime 2780,food,BR,2019-10-10 23:13:00
MERCH-2781,Electronics Prime 2781,electronics,US,2018-08-15 06:09:00
MERCH-2782,Travel Top 2782,travel,BR,2018-06-14 12:15:00
MERCH-2783,Entertainment Plus 2783,entertainment,US,2021-08-01 00:42:00
MERCH-2784,Health Plus 2784,health,BR,2021-12-07 19:40:00
MERCH-2785,Services Express 2785,services,FR,2023-08-14 13:18:00
MERCH-2786,Retail Express 2786,retail,BR,2018-04-08 04:41:00
MERCH-2787,Food Central 2787,food,UK,2019-03-31 15:09:00
MERCH-2788,Electronics Plus 2788,electronics,US,2020-07-19 20:56:00
MERCH-2789,Travel Nova 2789,travel,BR,2018-04-08 13:34:00
MERCH-2790,Entertainment Express 2790,entertainment,FR,2019-11-25 21:16:00
MERCH-2791,Health Central 2791,health,US,2019-09-02 09:07:00
MERCH-2792,Services Central 2792,services,US,2021-01-06 05:06:00
MERCH-2793,Retail Plus 2793,retail,US,2022-03-24 08:12:00
MERCH-2794,Food Prime 2794,food,FR,2022-09-28 23:53:00
MERCH-2795,Electronics Express 2795,electronics,UK,2020-02-15 14:54:00
MERCH-2796,Travel Plus 2796,travel,BR,2023-04-14 08:26:00
MERCH-2797,Entertainment Top 2797,entertainment,BR,2020-07-31 15:19:00
MERCH-2798,Health Plus 2798,health,BR,2018-07-06 20:00:00
MERCH-2799,Services Top 2799,services,UK,2020-03-31 19:31:00
MERCH-2800,Retail Top 2800,retail,BR,2021-10-20 06:29:00
MERCH-2801,Food Max 2801,food,FR,2018-10-03 23:08:00
MERCH-2802,Electronics Nova 2802,electronics,BR,2020-07-10 10:49:00
MERCH-2803,Travel Plus 2803,travel,BR,2020-11-04 02:06:00
MERCH-2804,Entertainment Max 2804,entertainment,FR,2021-07-15 12:04:00
MERCH-2805,Health Nova 2805,health,FR,2020-05-15 13:45:00
MERCH-2806,Services Express 2806,services,BR,2020-07-30 05:02:00
MERCH-2807,Retail Top 2807,retail,UK,2023-03-22 22:30:00
MERCH-2808,Food Central 2808,food,BR,2023-08-22 20:35:00
MERCH-2809,Electronics Max 2809,electronics,BR,2018-10-31 14:05:00
MERCH-2810,Travel Prime 2810,travel,FR,2020-07-05 13:19:00
MERCH-2811,Entertainment Top 2811,entertainment,BR,2021-10-19 09:24:00
MERCH-2812,Health Global 2812,health,BR,2022-05-02 21:38:00
MERCH-2813,Services Prime 2813,services,US,2020-07-20 09:19:00
MERCH-2814,Retail Top 2814,retail,FR,2020-04-15 12:12:00
MERCH-2815,Food Top 2815,food,BR,2021-12-11 04:14:00
MERCH-2816,Electronics Max 2816,electronics,FR,2018-06-25 14:11:00
MERCH-2817,Travel Top 2817,travel,UK,2023-12-28 04:09:00
MERCH-2818,Entertainment Central 2818,entertainment,UK,2022-11-08 10:37:00
MERCH-2819,Health Global 2819,health,FR,2022-01-08 00:29:00
MERCH-2820,Services Global 2820,services,UK,2018-07-17 05:20:00
MERCH-2821,Retail Global 2821,retail,US,2020-01-25 21:46:00
MERCH-2822,Food Max 2822,food,BR,2023-08-09 07:38:00
MERCH-2823,Electronics Express 2823,electronics,BR,2021-11-13 06:43:00
MERCH-2824,Travel Top 2824,travel,BR,2018-05-31 08:32:00
MERCH-2825,Entertainment Nova 2825,entertainment,FR,2023-12-15 11:54:00
MERCH-2826,Health Max 2826,health,BR,2021-01-02 13:47:00
MERCH-2827,Services Global 2827,services,UK,2019-08-25 16:12:00
MERCH-2828,Retail Express 2828,retail,BR,2019-12-13 07:30:00
MERCH-2829,Food Max 2829,food,BR,2019-02-08 03:19:00
MERCH-2830,Electronics Max 2830,electronics,BR,2021-08-09 18:00:00
MERCH-2831,Travel Max 2831,travel,BR,2018-08-13 15:48:00
MERCH-2832,Entertainment Max 2832,entertainment,US,2023-10-06 08:07:00
MERCH-2833,Health Express 2833,health,BR,2021-03-18 03:47:00
MERCH-2834,Services Central 2834,services,BR,2023-02-07 15:47:00
MERCH-2835,Retail Express 2835,retail,FR,2020-02-24 12:28:00
MERCH-2836,Food Express 2836,food,BR,2021-09-13 11:03:00
MERCH-2837,Electronics Top 2837,electronics,FR,2018-11-17 16:39:00
MERCH-2838,Travel Top 2838,travel,FR,2019-04-14 02:04:00
MERCH-2839,Entertainment Top 2839,entertainment,US,2022-08-17 09:19:00
MERCH-2840,Health Nova 2840,health,US,2021-11-03 04:24:00
MERCH-2841,Services Express 2841,services,FR,2019-09-20 23:31:00
MERCH-2842,Retail Plus 2842,retail,BR,2018-03-13 14:38:00
MERCH-2843,Food Max 2843,food,BR,2023-03-13 11:49:00
MERCH-2844,Electronics Plus 2844,electronics,US,2022-06-20 21:27:00
MERCH-2845,Travel Express 2845,travel,UK,2021-04-18 13:20:00
MERCH-2846,Entertainment Prime 2846,entertainment,BR,2022-07-21 13:38:00
MERCH-2847,Health Prime 2847,health,BR,2022-11-14 19:43:00
MERCH-2848,Services Express 2848,services,UK,2023-10-10 12:33:00
MERCH-2849,Retail Nova 2849,retail,FR,2018-09-20 22:46:00
MERCH-2850,Food Express 2850,food,BR,2023-08-06 20:13:00
MERCH-2851,Electronics Express 2851,electronics,FR,2022-01-26 17:33:00
MERCH-2852,Travel Central 2852,travel,BR,2021-02-15 01:50:00
MERCH-2853,Entertainment Max 2853,entertainment,FR,2019-12-02 22:51:00
MERCH-2854,Health Nova 2854,health,BR,2023-11-04 02:35:00
MERCH-2855,Services Max 2855,services,BR,2020-03-10 18:09:00
MERCH-2856,Retail Max 2856,retail,BR,2020-03-21 07:55:00
MERCH-2857,Food Express 2857,food,UK,2020-07-16 02:36:00
MERCH-2858,Electronics Global 2858,electronics,BR,2018-09-07 03:33:00
MERCH-2859,Travel Central 2859,travel,BR,2018-05-30 00:45:00
MERCH-2860,Entertainment Max 2860,entertainment,BR,2021-03-17 21:23:00
MERCH-2861,Health Central 2861,health,BR,2019-08-15 08:29:00
MERCH-2862,Services Express 2862,services,US,2021-06-09 15:32:00
MERCH-2863,Retail Global 2863,retail,FR,2020-08-08 15:51:00
MERCH-2864,Food Nova 2864,food,BR,2022-11-19 15:59:00
MERCH-2865,Electronics Nova 2865,electronics,UK,2021-07-25 07:59:00
MERCH-2866,Travel Top 2866,travel,US,2020-11-15 10:03:00
MERCH-2867,Entertainment Prime 2867,entertainment,UK,2021-05-27 15:45:00
MERCH-2868,Health Top 2868,health,BR,2023-03-21 15:00:00
MERCH-2869,Services Prime 2869,services,BR,2019-07-22 02:26:00
MERCH-2870,Retail Max 2870,retail,UK,2018-06-23 20:06:00
MERCH-2871,Food Top 2871,food,UK,2019-05-18 18:56:00
MERCH-2872,Electronics Top 2872,electronics,BR,2022-04-11 22:22:00
MERCH-2873,Travel Top 2873,travel,FR,2020-05-01 00:18:00
MERCH-2874,Entertainment Global 2874,entertainment,US,2020-05-18 03:38:00
MERCH-2875,Health Top 2875,health,FR,2018-05-28 04:55:00
MERCH-2876,Services Express 2876,services,BR,2019-09-07 07:00:00
MERCH-2877,Retail Express 2877,retail,UK,2020-11-18 22:43:00
MERCH-2878,Food Plus 2878,food,UK,2019-05-31 19:43:00
MERCH-2879,Electronics Nova 2879,electronics,US,2021-02-24 16:42:00
MERCH-2880,Travel Global 2880,travel,BR,2021-02-18 11:54:00
MERCH-2881,Entertainment Prime 2881,entertainment,BR,2021-03-01 06:08:00
MERCH-2882,Health Global 2882,health,UK,2018-02-17 21:40:00
MERCH-2883,Services Nova 2883,services,BR,2021-02-02 12:21:00
MERCH-2884,Retail Prime 2884,retail,BR,2021-09-28 07:43:00
MERCH-2885,Food Top 2885,food,UK,2019-03-20 10:58:00
MERCH-2886,Electronics Central 2886,electronics,BR,2019-11-18 06:47:00
MERCH-2887,Travel Top 2887,travel,UK,2020-06-26 14:10:00
MERCH-2888,Entertainment Central 2888,entertainment,BR,2022-02-10 16:43:00
MERCH-2889,Health Plus 2889,health,UK,2020-03-30 07:26:00
MERCH-2890,Services Prime 2890,services,BR,2023-01-14 22:13:00
MERCH-2891,Retail Top 2891,retail,BR,2019-11-29 17:13:00
MERCH-2892,Food Global 2892,food,BR,2023-06-04 02:18:00
MERCH-2893,Electronics Global 2893,electronics,BR,2018-10-04 18:11:00
MERCH-2894,Travel Prime 2894,travel,US,2021-02-04 16:23:00
MERCH-2895,Entertainment Global 2895,entertainment,US,2020-12-29 06:32:00
MERCH-2896,Health Express 2896,health,BR,2023-12-30 14:16:00
MERCH-2897,Services Nova 2897,services,BR,2020-11-22 19:52:00
MERCH-2898,Retail Nova 2898,retail,BR,2018-07-30 19:04:00
MERCH-2899,Food Central 2899,food,FR,2022-04-03 16:53:00
MERCH-2900,Electronics Max 2900,electronics,UK,2021-08-14 12:57:00
MERCH-2901,Travel Top 2901,travel,BR,2019-03-20 11:59:00
MERCH-2902,Entertainment Max 2902,entertainment,BR,2018-08-10 05:28:00
MERCH-2903,Health Central 2903,health,BR,2022-01-29 16:57:00
MERCH-2904,Services Top 2904,services,BR,2018-08-21 10:20:00
MERCH-2905,Retail Top 2905,retail,US,2023-10-31 12:35:00
MERCH-2906,Food Central 2906,food,FR,2023-11-25 17:53:00
MERCH-2907,Electronics Central 2907,electronics,US,2019-06-17 00:35:00
MERCH-2908,Travel Central 2908,travel,US,2020-05-12 17:28:00
MERCH-2909,Entertainment Central 2909,entertainment,BR,2023-01-30 19:28:00
MERCH-2910,Health Plus 2910,health,UK,2020-02-02 16:24:00
MERCH-2911,Services Max 2911,services,UK,2019-08-04 08:41:00
MERCH-2912,Retail Prime 2912,retail,US,2023-09-26 09:38:00
MERCH-2913,Food Express 2913,food,BR,2020-06-28 12:48:00
MERCH-2914,Electronics Prime 2914,electronics,US,2018-03-11 15:07:00
MERCH-2915,Travel Top 2915,travel,US,2022-12-30 18:34:00
MERCH-2916,Entertainment Nova 2916,entertainment,US,2020-07-19 11:08:00
MERCH-2917,Health Global 2917,health,BR,2019-03-06 15:05:00
MERCH-2918,Services Top 2918,services,BR,2020-10-13 23:03:00
MERCH-2919,Retail Express 2919,retail,BR,2023-06-14 05:45:00
MERCH-2920,Food Express 2920,food,UK,2019-09-08 22:04:00
MERCH-2921,Electronics Global 2921,electronics,BR,2020-10-06 09:15:00
MERCH-2922,Travel Nova 2922,travel,US,2018-02-10 17:40:00
MERCH-2923,Entertainment Prime 2923,entertainment,FR,2018-07-17 02:34:00
MERCH-2924,Health Central 2924,health,US,2023-06-25 01:57:00
MERCH-2925,Services Express 2925,services,UK,2022-12-01 19:36:00
MERCH-2926,Retail Max 2926,retail,BR,2018-03-11 20:11:00
MERCH-2927,Food Global 2927,food,FR,2023-04-10 22:51:00
MERCH-2928,Electronics Central 2928,electronics,FR,2020-10-04 23:07:00
MERCH-2929,Travel Central 2929,travel,US,2021-05-24 18:56:00
MERCH-2930,Entertainment Plus 2930,entertainment,BR,2018-10-02 15:03:00
MERCH-2931,Health Max 2931,health,BR,2019-11-13 12:44:00
MERCH-2932,Services Global 2932,services,US,2018-12-22 12:31:00
MERCH-2933,Retail Prime 2933,retail,US,2020-01-12 22:31:00
MERCH-2934,Food Max 2934,food,BR,2020-11-05 08:20:00
MERCH-2935,Electronics Prime 2935,electronics,UK,2019-05-13 05:06:00
MERCH-2936,Travel Express 2936,travel,UK,2020-05-02 13:41:00
MERCH-2937,Entertainment Express 2937,entertainment,BR,2019-04-02 04:07:00
MERCH-2938,Health Express 2938,health,FR,2022-01-18 14:58:00
MERCH-2939,Services Prime 2939,services,FR,2020-11-04 11:48:00
MERCH-2940,Retail Express 2940,retail,UK,2018-05-19 12:35:00
MERCH-2941,Food Max 2941,food,BR,2019-02-08 23:15:00
MERCH-2942,Electronics Plus 2942,electronics,UK,2021-02-17 04:03:00
MERCH-2943,Travel Central 2943,travel,BR,2018-12-17 02:27:00
MERCH-2944,Entertainment Top 2944,entertainment,US,2022-11-04 19:45:00
MERCH-2945,Health Express 2945,health,BR,2020-08-31 07:47:00
MERCH-2946,Services Max 2946,services,US,2018-06-16 03:47:00
MERCH-2947,Retail Global 2947,retail,BR,2023-09-07 04:14:00
MERCH-2948,Food Nova 2948,food,UK,2023-12-25 01:18:00
MERCH-2949,Electronics Prime 2949,electronics,UK,2019-11-06 19:52:00
MERCH-2950,Travel Nova 2950,travel,BR,2019-11-27 00:01:00
MERCH-2951,Entertainment Global 2951,entertainment,BR,2023-06-27 22:37:00
MERCH-2952,Health Max 2952,health,FR,2018-05-14 11:34:00
MERCH-2953,Services Express 2953,services,BR,2021-11-17 13:54:00
MERCH-2954,Retail Top 2954,retail,BR,2019-03-19 14:44:00
MERCH-2955,Food Global 2955,food,BR,2022-01-13 07:57:00
MERCH-2956,Electronics Nova 2956,electronics,FR,2018-05-18 16:36:00
MERCH-2957,Travel Global 2957,travel,FR,2021-11-04 10:26:00
MERCH-2958,Entertainment Top 2958,entertainment,BR,2020-10-30 08:55:00
MERCH-2959,Health Global 2959,health,UK,2022-10-03 08:06:00
MERCH-2960,Services Nova 2960,services,FR,2019-03-26 14:32:00
MERCH-2961,Retail Max 2961,retail,UK,2023-11-18 18:24:00
MERCH-2962,Food Central 2962,food,BR,2019-07-11 13:16:00
MERCH-2963,Electronics Central 2963,electronics,US,2022-03-03 13:57:00
MERCH-2964,Travel Nova 2964,travel,BR,2018-10-07 16:54:00
MERCH-2965,Entertainment Top 2965,entertainment,BR,2023-03-24 21:01:00
MERCH-2966,Health Express 2966,health,FR,2022-09-17 18:43:00
MERCH-2967,Services Central 2967,services,BR,2022-02-10 01:02:00
MERCH-2968,Retail Central 2968,retail,BR,2020-08-27 01:24:00
MERCH-2969,Food Nova 2969,food,UK,2023-05-09 15:14:00
MERCH-2970,Electronics Plus 2970,electronics,BR,2023-04-09 16:37:00
MERCH-2971,Travel Max 2971,travel,BR,2022-08-30 15:06:00
MERCH-2972,Entertainment Max 2972,entertainment,UK,2018-12-10 11:05:00
MERCH-2973,Health Express 2973,health,US,2019-09-08 18:11:00
MERCH-2974,Services Plus 2974,services,BR,2019-05-12 07:30:00
MERCH-2975,Retail Central 2975,retail,BR,2022-11-25 05:54:00
MERCH-2976,Food Plus 2976,food,BR,2020-01-08 07:24:00
MERCH-2977,Electronics Nova 2977,electronics,UK,2021-10-02 11:45:00
MERCH-2978,Travel Global 2978,travel,BR,2022-07-13 10:05:00
MERCH-2979,Entertainment Prime 2979,entertainment,BR,2021-10-05 19:48:00
MERCH-2980,Health Plus 2980,health,FR,2020-01-03 07:50:00
MERCH-2981,Services Central 2981,services,BR,2018-03-28 02:34:00
MERCH-2982,Retail Nova 2982,retail,US,2020-11-04 12:17:00
MERCH-2983,Food Nova 2983,food,US,2022-03-24 14:41:00
MERCH-2984,Electronics Max 2984,electronics,US,2023-05-18 18:35:00
MERCH-2985,Travel Global 2985,travel,BR,2021-10-26 18:56:00
MERCH-2986,Entertainment Nova 2986,entertainment,US,2022-10-11 08:25:00
MERCH-2987,Health Top 2987,health,BR,2021-01-03 04:48:00
MERCH-2988,Services Plus 2988,services,BR,2019-01-29 12:12:00
MERCH-2989,Retail Top 2989,retail,FR,2021-01-07 07:15:00
MERCH-2990,Food Central 2990,food,US,2020-05-01 01:10:00
MERCH-2991,Electronics Nova 2991,electronics,BR,2018-10-29 13:45:00
MERCH-2992,Travel Central 2992,travel,BR,2022-06-15 06:01:00
MERCH-2993,Entertainment Central 2993,entertainment,US,2019-07-17 00:55:00
MERCH-2994,Health Global 2994,health,FR,2021-12-30 11:22:00
MERCH-2995,Services Express 2995,services,BR,2020-11-01 17:33:00
MERCH-2996,Retail Nova 2996,retail,BR,2018-01-14 19:50:00
MERCH-2997,Food Global 2997,food,BR,2022-08-19 21:20:00
MERCH-2998,Electronics Max 2998,electronics,US,2018-12-07 16:33:00
MERCH-2999,Travel Central 2999,travel,US,2019-02-03 06:17:00
MERCH-3000,Entertainment Max 3000,entertainment,US,2021-11-08 06:42:00
MERCH-3001,Health Max 3001,health,FR,2019-01-21 15:20:00
MERCH-3002,Services Top 3002,services,UK,2021-05-04 15:44:00
MERCH-3003,Retail Nova 3003,retail,BR,2022-06-16 23:18:00
MERCH-3004,Food Global 3004,food,FR,2023-04-26 03:29:00
MERCH-3005,Electronics Prime 3005,electronics,BR,2021-05-29 18:11:00
MERCH-3006,Travel Top 3006,travel,UK,2021-09-30 15:01:00
MERCH-3007,Entertainment Prime 3007,entertainment,BR,2021-09-01 15:39:00
MERCH-3008,Health Express 3008,health,FR,2020-02-02 00:54:00
MERCH-3009,Services Prime 3009,services,BR,2019-12-25 18:57:00
MERCH-3010,Retail Global 3010,retail,US,2021-11-20 21:39:00
MERCH-3011,Food Nova 3011,food,UK,2019-04-02 12:21:00
MERCH-3012,Electronics Global 3012,electronics,BR,2022-11-22 07:07:00
MERCH-3013,Travel Central 3013,travel,UK,2019-09-02 07:38:00
MERCH-3014,Entertainment Max 3014,entertainment,UK,2019-12-02 00:14:00
MERCH-3015,Health Max 3015,health,FR,2019-01-31 02:34:00
MERCH-3016,Services Top 3016,services,UK,2018-05-02 15:42:00
MERCH-3017,Retail Max 3017,retail,BR,2019-07-03 04:33:00
MERCH-3018,Food Plus 3018,food,BR,2019-11-21 13:18:00
MERCH-3019,Electronics Central 3019,electronics,BR,2018-09-28 20:37:00
MERCH-3020,Travel Nova 3020,travel,UK,2022-12-10 03:17:00
MERCH-3021,Entertainment Plus 3021,entertainment,BR,2023-09-28 14:13:00
MERCH-3022,Health Plus 3022,health,BR,2020-08-16 09:46:00
MERCH-3023,Services Plus 3023,services,FR,2019-08-11 12:12:00
MERCH-3024,Retail Plus 3024,retail,BR,2021-09-11 04:54:00
MERCH-3025,Food Nova 3025,food,UK,2022-09-11 00:35:00
MERCH-3026,Electronics Central 3026,electronics,US,2022-08-05 11:58:00
MERCH-3027,Travel Plus 3027,travel,BR,2022-04-05 09:57:00
MERCH-3028,Entertainment Nova 3028,entertainment,US,2020-11-27 22:57:00
MERCH-3029,Health Max 3029,health,US,2022-08-02 16:54:00
MERCH-3030,Services Plus 3030,services,UK,2019-11-10 16:53:00
MERCH-3031,Retail Top 3031,retail,BR,2018-10-02 01:31:00
MERCH-3032,Food Global 3032,food,BR,2023-06-25 12:29:00
MERCH-3033,Electronics Central 3033,electronics,US,2020-09-26 10:02:00
MERCH-3034,Travel Global 3034,travel,UK,2021-03-15 08:29:00
MERCH-3035,Entertainment Prime 3035,entertainment,UK,2018-05-30 01:37:00
MERCH-3036,Health Central 3036,health,BR,2020-05-04 09:48:00
MERCH-3037,Services Plus 3037,services,US,2020-07-02 22:12:00
MERCH-3038,Retail Nova 3038,retail,BR,2019-09-18 00:01:00
MERCH-3039,Food Plus 3039,food,BR,2023-09-09 22:56:00
MERCH-3040,Electronics Prime 3040,electronics,UK,2023-06-18 08:14:00
MERCH-3041,Travel Plus 3041,travel,US,2023-04-12 12:03:00
MERCH-3042,Entertainment Prime 3042,entertainment,FR,2023-05-28 03:47:00
MERCH-3043,Health Top 3043,health,UK,2022-08-06 05:26:00
MERCH-3044,Services Prime 3044,services,BR,2021-02-01 19:37:00
MERCH-3045,Retail Plus 3045,retail,BR,2019-06-12 07:29:00
MERCH-3046,Food Top 3046,food,BR,2019-12-22 03:49:00
MERCH-3047,Electronics Prime 3047,electronics,BR,2018-12-12 18:45:00
MERCH-3048,Travel Nova 3048,travel,BR,2022-04-17 02:55:00
MERCH-3049,Entertainment Plus 3049,entertainment,FR,2022-06-08 06:26:00
MERCH-3050,Health Top 3050,health,BR,2021-08-01 13:06:00
MERCH-3051,Services Express 3051,services,BR,2021-01-26 11:54:00
MERCH-3052,Retail Plus 3052,retail,BR,2023-07-16 02:49:00
MERCH-3053,Food Prime 3053,food,BR,2022-05-31 09:22:00
MERCH-3054,Electronics Prime 3054,electronics,US,2019-04-30 05:27:00
MERCH-3055,Travel Max 3055,travel,BR,2023-03-04 23:04:00
MERCH-3056,Entertainment Nova 3056,entertainment,FR,2022-08-09 22:49:00
MERCH-3057,Health Prime 3057,health,US,2022-12-25 01:09:00
MERCH-3058,Services Central 3058,services,UK,2023-02-02 19:43:00
MERCH-3059,Retail Nova 3059,retail,FR,2018-10-19 00:57:00
MERCH-3060,Food Max 3060,food,UK,2023-05-28 00:47:00
MERCH-3061,Electronics Max 3061,electronics,BR,2020-12-07 14:45:00
MERCH-3062,Travel Plus 3062,travel,BR,2023-09-09 12:38:00
MERCH-3063,Entertainment Central 3063,entertainment,BR,2023-08-19 19:58:00
MERCH-3064,Health Global 3064,health,US,2021-08-20 10:03:00
MERCH-3065,Services Global 3065,services,UK,2018-12-28 02:44:00
MERCH-3066,Retail Max 3066,retail,UK,2020-12-09 01:43:00
MERCH-3067,Food Top 3067,food,BR,2021-12-09 22:25:00
MERCH-3068,Electronics Plus 3068,electronics,US,2018-12-26 00:19:00
MERCH-3069,Travel Nova 3069,travel,UK,2020-01-14 12:35:00
MERCH-3070,Entertainment Prime 3070,entertainment,FR,2020-02-29 07:06:00
MERCH-3071,Health Nova 3071,health,BR,2018-01-07 14:26:00
MERCH-3072,Services Central 3072,services,FR,2023-12-14 21:22:00
MERCH-3073,Retail Nova 3073,retail,US,2018-04-16 11:12:00
MERCH-3074,Food Max 3074,food,BR,2021-04-10 01:52:00
MERCH-3075,Electronics Express 3075,electronics,BR,2019-11-26 12:17:00
MERCH-3076,Travel Central 3076,travel,US,2023-10-18 07:57:00
MERCH-3077,Entertainment Nova 3077,entertainment,US,2018-04-28 12:41:00
MERCH-3078,Health Plus 3078,health,UK,2019-04-08 20:23:00
MERCH-3079,Services Top 3079,services,FR,2022-03-07 10:04:00
MERCH-3080,Retail Express 3080,retail,FR,2019-05-29 23:47:00
MERCH-3081,Food Max 3081,food,BR,2023-12-23 01:56:00
MERCH-3082,Electronics Express 3082,electronics,BR,2021-08-13 18:36:00
MERCH-3083,Travel Nova 3083,travel,UK,2020-01-24 07:03:00
MERCH-3084,Entertainment Plus 3084,entertainment,FR,2022-08-04 21:58:00
MERCH-3085,Health Express 3085,health,BR,2020-12-27 18:47:00
MERCH-3086,Services Plus 3086,services,BR,2023-07-02 18:16:00
MERCH-3087,Retail Top 3087,retail,FR,2021-04-02 23:51:00
MERCH-3088,Food Max 3088,food,US,2020-03-14 11:57:00
MERCH-3089,Electronics Max 3089,electronics,US,2022-01-21 18:44:00
MERCH-3090,Travel Global 3090,travel,US,2023-04-27 06:26:00
MERCH-3091,Entertainment Prime 3091,entertainment,FR,2018-06-24 06:59:00
MERCH-3092,Health Max 3092,health,UK,2019-07-01 04:11:00
MERCH-3093,Services Express 3093,services,FR,2020-10-29 20:46:00
MERCH-3094,Retail Central 3094,retail,FR,2021-06-06 22:39:00
MERCH-3095,Food Plus 3095,food,BR,2021-08-31 15:42:00
MERCH-3096,Electronics Max 3096,electronics,FR,2019-07-23 02:15:00
MERCH-3097,Travel Top 3097,travel,FR,2018-01-06 21:22:00
MERCH-3098,Entertainment Prime 3098,entertainment,BR,2021-10-16 21:20:00
MERCH-3099,Health Global 3099,health,BR,2023-08-03 18:17:00
MERCH-3100,Services Nova 3100,services,BR,2018-06-28 10:54:00
MERCH-3101,Retail Max 3101,retail,BR,2021-01-03 03:39:00
MERCH-3102,Food Central 3102,food,BR,2020-05-04 22:20:00
MERCH-3103,Electronics Global 3103,electronics,US,2018-10-18 02:43:00
MERCH-3104,Travel Top 3104,travel,US,2021-12-10 11:16:00
MERCH-3105,Entertainment Max 3105,entertainment,US,2019-03-07 02:08:00
MERCH-3106,Health Central 3106,health,BR,2021-06-29 05:44:00
MERCH-3107,Services Express 3107,services,UK,2021-07-28 13:07:00
MERCH-3108,Retail Plus 3108,retail,US,2018-10-26 19:16:00
MERCH-3109,Food Top 3109,food,FR,2019-09-13 09:08:00
MERCH-3110,Electronics Max 3110,electronics,US,2018-01-28 00:03:00
MERCH-3111,Travel Nova 3111,travel,FR,2019-06-04 18:24:00
MERCH-3112,Entertainment Plus 3112,entertainment,UK,2019-04-04 02:57:00
MERCH-3113,Health Central 3113,health,BR,2023-06-26 15:31:00
MERCH-3114,Services Global 3114,services,UK,2022-01-30 11:52:00
MERCH-3115,Retail Prime 3115,retail,FR,2021-11-19 17:24:00
MERCH-3116,Food Top 3116,food,US,2021-09-07 06:00:00
MERCH-3117,Electronics Express 3117,electronics,US,2019-05-05 04:33:00
MERCH-3118,Travel Central 3118,travel,FR,2019-02-23 22:54:00
MERCH-3119,Entertainment Max 3119,entertainment,BR,2020-06-27 19:08:00
MERCH-3120,Health Prime 3120,health,FR,2021-02-28 05:03:00
MERCH-3121,Services Global 3121,services,BR,2022-08-01 12:13:00
MERCH-3122,Retail Max 3122,retail,BR,2022-01-26 06:48:00
MERCH-3123,Food Top 3123,food,US,2020-03-05 07:45:00
MERCH-3124,Electronics Express 3124,electronics,US,2020-09-04 02:35:00
MERCH-3125,Travel Central 3125,travel,US,2020-04-03 14:20:00
MERCH-3126,Entertainment Plus 3126,entertainment,BR,2022-02-01 09:27:00
MERCH-3127,Health Central 3127,health,BR,2023-06-10 14:59:00
MERCH-3128,Services Top 3128,services,BR,2022-12-12 21:55:00
MERCH-3129,Retail Top 3129,retail,BR,2023-07-14 13:28:00
MERCH-3130,Food Max 3130,food,FR,2023-08-31 02:38:00
MERCH-3131,Electronics Max 3131,electronics,FR,2018-04-06 13:54:00
MERCH-3132,Travel Express 3132,travel,BR,2021-02-18 07:40:00
MERCH-3133,Entertainment Global 3133,entertainment,BR,2020-01-20 15:12:00
MERCH-3134,Health Plus 3134,health,BR,2019-10-22 12:57:00
MERCH-3135,Services Express 3135,services,FR,2019-03-27 16:20:00
MERCH-3136,Retail Central 3136,retail,US,2023-09-06 11:18:00
MERCH-3137,Food Top 3137,food,US,2021-07-02 20:00:00
MERCH-3138,Electronics Top 3138,electronics,BR,2020-07-29 17:21:00
MERCH-3139,Travel Central 3139,travel,BR,2020-08-02 15:44:00
MERCH-3140,Entertainment Express 3140,entertainment,BR,2020-03-19 21:46:00
MERCH-3141,Health Prime 3141,health,US,2023-07-08 10:46:00
MERCH-3142,Services Nova 3142,services,BR,2019-10-07 10:49:00
MERCH-3143,Retail Global 3143,retail,BR,2023-08-05 14:41:00
MERCH-3144,Food Top 3144,food,US,2018-08-02 10:32:00
MERCH-3145,Electronics Central 3145,electronics,UK,2020-12-01 03:47:00
MERCH-3146,Travel Prime 3146,travel,UK,2019-11-30 08:28:00
MERCH-3147,Entertainment Central 3147,entertainment,US,2020-08-27 17:35:00
MERCH-3148,Health Global 3148,health,BR,2019-06-29 01:37:00
MERCH-3149,Services Global 3149,services,US,2021-01-06 11:34:00
MERCH-3150,Retail Top 3150,retail,BR,2020-05-13 22:43:00
MERCH-3151,Food Max 3151,food,BR,2020-12-20 08:56:00
MERCH-3152,Electronics Top 3152,electronics,BR,2018-11-18 00:29:00
MERCH-3153,Travel Prime 3153,travel,US,2018-03-29 21:12:00
MERCH-3154,Entertainment Central 3154,entertainment,BR,2023-11-12 01:20:00
MERCH-3155,Health Max 3155,health,BR,2021-12-20 17:33:00
MERCH-3156,Services Max 3156,services,UK,2019-04-01 15:54:00
MERCH-3157,Retail Max 3157,retail,UK,2018-04-16 04:49:00
MERCH-3158,Food Top 3158,food,US,2022-03-29 09:42:00
MERCH-3159,Electronics Nova 3159,electronics,BR,2020-04-22 15:06:00
MERCH-3160,Travel Express 3160,travel,BR,2019-07-11 04:29:00
MERCH-3161,Entertainment Top 3161,entertainment,BR,2023-03-26 03:46:00
MERCH-3162,Health Max 3162,health,US,2022-06-23 22:51:00
MERCH-3163,Services Express 3163,services,BR,2021-03-08 15:51:00
MERCH-3164,Retail Max 3164,retail,BR,2021-06-09 01:05:00
MERCH-3165,Food Central 3165,food,FR,2021-01-20 04:56:00
MERCH-3166,Electronics Express 3166,electronics,FR,2020-09-01 23:03:00
MERCH-3167,Travel Max 3167,travel,BR,2018-07-03 05:37:00
MERCH-3168,Entertainment Prime 3168,entertainment,UK,2021-11-06 13:59:00
MERCH-3169,Health Plus 3169,health,BR,2023-07-17 17:08:00
MERCH-3170,Services Prime 3170,services,BR,2022-09-01 00:34:00
MERCH-3171,Retail Plus 3171,retail,BR,2022-02-26 11:16:00
MERCH-3172,Food Max 3172,food,BR,2019-09-27 14:53:00
MERCH-3173,Electronics Express 3173,electronics,BR,2021-08-16 08:50:00
MERCH-3174,Travel Nova 3174,travel,BR,2020-01-02 14:37:00
MERCH-3175,Entertainment Central 3175,entertainment,BR,2023-05-03 17:08:00
MERCH-3176,Health Plus 3176,health,FR,2021-05-17 09:33:00
MERCH-3177,Services Express 3177,services,BR,2018-11-23 05:15:00
MERCH-3178,Retail Nova 3178,retail,BR,2021-04-29 05:48:00
MERCH-3179,Food Top 3179,food,FR,2020-03-18 11:53:00
MERCH-3180,Electronics Top 3180,electronics,BR,2018-08-13 02:51:00
MERCH-3181,Travel Express 3181,travel,US,2023-08-01 15:26:00
MERCH-3182,Entertainment Max 3182,entertainment,BR,2019-12-25 02:42:00
MERCH-3183,Health Express 3183,health,FR,2019-01-07 09:20:00
MERCH-3184,Services Nova 3184,services,BR,2021-08-02 16:57:00
MERCH-3185,Retail Prime 3185,retail,BR,2018-01-08 00:32:00
MERCH-3186,Food Nova 3186,food,FR,2022-03-18 23:39:00
MERCH-3187,Electronics Prime 3187,electronics,UK,2019-05-04 19:43:00
MERCH-3188,Travel Plus 3188,travel,UK,2018-07-30 14:15:00
MERCH-3189,Entertainment Nova 3189,entertainment,UK,2018-05-07 21:04:00
MERCH-3190,Health Nova 3190,health,US,2019-12-19 06:43:00
MERCH-3191,Services Nova 3191,services,FR,2022-06-02 01:39:00
MERCH-3192,Retail Prime 3192,retail,US,2019-01-31 10:18:00
MERCH-3193,Food Prime 3193,food,UK,2021-11-21 01:03:00
MERCH-3194,Electronics Global 3194,electronics,FR,2018-01-25 03:13:00
MERCH-3195,Travel Central 3195,travel,BR,2022-02-27 02:12:00
MERCH-3196,Entertainment Max 3196,entertainment,UK,2022-02-09 00:03:00
MERCH-3197,Health Central 3197,health,FR,2020-08-18 07:43:00
MERCH-3198,Services Central 3198,services,BR,2022-05-11 19:32:00
MERCH-3199,Retail Nova 3199,retail,BR,2018-02-16 19:59:00
MERCH-3200,Food Global 3200,food,FR,2020-04-03 04:32:00
MERCH-3201,Electronics Central 3201,electronics,BR,2020-09-17 01:52:00
MERCH-3202,Travel Prime 3202,travel,FR,2023-07-17 23:30:00
MERCH-3203,Entertainment Central 3203,entertainment,US,2020-09-14 17:01:00
MERCH-3204,Health Global 3204,health,FR,2020-09-21 00:48:00
MERCH-3205,Services Top 3205,services,UK,2022-09-19 07:29:00
MERCH-3206,Retail Central 3206,retail,BR,2023-01-23 21:11:00
MERCH-3207,Food Prime 3207,food,BR,2019-11-19 03:33:00
MERCH-3208,Electronics Prime 3208,electronics,FR,2021-04-11 22:14:00
MERCH-3209,Travel Top 3209,travel,BR,2022-07-14 13:44:00
MERCH-3210,Entertainment Top 3210,entertainment,BR,2018-03-06 04:44:00
MERCH-3211,Health Prime 3211,health,BR,2019-04-14 06:10:00
MERCH-3212,Services Top 3212,services,US,2021-07-28 22:40:00
MERCH-3213,Retail Nova 3213,retail,UK,2019-02-24 23:22:00
MERCH-3214,Food Prime 3214,food,FR,2019-03-11 02:07:00
MERCH-3215,Electronics Max 3215,electronics,UK,2022-07-07 13:00:00
MERCH-3216,Travel Global 3216,travel,BR,2021-03-01 00:05:00
MERCH-3217,Entertainment Central 3217,entertainment,BR,2021-08-24 05:12:00
MERCH-3218,Health Nova 3218,health,FR,2022-08-31 07:38:00
MERCH-3219,Services Max 3219,services,BR,2022-10-11 04:25:00
MERCH-3220,Retail Express 3220,retail,BR,2021-02-06 10:35:00
MERCH-3221,Food Express 3221,food,BR,2018-01-02 10:05:00
MERCH-3222,Electronics Global 3222,electronics,FR,2018-08-19 04:56:00
MERCH-3223,Travel Nova 3223,travel,US,2023-12-11 05:21:00
MERCH-3224,Entertainment Max 3224,entertainment,FR,2021-04-30 08:06:00
MERCH-3225,Health Max 3225,health,FR,2021-12-14 01:30:00
MERCH-3226,Services Prime 3226,services,US,2021-05-07 02:03:00
MERCH-3227,Retail Max 3227,retail,UK,2021-12-01 01:11:00
MERCH-3228,Food Prime 3228,food,BR,2019-09-07 19:41:00
MERCH-3229,Electronics Nova 3229,electronics,UK,2022-08-01 22:24:00
MERCH-3230,Travel Max 3230,travel,BR,2018-06-17 00:22:00
MERCH-3231,Entertainment Global 3231,entertainment,UK,2021-12-31 04:04:00
MERCH-3232,Health Top 3232,health,FR,2020-04-26 17:31:00
MERCH-3233,Services Prime 3233,services,BR,2021-03-05 01:42:00
MERCH-3234,Retail Max 3234,retail,UK,2018-04-25 22:46:00
MERCH-3235,Food Top 3235,food,FR,2019-02-24 22:04:00
MERCH-3236,Electronics Max 3236,electronics,BR,2019-07-08 12:04:00
MERCH-3237,Travel Express 3237,travel,BR,2019-10-21 14:13:00
MERCH-3238,Entertainment Plus 3238,entertainment,BR,2019-03-07 08:23:00
MERCH-3239,Health Plus 3239,health,BR,2021-01-27 23:46:00
MERCH-3240,Services Prime 3240,services,US,2019-06-27 18:45:00
MERCH-3241,Retail Prime 3241,retail,FR,2019-09-26 17:15:00
MERCH-3242,Food Max 3242,food,US,2020-11-23 10:14:00
MERCH-3243,Electronics Nova 3243,electronics,UK,2020-07-22 19:12:00
MERCH-3244,Travel Top 3244,travel,UK,2018-12-12 08:38:00
MERCH-3245,Entertainment Central 3245,entertainment,BR,2023-06-27 10:45:00
MERCH-3246,Health Global 3246,health,BR,2022-08-07 11:52:00
MERCH-3247,Services Nova 3247,services,UK,2018-04-16 06:08:00
MERCH-3248,Retail Global 3248,retail,BR,2020-12-10 18:29:00
MERCH-3249,Food Nova 3249,food,FR,2019-02-14 23:42:00
MERCH-3250,Electronics Plus 3250,electronics,UK,2022-02-08 22:11:00
MERCH-3251,Travel Max 3251,travel,UK,2022-07-03 12:17:00
MERCH-3252,Entertainment Prime 3252,entertainment,BR,2022-09-14 01:49:00
MERCH-3253,Health Central 3253,health,UK,2021-06-16 06:48:00
MERCH-3254,Services Top 3254,services,US,2020-12-22 02:53:00
MERCH-3255,Retail Global 3255,retail,BR,2019-06-02 19:43:00
MERCH-3256,Food Top 3256,food,US,2019-02-18 19:31:00
MERCH-3257,Electronics Top 3257,electronics,BR,2023-06-28 22:24:00
MERCH-3258,Travel Express 3258,travel,US,2019-12-01 00:42:00
MERCH-3259,Entertainment Global 3259,entertainment,BR,2018-08-30 11:39:00
MERCH-3260,Health Plus 3260,health,BR,2020-09-18 15:36:00
MERCH-3261,Services Nova 3261,services,UK,2018-12-24 13:57:00
MERCH-3262,Retail Global 3262,retail,FR,2022-11-21 13:20:00
MERCH-3263,Food Max 3263,food,FR,2020-09-15 00:48:00
MERCH-3264,Electronics Plus 3264,electronics,FR,2022-06-23 02:23:00
MERCH-3265,Travel Central 3265,travel,BR,2019-04-14 22:39:00
MERCH-3266,Entertainment Central 3266,entertainment,US,2018-09-14 02:47:00
MERCH-3267,Health Plus 3267,health,FR,2018-08-23 22:56:00
MERCH-3268,Services Central 3268,services,BR,2021-05-09 18:42:00
MERCH-3269,Retail Nova 3269,retail,BR,2020-11-22 21:22:00
MERCH-3270,Food Express 3270,food,US,2023-12-22 07:55:00
MERCH-3271,Electronics Nova 3271,electronics,US,2020-02-19 00:33:00
MERCH-3272,Travel Global 3272,travel,FR,2020-11-28 10:10:00
MERCH-3273,Entertainment Global 3273,entertainment,BR,2020-03-19 11:45:00
MERCH-3274,Health Nova 3274,health,BR,2023-07-22 18:05:00
MERCH-3275,Services Prime 3275,services,FR,2018-03-31 06:38:00
MERCH-3276,Retail Global 3276,retail,BR,2019-06-27 13:51:00
MERCH-3277,Food Prime 3277,food,US,2022-03-20 14:59:00
MERCH-3278,Electronics Top 3278,electronics,UK,2021-09-27 01:43:00
MERCH-3279,Travel Central 3279,travel,US,2021-05-21 14:14:00
MERCH-3280,Entertainment Plus 3280,entertainment,BR,2023-12-10 01:34:00
MERCH-3281,Health Plus 3281,health,FR,2021-11-05 03:09:00
MERCH-3282,Services Express 3282,services,BR,2023-12-28 21:35:00
MERCH-3283,Retail Prime 3283,retail,FR,2018-08-20 11:34:00
MERCH-3284,Food Central 3284,food,BR,2020-05-10 01:14:00
MERCH-3285,Electronics Global 3285,electronics,BR,2022-01-23 10:25:00
MERCH-3286,Travel Global 3286,travel,US,2023-12-01 07:08:00
MERCH-3287,Entertainment Express 3287,entertainment,BR,2021-02-22 10:12:00
MERCH-3288,Health Prime 3288,health,UK,2023-02-15 03:46:00
MERCH-3289,Services Plus 3289,services,FR,2021-09-27 09:47:00
MERCH-3290,Retail Plus 3290,retail,BR,2022-12-14 10:08:00
MERCH-3291,Food Global 3291,food,FR,2019-07-03 17:21:00
MERCH-3292,Electronics Nova 3292,electronics,BR,2019-02-19 23:10:00
MERCH-3293,Travel Max 3293,travel,UK,2019-09-09 17:55:00
MERCH-3294,Entertainment Global 3294,entertainment,BR,2022-11-30 03:05:00
MERCH-3295,Health Express 3295,health,BR,2020-02-08 00:24:00
MERCH-3296,Services Max 3296,services,US,2021-12-05 15:00:00
MERCH-3297,Retail Plus 3297,retail,US,2019-06-13 12:50:00
MERCH-3298,Food Plus 3298,food,BR,2020-01-05 17:50:00
MERCH-3299,Electronics Plus 3299,electronics,BR,2023-05-19 11:40:00
MERCH-3300,Travel Central 3300,travel,BR,2019-04-26 04:14:00
MERCH-3301,Entertainment Max 3301,entertainment,BR,2019-06-28 19:22:00
MERCH-3302,Health Prime 3302,health,UK,2020-04-01 07:25:00
MERCH-3303,Services Nova 3303,services,BR,2021-06-12 05:18:00
MERCH-3304,Retail Global 3304,retail,US,2023-09-02 20:47:00
MERCH-3305,Food Global 3305,food,BR,2022-03-28 08:42:00
MERCH-3306,Electronics Top 3306,electronics,UK,2023-09-04 09:44:00
MERCH-3307,Travel Plus 3307,travel,UK,2022-04-28 17:56:00
MERCH-3308,Entertainment Nova 3308,entertainment,BR,2019-05-29 15:28:00
MERCH-3309,Health Nova 3309,health,BR,2021-09-08 00:37:00
MERCH-3310,Services Global 3310,services,FR,2020-12-09 08:27:00
MERCH-3311,Retail Nova 3311,retail,US,2021-07-26 04:44:00
MERCH-3312,Food Central 3312,food,UK,2021-01-21 11:55:00
MERCH-3313,Electronics Global 3313,electronics,UK,2023-06-11 20:04:00
MERCH-3314,Travel Express 3314,travel,BR,2022-03-13 17:45:00
MERCH-3315,Entertainment Global 3315,entertainment,FR,2019-01-16 23:44:00
MERCH-3316,Health Central 3316,health,BR,2019-03-14 12:40:00
MERCH-3317,Services Nova 3317,services,BR,2021-04-01 08:29:00
MERCH-3318,Retail Top 3318,retail,FR,2023-09-07 20:31:00
MERCH-3319,Food Plus 3319,food,BR,2022-09-21 11:28:00
MERCH-3320,Electronics Top 3320,electronics,US,2023-12-14 06:17:00
MERCH-3321,Travel Plus 3321,travel,FR,2022-03-11 03:52:00
MERCH-3322,Entertainment Prime 3322,entertainment,UK,2022-02-23 01:52:00
MERCH-3323,Health Top 3323,health,FR,2019-09-19 23:00:00
MERCH-3324,Services Top 3324,services,BR,2023-12-14 17:36:00
MERCH-3325,Retail Global 3325,retail,BR,2022-07-31 10:52:00
MERCH-3326,Food Nova 3326,food,BR,2023-01-31 00:27:00
MERCH-3327,Electronics Express 3327,electronics,BR,2023-08-14 07:33:00
MERCH-3328,Travel Prime 3328,travel,UK,2023-09-06 20:19:00
MERCH-3329,Entertainment Max 3329,entertainment,US,2023-12-20 15:32:00
MERCH-3330,Health Express 3330,health,FR,2019-10-31 22:08:00
MERCH-3331,Services Max 3331,services,BR,2023-01-11 01:40:00
MERCH-3332,Retail Prime 3332,retail,BR,2022-12-08 07:21:00
MERCH-3333,Food Plus 3333,food,US,2019-09-15 15:11:00
MERCH-3334,Electronics Plus 3334,electronics,US,2022-07-22 00:06:00
MERCH-3335,Travel Express 3335,travel,FR,2021-03-14 01:54:00
MERCH-3336,Entertainment Global 3336,entertainment,UK,2022-01-11 10:45:00
MERCH-3337,Health Top 3337,health,BR,2020-10-25 10:01:00
MERCH-3338,Services Plus 3338,services,US,2023-06-01 15:11:00
MERCH-3339,Retail Prime 3339,retail,US,2023-08-25 04:47:00
MERCH-3340,Food Express 3340,food,BR,2019-01-29 15:20:00
MERCH-3341,Electronics Central 3341,electronics,FR,2022-05-22 09:37:00
MERCH-3342,Travel Prime 3342,travel,BR,2018-03-09 16:41:00
MERCH-3343,Entertainment Prime 3343,entertainment,BR,2023-12-03 06:22:00
MERCH-3344,Health Express 3344,health,US,2022-01-09 18:46:00
MERCH-3345,Services Top 3345,services,BR,2022-10-03 09:56:00
MERCH-3346,Retail Top 3346,retail,BR,2019-06-15 17:02:00
MERCH-3347,Food Prime 3347,food,US,2020-07-26 08:15:00
MERCH-3348,Electronics Max 3348,electronics,BR,2022-09-04 08:29:00
MERCH-3349,Travel Prime 3349,travel,UK,2020-01-08 23:00:00
MERCH-3350,Entertainment Central 3350,entertainment,FR,2022-07-04 20:43:00
MERCH-3351,Health Top 3351,health,BR,2021-07-21 01:03:00
MERCH-3352,Services Central 3352,services,UK,2023-04-18 10:59:00
MERCH-3353,Retail Central 3353,retail,FR,2018-01-05 13:23:00
MERCH-3354,Food Nova 3354,food,BR,2023-01-13 09:27:00
MERCH-3355,Electronics Plus 3355,electronics,BR,2019-06-19 04:04:00
MERCH-3356,Travel Express 3356,travel,BR,2023-04-04 08:30:00
MERCH-3357,Entertainment Plus 3357,entertainment,FR,2023-05-16 09:11:00
MERCH-3358,Health Nova 3358,health,FR,2023-10-01 04:19:00
MERCH-3359,Services Top 3359,services,BR,2021-05-18 15:31:00
MERCH-3360,Retail Express 3360,retail,BR,2022-12-09 10:11:00
MERCH-3361,Food Global 3361,food,BR,2018-05-11 16:54:00
MERCH-3362,Electronics Prime 3362,electronics,BR,2021-08-23 01:19:00
MERCH-3363,Travel Plus 3363,travel,FR,2019-03-29 07:27:00
MERCH-3364,Entertainment Max 3364,entertainment,BR,2018-07-06 06:08:00
MERCH-3365,Health Global 3365,health,BR,2020-01-16 17:01:00
MERCH-3366,Services Global 3366,services,BR,2020-08-12 01:10:00
MERCH-3367,Retail Top 3367,retail,BR,2021-09-11 10:43:00
MERCH-3368,Food Plus 3368,food,US,2023-06-04 04:38:00
MERCH-3369,Electronics Plus 3369,electronics,BR,2021-07-18 01:14:00
MERCH-3370,Travel Nova 3370,travel,BR,2023-10-05 12:22:00
MERCH-3371,Entertainment Top 3371,entertainment,UK,2020-09-02 04:39:00
MERCH-3372,Health Plus 3372,health,BR,2020-07-28 20:19:00
MERCH-3373,Services Global 3373,services,BR,2023-04-23 17:55:00
MERCH-3374,Retail Central 3374,retail,FR,2020-05-22 12:30:00
MERCH-3375,Food Plus 3375,food,BR,2022-10-12 11:41:00
MERCH-3376,Electronics Nova 3376,electronics,US,2018-01-03 22:34:00
MERCH-3377,Travel Plus 3377,travel,FR,2018-08-07 11:44:00
MERCH-3378,Entertainment Express 3378,entertainment,BR,2022-01-25 11:54:00
MERCH-3379,Health Top 3379,health,FR,2018-09-06 13:37:00
MERCH-3380,Services Central 3380,services,BR,2021-11-03 02:09:00
MERCH-3381,Retail Top 3381,retail,FR,2021-02-18 19:14:00
MERCH-3382,Food Top 3382,food,US,2022-10-26 23:58:00
MERCH-3383,Electronics Nova 3383,electronics,BR,2021-10-14 06:39:00
MERCH-3384,Travel Prime 3384,travel,BR,2021-08-31 06:49:00
MERCH-3385,Entertainment Express 3385,entertainment,BR,2020-04-24 04:39:00
MERCH-3386,Health Max 3386,health,US,2021-02-10 02:20:00
MERCH-3387,Services Global 3387,services,BR,2023-11-12 20:25:00
MERCH-3388,Retail Global 3388,retail,BR,2019-03-24 12:10:00
MERCH-3389,Food Global 3389,food,UK,2021-01-31 19:17:00
MERCH-3390,Electronics Max 3390,electronics,BR,2023-09-14 23:06:00
MERCH-3391,Travel Max 3391,travel,UK,2020-08-07 07:47:00
MERCH-3392,Entertainment Plus 3392,entertainment,FR,2023-10-21 10:12:00
MERCH-3393,Health Top 3393,health,BR,2021-11-27 02:56:00
MERCH-3394,Services Max 3394,services,BR,2023-10-26 05:25:00
MERCH-3395,Retail Plus 3395,retail,BR,2022-06-20 19:20:00
MERCH-3396,Food Central 3396,food,US,2023-04-10 20:16:00
MERCH-3397,Electronics Express 3397,electronics,FR,2022-03-03 03:49:00
MERCH-3398,Travel Global 3398,travel,UK,2023-03-16 10:09:00
MERCH-3399,Entertainment Nova 3399,entertainment,US,2021-09-05 11:49:00
MERCH-3400,Health Nova 3400,health,US,2023-10-16 16:37:00
MERCH-3401,Services Prime 3401,services,FR,2019-06-19 05:33:00
MERCH-3402,Retail Top 3402,retail,BR,2018-09-14 19:21:00
MERCH-3403,Food Global 3403,food,US,2023-03-27 11:57:00
MERCH-3404,Electronics Global 3404,electronics,UK,2018-11-09 13:58:00
MERCH-3405,Travel Top 3405,travel,US,2019-05-28 19:06:00
MERCH-3406,Entertainment Max 3406,entertainment,FR,2021-02-22 22:56:00
MERCH-3407,Health Nova 3407,health,BR,2020-01-15 16:23:00
MERCH-3408,Services Central 3408,services,BR,2022-08-26 07:26:00
MERCH-3409,Retail Prime 3409,retail,UK,2023-01-08 16:32:00
MERCH-3410,Food Max 3410,food,US,2021-02-19 10:04:00
MERCH-3411,Electronics Global 3411,electronics,BR,2018-02-18 02:07:00
MERCH-3412,Travel Top 3412,travel,US,2019-08-09 00:32:00
MERCH-3413,Entertainment Express 3413,entertainment,BR,2023-09-02 22:57:00
MERCH-3414,Health Central 3414,health,FR,2020-11-10 19:09:00
MERCH-3415,Services Prime 3415,services,BR,2021-02-06 13:56:00
MERCH-3416,Retail Central 3416,retail,UK,2021-07-21 03:02:00
MERCH-3417,Food Plus 3417,food,FR,2023-11-29 05:19:00
MERCH-3418,Electronics Central 3418,electronics,UK,2020-05-25 03:40:00
MERCH-3419,Travel Prime 3419,travel,BR,2018-09-21 07:49:00
MERCH-3420,Entertainment Max 3420,entertainment,FR,2019-07-24 04:14:00
MERCH-3421,Health Plus 3421,health,FR,2023-12-21 12:39:00
MERCH-3422,Services Global 3422,services,US,2022-10-27 07:16:00
MERCH-3423,Retail Max 3423,retail,US,2019-04-12 07:12:00
MERCH-3424,Food Express 3424,food,BR,2022-10-02 02:14:00
MERCH-3425,Electronics Top 3425,electronics,US,2021-07-07 12:50:00
MERCH-3426,Travel Plus 3426,travel,BR,2023-07-24 01:56:00
MERCH-3427,Entertainment Max 3427,entertainment,BR,2020-11-16 03:42:00
MERCH-3428,Health Central 3428,health,BR,2021-10-13 05:12:00
MERCH-3429,Services Express 3429,services,UK,2023-07-13 15:49:00
MERCH-3430,Retail Top 3430,retail,UK,2022-11-09 19:04:00
MERCH-3431,Food Prime 3431,food,BR,2020-08-06 13:08:00
MERCH-3432,Electronics Express 3432,electronics,BR,2021-10-25 00:40:00
MERCH-3433,Travel Central 3433,travel,BR,2023-03-29 05:41:00
MERCH-3434,Entertainment Global 3434,entertainment,FR,2019-09-24 17:46:00
MERCH-3435,Health Prime 3435,health,BR,2019-09-10 21:59:00
MERCH-3436,Services Top 3436,services,UK,2022-01-23 11:39:00
MERCH-3437,Retail Global 3437,retail,BR,2021-10-03 18:50:00
MERCH-3438,Food Top 3438,food,BR,2018-02-27 09:55:00
MERCH-3439,Electronics Prime 3439,electronics,US,2019-12-29 08:15:00
MERCH-3440,Travel Nova 3440,travel,BR,2018-08-09 14:46:00
MERCH-3441,Entertainment Plus 3441,entertainment,BR,2021-11-05 00:18:00
MERCH-3442,Health Express 3442,health,UK,2023-12-01 19:02:00
MERCH-3443,Services Prime 3443,services,BR,2022-03-13 23:05:00
MERCH-3444,Retail Express 3444,retail,FR,2023-08-03 00:26:00
MERCH-3445,Food Max 3445,food,FR,2018-07-03 20:42:00
MERCH-3446,Electronics Max 3446,electronics,BR,2021-04-19 22:03:00
MERCH-3447,Travel Plus 3447,travel,FR,2021-06-23 03:57:00
MERCH-3448,Entertainment Max 3448,entertainment,UK,2020-09-05 15:51:00
MERCH-3449,Health Express 3449,health,BR,2019-03-28 20:58:00
MERCH-3450,Services Max 3450,services,BR,2020-11-19 00:51:00
MERCH-3451,Retail Max 3451,retail,US,2022-06-09 13:13:00
MERCH-3452,Food Central 3452,food,BR,2021-06-27 09:02:00
MERCH-3453,Electronics Central 3453,electronics,BR,2023-04-27 11:35:00
MERCH-3454,Travel Express 3454,travel,FR,2022-05-13 01:44:00
MERCH-3455,Entertainment Express 3455,entertainment,BR,2022-11-07 22:56:00
MERCH-3456,Health Global 3456,health,BR,2020-11-05 07:08:00
MERCH-3457,Services Plus 3457,services,UK,2022-03-16 10:49:00
MERCH-3458,Retail Plus 3458,retail,BR,2018-10-30 13:02:00
MERCH-3459,Food Global 3459,food,UK,2020-10-18 15:11:00
MERCH-3460,Electronics Top 3460,electronics,US,2020-05-24 17:56:00
MERCH-3461,Travel Express 3461,travel,UK,2021-04-10 18:43:00
MERCH-3462,Entertainment Nova 3462,entertainment,US,2023-11-19 04:21:00
MERCH-3463,Health Nova 3463,health,BR,2021-04-16 02:03:00
MERCH-3464,Services Max 3464,services,BR,2020-07-23 20:38:00
MERCH-3465,Retail Plus 3465,retail,BR,2023-06-17 14:24:00
MERCH-3466,Food Global 3466,food,BR,2018-10-27 03:50:00
MERCH-3467,Electronics Prime 3467,electronics,BR,2022-05-23 19:41:00
MERCH-3468,Travel Central 3468,travel,UK,2022-03-14 01:30:00
MERCH-3469,Entertainment Central 3469,entertainment,US,2022-04-22 09:40:00
MERCH-3470,Health Max 3470,health,FR,2021-03-20 04:13:00
MERCH-3471,Services Nova 3471,services,BR,2020-10-18 06:06:00
MERCH-3472,Retail Max 3472,retail,BR,2022-05-01 10:01:00
MERCH-3473,Food Central 3473,food,UK,2020-07-21 05:50:00
MERCH-3474,Electronics Central 3474,electronics,BR,2018-11-14 02:43:00
MERCH-3475,Travel Top 3475,travel,UK,2021-11-17 23:32:00
MERCH-3476,Entertainment Plus 3476,entertainment,BR,2020-01-28 06:57:00
MERCH-3477,Health Plus 3477,health,BR,2021-06-21 17:36:00
MERCH-3478,Services Global 3478,services,UK,2021-07-24 15:10:00
MERCH-3479,Retail Top 3479,retail,BR,2021-01-02 21:09:00
MERCH-3480,Food Top 3480,food,BR,2023-01-21 15:48:00
MERCH-3481,Electronics Top 3481,electronics,BR,2020-08-20 15:13:00
MERCH-3482,Travel Global 3482,travel,BR,2019-11-13 11:42:00
MERCH-3483,Entertainment Plus 3483,entertainment,BR,2021-07-13 09:58:00
MERCH-3484,Health Top 3484,health,BR,2019-10-29 15:13:00
MERCH-3485,Services Plus 3485,services,BR,2022-08-09 02:12:00
MERCH-3486,Retail Express 3486,retail,US,2023-07-10 17:53:00
MERCH-3487,Food Express 3487,food,BR,2022-01-02 04:14:00
MERCH-3488,Electronics Prime 3488,electronics,BR,2020-10-01 16:13:00
MERCH-3489,Travel Express 3489,travel,US,2019-09-29 15:38:00
MERCH-3490,Entertainment Nova 3490,entertainment,UK,2019-08-26 03:53:00
MERCH-3491,Health Plus 3491,health,BR,2019-12-15 05:55:00
MERCH-3492,Services Max 3492,services,BR,2018-05-27 10:44:00
MERCH-3493,Retail Express 3493,retail,UK,2018-12-02 20:19:00
MERCH-3494,Food Nova 3494,food,BR,2018-01-26 06:17:00
MERCH-3495,Electronics Central 3495,electronics,US,2020-01-06 10:55:00
MERCH-3496,Travel Express 3496,travel,US,2023-12-30 01:04:00
MERCH-3497,Entertainment Central 3497,entertainment,US,2022-12-24 10:41:00
MERCH-3498,Health Top 3498,health,UK,2019-04-23 05:37:00
MERCH-3499,Services Prime 3499,services,BR,2020-02-25 12:05:00
MERCH-3500,Retail Plus 3500,retail,BR,2021-08-06 07:58:00
MERCH-3501,Food Top 3501,food,BR,2021-01-04 23:35:00
MERCH-3502,Electronics Max 3502,electronics,BR,2022-08-19 02:54:00
MERCH-3503,Travel Prime 3503,travel,BR,2021-07-02 22:10:00
MERCH-3504,Entertainment Plus 3504,entertainment,BR,2023-10-01 04:19:00
MERCH-3505,Health Top 3505,health,BR,2021-06-23 11:13:00
MERCH-3506,Services Global 3506,services,US,2022-11-24 09:32:00
MERCH-3507,Retail Max 3507,retail,US,2022-03-07 04:20:00
MERCH-3508,Food Nova 3508,food,FR,2022-01-13 17:31:00
MERCH-3509,Electronics Max 3509,electronics,BR,2023-03-22 14:25:00
MERCH-3510,Travel Plus 3510,travel,BR,2018-12-06 05:44:00
MERCH-3511,Entertainment Prime 3511,entertainment,UK,2023-01-15 02:23:00
MERCH-3512,Health Nova 3512,health,BR,2020-02-04 10:11:00
MERCH-3513,Services Top 3513,services,US,2018-07-07 22:17:00
MERCH-3514,Retail Global 3514,retail,BR,2022-07-03 04:30:00
MERCH-3515,Food Express 3515,food,US,2020-09-14 06:08:00
MERCH-3516,Electronics Nova 3516,electronics,US,2021-10-22 17:41:00
MERCH-3517,Travel Plus 3517,travel,BR,2020-03-19 18:23:00
MERCH-3518,Entertainment Plus 3518,entertainment,BR,2023-02-08 17:55:00
MERCH-3519,Health Prime 3519,health,BR,2019-02-17 10:46:00
MERCH-3520,Services Nova 3520,services,US,2022-02-09 16:01:00
MERCH-3521,Retail Plus 3521,retail,US,2020-12-11 08:17:00
MERCH-3522,Food Prime 3522,food,BR,2022-12-14 08:04:00
MERCH-3523,Electronics Plus 3523,electronics,BR,2020-08-25 08:10:00
MERCH-3524,Travel Plus 3524,travel,FR,2022-09-23 03:39:00
MERCH-3525,Entertainment Global 3525,entertainment,FR,2019-01-05 10:15:00
MERCH-3526,Health Express 3526,health,BR,2022-09-29 00:57:00
MERCH-3527,Services Central 3527,services,BR,2018-06-23 23:50:00
MERCH-3528,Retail Central 3528,retail,BR,2020-07-20 03:53:00
MERCH-3529,Food Max 3529,food,BR,2023-11-24 18:30:00
MERCH-3530,Electronics Plus 3530,electronics,US,2019-11-02 06:11:00
MERCH-3531,Travel Max 3531,travel,BR,2022-05-23 12:46:00
MERCH-3532,Entertainment Nova 3532,entertainment,BR,2018-04-05 10:06:00
MERCH-3533,Health Prime 3533,health,BR,2022-07-24 01:24:00
MERCH-3534,Services Nova 3534,services,BR,2020-06-01 07:25:00
MERCH-3535,Retail Nova 3535,retail,BR,2021-04-05 13:40:00
MERCH-3536,Food Plus 3536,food,BR,2018-10-28 10:37:00
MERCH-3537,Electronics Global 3537,electronics,BR,2022-11-12 22:49:00
MERCH-3538,Travel Global 3538,travel,US,2018-06-11 03:28:00
MERCH-3539,Entertainment Max 3539,entertainment,BR,2019-11-21 13:42:00
MERCH-3540,Health Max 3540,health,FR,2019-07-22 05:56:00
MERCH-3541,Services Max 3541,services,US,2022-11-20 03:06:00
MERCH-3542,Retail Max 3542,retail,FR,2022-09-01 20:44:00
MERCH-3543,Food Central 3543,food,US,2022-07-20 04:22:00
MERCH-3544,Electronics Express 3544,electronics,BR,2022-01-07 08:00:00
MERCH-3545,Travel Prime 3545,travel,US,2022-09-28 08:21:00
MERCH-3546,Entertainment Central 3546,entertainment,US,2022-03-11 04:26:00
MERCH-3547,Health Plus 3547,health,BR,2023-01-07 16:40:00
MERCH-3548,Services Plus 3548,services,FR,2022-01-08 17:26:00
MERCH-3549,Retail Express 3549,retail,US,2023-08-06 10:35:00
MERCH-3550,Food Global 3550,food,US,2021-09-16 14:42:00
MERCH-3551,Electronics Global 3551,electronics,UK,2018-05-19 01:38:00
MERCH-3552,Travel Plus 3552,travel,BR,2021-08-20 04:41:00
MERCH-3553,Entertainment Global 3553,entertainment,US,2021-06-27 20:36:00
MERCH-3554,Health Top 3554,health,UK,2018-03-21 07:11:00
MERCH-3555,Services Plus 3555,services,UK,2023-03-30 15:51:00
MERCH-3556,Retail Plus 3556,retail,BR,2022-01-05 19:21:00
MERCH-3557,Food Max 3557,food,BR,2018-02-02 10:24:00
MERCH-3558,Electronics Nova 3558,electronics,BR,2020-03-19 02:33:00
MERCH-3559,Travel Central 3559,travel,FR,2021-07-16 08:12:00
MERCH-3560,Entertainment Express 3560,entertainment,US,2022-10-16 09:04:00
MERCH-3561,Health Express 3561,health,FR,2022-11-12 03:55:00
MERCH-3562,Services Central 3562,services,BR,2023-06-22 21:39:00
MERCH-3563,Retail Central 3563,retail,UK,2021-07-09 19:07:00
MERCH-3564,Food Global 3564,food,BR,2023-09-01 23:27:00
MERCH-3565,Electronics Express 3565,electronics,BR,2021-03-24 22:52:00
MERCH-3566,Travel Express 3566,travel,UK,2021-07-30 18:08:00
MERCH-3567,Entertainment Express 3567,entertainment,BR,2020-10-03 17:24:00
MERCH-3568,Health Top 3568,health,BR,2019-11-24 01:34:00
MERCH-3569,Services Max 3569,services,BR,2022-12-15 05:40:00
MERCH-3570,Retail Prime 3570,retail,BR,2023-11-20 02:28:00
MERCH-3571,Food Top 3571,food,BR,2021-12-26 23:48:00
MERCH-3572,Electronics Prime 3572,electronics,US,2021-08-29 09:20:00
MERCH-3573,Travel Max 3573,travel,UK,2019-08-16 03:28:00
MERCH-3574,Entertainment Plus 3574,entertainment,BR,2019-04-25 09:42:00
MERCH-3575,Health Max 3575,health,BR,2022-06-01 12:32:00
MERCH-3576,Services Plus 3576,services,BR,2023-05-08 06:03:00
MERCH-3577,Retail Nova 3577,retail,US,2018-01-21 19:32:00
MERCH-3578,Food Max 3578,food,BR,2023-09-05 09:13:00
MERCH-3579,Electronics Global 3579,electronics,UK,2023-07-05 18:12:00
MERCH-3580,Travel Central 3580,travel,BR,2020-11-27 21:01:00
MERCH-3581,Entertainment Top 3581,entertainment,UK,2020-09-13 15:03:00
MERCH-3582,Health Plus 3582,health,US,2019-02-18 09:59:00
MERCH-3583,Services Global 3583,services,BR,2022-12-09 14:10:00
MERCH-3584,Retail Central 3584,retail,FR,2021-08-13 17:40:00
MERCH-3585,Food Central 3585,food,BR,2020-10-14 02:53:00
MERCH-3586,Electronics Global 3586,electronics,US,2018-05-13 08:37:00
MERCH-3587,Travel Top 3587,travel,BR,2021-07-30 03:49:00
MERCH-3588,Entertainment Prime 3588,entertainment,UK,2019-01-10 06:13:00
MERCH-3589,Health Prime 3589,health,US,2020-07-13 23:53:00
MERCH-3590,Services Global 3590,services,US,2022-05-30 02:52:00
MERCH-3591,Retail Central 3591,retail,US,2019-06-18 11:54:00
MERCH-3592,Food Max 3592,food,US,2019-10-16 14:19:00
MERCH-3593,Electronics Express 3593,electronics,BR,2018-11-22 04:08:00
MERCH-3594,Travel Express 3594,travel,BR,2020-06-22 11:08:00
MERCH-3595,Entertainment Global 3595,entertainment,BR,2021-10-10 02:27:00
MERCH-3596,Health Plus 3596,health,BR,2019-12-04 22:27:00
MERCH-3597,Services Top 3597,services,BR,2023-06-29 08:55:00
MERCH-3598,Retail Central 3598,retail,BR,2022-03-22 08:30:00
MERCH-3599,Food Global 3599,food,US,2018-04-08 02:34:00
MERCH-3600,Electronics Nova 3600,electronics,UK,2023-06-14 17:53:00
MERCH-3601,Travel Global 3601,travel,UK,2021-05-23 01:16:00
MERCH-3602,Entertainment Prime 3602,entertainment,US,2021-05-18 04:44:00
MERCH-3603,Health Express 3603,health,UK,2019-08-03 11:42:00
MERCH-3604,Services Top 3604,services,BR,2021-05-24 13:16:00
MERCH-3605,Retail Top 3605,retail,US,2018-05-14 18:35:00
MERCH-3606,Food Plus 3606,food,BR,2021-11-01 06:46:00
MERCH-3607,Electronics Max 3607,electronics,BR,2022-07-02 02:58:00
MERCH-3608,Travel Plus 3608,travel,FR,2019-12-11 06:50:00
MERCH-3609,Entertainment Max 3609,entertainment,BR,2020-04-26 11:09:00
MERCH-3610,Health Central 3610,health,FR,2020-07-16 13:22:00
MERCH-3611,Services Plus 3611,services,FR,2021-11-03 03:39:00
MERCH-3612,Retail Express 3612,retail,BR,2020-10-27 11:49:00
MERCH-3613,Food Nova 3613,food,BR,2018-04-24 21:14:00
MERCH-3614,Electronics Max 3614,electronics,FR,2023-06-29 05:50:00
MERCH-3615,Travel Prime 3615,travel,FR,2018-03-17 02:55:00
MERCH-3616,Entertainment Max 3616,entertainment,UK,2020-08-05 14:27:00
MERCH-3617,Health Plus 3617,health,BR,2019-03-17 13:02:00
MERCH-3618,Services Max 3618,services,UK,2021-11-12 00:10:00
MERCH-3619,Retail Nova 3619,retail,US,2020-11-13 23:04:00
MERCH-3620,Food Express 3620,food,UK,2018-05-16 08:08:00
MERCH-3621,Electronics Central 3621,electronics,BR,2019-03-22 09:36:00
MERCH-3622,Travel Prime 3622,travel,BR,2018-02-17 19:34:00
MERCH-3623,Entertainment Prime 3623,entertainment,BR,2020-12-13 06:17:00
MERCH-3624,Health Plus 3624,health,BR,2023-11-12 06:10:00
MERCH-3625,Services Global 3625,services,US,2018-12-07 14:53:00
MERCH-3626,Retail Top 3626,retail,UK,2018-02-10 03:06:00
MERCH-3627,Food Prime 3627,food,FR,2021-05-31 23:54:00
MERCH-3628,Electronics Prime 3628,electronics,BR,2018-09-08 11:10:00
MERCH-3629,Travel Max 3629,travel,US,2023-01-09 02:16:00
MERCH-3630,Entertainment Top 3630,entertainment,BR,2018-09-18 04:47:00
MERCH-3631,Health Nova 3631,health,FR,2018-02-18 11:38:00
MERCH-3632,Services Nova 3632,services,FR,2021-07-06 21:43:00
MERCH-3633,Retail Max 3633,retail,BR,2018-05-12 04:26:00
MERCH-3634,Food Central 3634,food,BR,2020-06-27 10:38:00
MERCH-3635,Electronics Nova 3635,electronics,FR,2018-04-09 18:57:00
MERCH-3636,Travel Express 3636,travel,FR,2019-01-15 00:15:00
MERCH-3637,Entertainment Plus 3637,entertainment,US,2018-03-09 07:04:00
MERCH-3638,Health Central 3638,health,US,2023-03-11 15:26:00
MERCH-3639,Services Nova 3639,services,BR,2022-11-03 23:07:00
MERCH-3640,Retail Global 3640,retail,US,2020-08-25 02:49:00
MERCH-3641,Food Max 3641,food,FR,2023-11-23 18:58:00
MERCH-3642,Electronics Central 3642,electronics,BR,2023-05-29 01:52:00
MERCH-3643,Travel Top 3643,travel,UK,2019-09-08 01:33:00
MERCH-3644,Entertainment Global 3644,entertainment,BR,2021-03-21 03:11:00
MERCH-3645,Health Plus 3645,health,BR,2019-02-13 02:01:00
MERCH-3646,Services Nova 3646,services,BR,2020-11-22 18:57:00
MERCH-3647,Retail Prime 3647,retail,BR,2021-11-12 05:56:00
MERCH-3648,Food Global 3648,food,BR,2019-11-18 13:29:00
MERCH-3649,Electronics Prime 3649,electronics,FR,2020-05-14 10:54:00
MERCH-3650,Travel Express 3650,travel,BR,2020-01-30 03:41:00
MERCH-3651,Entertainment Top 3651,entertainment,FR,2021-03-15 02:19:00
MERCH-3652,Health Global 3652,health,UK,2023-05-09 23:49:00
MERCH-3653,Services Central 3653,services,FR,2018-04-29 08:00:00
MERCH-3654,Retail Central 3654,retail,BR,2020-01-27 20:49:00
MERCH-3655,Food Global 3655,food,FR,2022-09-20 10:40:00
MERCH-3656,Electronics Central 3656,electronics,FR,2020-03-06 19:49:00
MERCH-3657,Travel Top 3657,travel,FR,2021-12-15 03:59:00
MERCH-3658,Entertainment Express 3658,entertainment,BR,2020-07-09 22:25:00
MERCH-3659,Health Nova 3659,health,FR,2018-01-30 20:13:00
MERCH-3660,Services Top 3660,services,FR,2018-11-15 21:52:00
MERCH-3661,Retail Plus 3661,retail,UK,2018-05-29 08:14:00
MERCH-3662,Food Plus 3662,food,BR,2019-09-06 20:57:00
MERCH-3663,Electronics Plus 3663,electronics,UK,2018-02-10 12:29:00
MERCH-3664,Travel Prime 3664,travel,US,2021-03-05 06:12:00
MERCH-3665,Entertainment Prime 3665,entertainment,BR,2019-10-12 04:19:00
MERCH-3666,Health Global 3666,health,UK,2022-12-31 09:58:00
MERCH-3667,Services Nova 3667,services,UK,2021-01-11 00:54:00
MERCH-3668,Retail Prime 3668,retail,BR,2023-06-02 18:57:00
MERCH-3669,Food Prime 3669,food,BR,2020-11-28 15:46:00
MERCH-3670,Electronics Prime 3670,electronics,BR,2021-01-14 19:22:00
MERCH-3671,Travel Max 3671,travel,US,2020-01-31 12:50:00
MERCH-3672,Entertainment Top 3672,entertainment,BR,2019-03-23 23:57:00
MERCH-3673,Health Plus 3673,health,BR,2019-11-06 16:24:00
MERCH-3674,Services Express 3674,services,BR,2020-10-14 01:31:00
MERCH-3675,Retail Top 3675,retail,BR,2018-11-11 14:05:00
MERCH-3676,Food Plus 3676,food,UK,2021-03-18 04:13:00
MERCH-3677,Electronics Plus 3677,electronics,BR,2021-02-23 12:53:00
MERCH-3678,Travel Express 3678,travel,BR,2022-08-29 00:47:00
MERCH-3679,Entertainment Plus 3679,entertainment,FR,2023-12-12 17:39:00
MERCH-3680,Health Nova 3680,health,BR,2021-11-23 05:25:00
MERCH-3681,Services Max 3681,services,UK,2018-04-19 03:12:00
MERCH-3682,Retail Central 3682,retail,UK,2023-01-12 13:00:00
MERCH-3683,Food Plus 3683,food,US,2018-12-15 17:56:00
MERCH-3684,Electronics Global 3684,electronics,BR,2023-03-15 04:07:00
MERCH-3685,Travel Prime 3685,travel,US,2020-09-08 03:37:00
MERCH-3686,Entertainment Prime 3686,entertainment,BR,2021-05-20 20:51:00
MERCH-3687,Health Nova 3687,health,US,2019-05-18 09:54:00
MERCH-3688,Services Prime 3688,services,BR,2020-02-12 00:44:00
MERCH-3689,Retail Plus 3689,retail,US,2018-09-13 01:07:00
MERCH-3690,Food Max 3690,food,BR,2018-04-18 10:55:00
MERCH-3691,Electronics Nova 3691,electronics,BR,2018-11-02 05:16:00
MERCH-3692,Travel Express 3692,travel,BR,2021-06-06 20:59:00
MERCH-3693,Entertainment Nova 3693,entertainment,FR,2020-10-01 21:21:00
MERCH-3694,Health Express 3694,health,US,2022-10-13 10:44:00
MERCH-3695,Services Nova 3695,services,BR,2023-10-23 14:52:00
MERCH-3696,Retail Nova 3696,retail,FR,2018-09-09 09:35:00
MERCH-3697,Food Prime 3697,food,FR,2019-10-01 10:49:00
MERCH-3698,Electronics Plus 3698,electronics,BR,2022-06-13 10:23:00
MERCH-3699,Travel Nova 3699,travel,UK,2022-09-29 21:07:00
MERCH-3700,Entertainment Plus 3700,entertainment,BR,2021-06-02 07:19:00
MERCH-3701,Health Central 3701,health,BR,2022-10-23 04:35:00
MERCH-3702,Services Global 3702,services,BR,2021-07-17 22:53:00
MERCH-3703,Retail Top 3703,retail,FR,2020-08-05 09:30:00
MERCH-3704,Food Express 3704,food,BR,2020-06-29 02:25:00
MERCH-3705,Electronics Plus 3705,electronics,US,2023-05-06 20:36:00
MERCH-3706,Travel Central 3706,travel,US,2023-08-16 13:25:00
MERCH-3707,Entertainment Nova 3707,entertainment,FR,2023-04-07 02:03:00
MERCH-3708,Health Prime 3708,health,US,2020-06-24 19:58:00
MERCH-3709,Services Nova 3709,services,BR,2020-02-27 04:35:00
MERCH-3710,Retail Express 3710,retail,FR,2021-06-21 23:48:00
MERCH-3711,Food Prime 3711,food,BR,2019-07-09 09:23:00
MERCH-3712,Electronics Global 3712,electronics,BR,2020-04-02 14:13:00
MERCH-3713,Travel Max 3713,travel,BR,2020-10-25 19:59:00
MERCH-3714,Entertainment Top 3714,entertainment,UK,2018-09-09 09:44:00
MERCH-3715,Health Global 3715,health,US,2019-02-22 14:52:00
MERCH-3716,Services Express 3716,services,BR,2018-09-15 03:32:00
MERCH-3717,Retail Nova 3717,retail,FR,2018-12-24 22:00:00
MERCH-3718,Food Max 3718,food,BR,2020-09-30 22:42:00
MERCH-3719,Electronics Central 3719,electronics,FR,2022-08-04 16:07:00
MERCH-3720,Travel Max 3720,travel,BR,2020-03-06 15:59:00
MERCH-3721,Entertainment Max 3721,entertainment,US,2019-02-16 17:59:00
MERCH-3722,Health Max 3722,health,BR,2018-01-20 07:20:00
MERCH-3723,Services Top 3723,services,UK,2022-04-26 06:20:00
MERCH-3724,Retail Central 3724,retail,BR,2022-01-27 02:17:00
MERCH-3725,Food Express 3725,food,BR,2023-07-24 12:29:00
MERCH-3726,Electronics Plus 3726,electronics,US,2019-04-01 09:56:00
MERCH-3727,Travel Prime 3727,travel,US,2019-03-17 16:25:00
MERCH-3728,Entertainment Global 3728,entertainment,BR,2019-08-22 15:01:00
MERCH-3729,Health Central 3729,health,FR,2023-07-10 08:55:00
MERCH-3730,Services Express 3730,services,UK,2023-03-28 09:55:00
MERCH-3731,Retail Global 3731,retail,UK,2021-11-24 11:30:00
MERCH-3732,Food Prime 3732,food,BR,2023-11-06 21:36:00
MERCH-3733,Electronics Express 3733,electronics,US,2021-03-30 15:03:00
MERCH-3734,Travel Express 3734,travel,BR,2021-08-07 12:17:00
MERCH-3735,Entertainment Global 3735,entertainment,US,2019-03-27 10:53:00
MERCH-3736,Health Express 3736,health,US,2021-07-31 07:09:00
MERCH-3737,Services Top 3737,services,BR,2021-07-02 13:57:00
MERCH-3738,Retail Top 3738,retail,BR,2022-11-25 14:08:00
MERCH-3739,Food Prime 3739,food,FR,2022-08-19 05:15:00
MERCH-3740,Electronics Nova 3740,electronics,UK,2021-01-25 19:42:00
MERCH-3741,Travel Plus 3741,travel,FR,2023-02-08 14:47:00
MERCH-3742,Entertainment Plus 3742,entertainment,UK,2020-05-06 23:39:00
MERCH-3743,Health Express 3743,health,BR,2022-08-03 07:50:00
MERCH-3744,Services Nova 3744,services,UK,2022-11-04 07:09:00
MERCH-3745,Retail Global 3745,retail,BR,2018-08-01 09:44:00
MERCH-3746,Food Top 3746,food,BR,2021-11-25 06:26:00
MERCH-3747,Electronics Plus 3747,electronics,FR,2019-04-03 05:54:00
MERCH-3748,Travel Top 3748,travel,UK,2021-04-05 22:03:00
MERCH-3749,Entertainment Nova 3749,entertainment,UK,2023-08-29 00:50:00
MERCH-3750,Health Central 3750,health,BR,2023-06-24 06:56:00
MERCH-3751,Services Global 3751,services,FR,2021-03-23 17:15:00
MERCH-3752,Retail Top 3752,retail,FR,2021-07-03 02:05:00
MERCH-3753,Food Global 3753,food,BR,2019-06-28 21:03:00
MERCH-3754,Electronics Global 3754,electronics,US,2018-08-09 07:46:00
MERCH-3755,Travel Prime 3755,travel,FR,2023-09-09 05:50:00
MERCH-3756,Entertainment Global 3756,entertainment,US,2018-11-09 13:01:00
MERCH-3757,Health Plus 3757,health,BR,2022-10-05 12:26:00
MERCH-3758,Services Max 3758,services,BR,2019-12-10 17:42:00
MERCH-3759,Retail Central 3759,retail,UK,2019-08-28 00:21:00
MERCH-3760,Food Global 3760,food,BR,2019-07-06 16:49:00
MERCH-3761,Electronics Prime 3761,electronics,BR,2023-03-21 10:51:00
MERCH-3762,Travel Prime 3762,travel,BR,2022-01-31 13:44:00
MERCH-3763,Entertainment Prime 3763,entertainment,US,2021-03-05 07:07:00
MERCH-3764,Health Nova 3764,health,BR,2022-04-24 11:14:00
MERCH-3765,Services Express 3765,services,US,2019-12-28 19:28:00
MERCH-3766,Retail Express 3766,retail,BR,2022-04-16 07:08:00
MERCH-3767,Food Prime 3767,food,BR,2022-10-05 20:44:00
MERCH-3768,Electronics Max 3768,electronics,BR,2019-07-19 21:54:00
MERCH-3769,Travel Prime 3769,travel,BR,2020-10-26 23:13:00
MERCH-3770,Entertainment Global 3770,entertainment,US,2022-06-29 22:15:00
MERCH-3771,Health Prime 3771,health,US,2020-11-13 01:26:00
MERCH-3772,Services Global 3772,services,BR,2020-01-28 13:39:00
MERCH-3773,Retail Max 3773,retail,BR,2022-08-16 19:05:00
MERCH-3774,Food Central 3774,food,US,2023-05-17 10:32:00
MERCH-3775,Electronics Top 3775,electronics,UK,2018-02-05 20:40:00
MERCH-3776,Travel Top 3776,travel,BR,2019-06-19 01:05:00
MERCH-3777,Entertainment Top 3777,entertainment,BR,2020-10-25 19:36:00
MERCH-3778,Health Nova 3778,health,BR,2021-03-02 20:45:00
MERCH-3779,Services Express 3779,services,FR,2021-04-10 08:53:00
MERCH-3780,Retail Express 3780,retail,BR,2019-02-23 02:58:00
MERCH-3781,Food Plus 3781,food,FR,2022-05-28 09:12:00
MERCH-3782,Electronics Express 3782,electronics,BR,2019-02-26 04:47:00
MERCH-3783,Travel Prime 3783,travel,UK,2023-02-03 06:21:00
MERCH-3784,Entertainment Express 3784,entertainment,FR,2021-05-26 13:50:00
MERCH-3785,Health Prime 3785,health,BR,2019-12-14 18:45:00
MERCH-3786,Services Central 3786,services,BR,2021-04-26 03:18:00
MERCH-3787,Retail Prime 3787,retail,UK,2018-06-25 18:27:00
MERCH-3788,Food Nova 3788,food,BR,2018-04-07 14:27:00
MERCH-3789,Electronics Max 3789,electronics,UK,2021-10-30 07:09:00
MERCH-3790,Travel Plus 3790,travel,BR,2023-03-13 22:53:00
MERCH-3791,Entertainment Top 3791,entertainment,FR,2019-01-31 23:27:00
MERCH-3792,Health Prime 3792,health,UK,2018-04-19 06:23:00
MERCH-3793,Services Plus 3793,services,BR,2023-02-15 14:42:00
MERCH-3794,Retail Express 3794,retail,UK,2021-05-16 01:30:00
MERCH-3795,Food Top 3795,food,BR,2021-05-03 16:14:00
MERCH-3796,Electronics Central 3796,electronics,BR,2022-04-03 15:17:00
MERCH-3797,Travel Top 3797,travel,BR,2022-05-28 19:42:00
MERCH-3798,Entertainment Top 3798,entertainment,FR,2022-06-11 19:49:00
MERCH-3799,Health Express 3799,health,BR,2018-11-28 04:57:00
MERCH-3800,Services Central 3800,services,BR,2021-07-12 22:43:00
MERCH-3801,Retail Plus 3801,retail,BR,2019-07-25 18:55:00
MERCH-3802,Food Plus 3802,food,BR,2018-08-30 01:08:00
MERCH-3803,Electronics Global 3803,electronics,BR,2022-08-13 04:33:00
MERCH-3804,Travel Global 3804,travel,BR,2022-12-09 07:41:00
MERCH-3805,Entertainment Express 3805,entertainment,BR,2018-03-18 05:08:00
MERCH-3806,Health Max 3806,health,FR,2023-11-23 07:03:00
MERCH-3807,Services Top 3807,services,US,2019-05-31 18:57:00
MERCH-3808,Retail Central 3808,retail,BR,2021-11-06 00:30:00
MERCH-3809,Food Express 3809,food,BR,2023-03-15 00:07:00
MERCH-3810,Electronics Plus 3810,electronics,UK,2020-04-11 08:03:00
MERCH-3811,Travel Max 3811,travel,US,2023-03-18 19:21:00
MERCH-3812,Entertainment Express 3812,entertainment,BR,2018-07-03 19:46:00
MERCH-3813,Health Express 3813,health,BR,2021-09-07 05:23:00
MERCH-3814,Services Prime 3814,services,BR,2020-08-19 16:52:00
MERCH-3815,Retail Express 3815,retail,BR,2022-10-03 03:12:00
MERCH-3816,Food Express 3816,food,UK,2019-01-29 18:02:00
MERCH-3817,Electronics Plus 3817,electronics,FR,2023-05-08 07:48:00
MERCH-3818,Travel Express 3818,travel,BR,2020-08-13 07:01:00
MERCH-3819,Entertainment Central 3819,entertainment,BR,2018-11-23 14:42:00
MERCH-3820,Health Global 3820,health,FR,2022-05-23 22:26:00
MERCH-3821,Services Nova 3821,services,BR,2021-11-26 04:45:00
MERCH-3822,Retail Nova 3822,retail,FR,2019-11-15 16:25:00
MERCH-3823,Food Prime 3823,food,UK,2022-01-13 10:10:00
MERCH-3824,Electronics Top 3824,electronics,BR,2020-06-25 16:28:00
MERCH-3825,Travel Nova 3825,travel,UK,2021-08-16 21:22:00
MERCH-3826,Entertainment Central 3826,entertainment,US,2018-06-17 06:41:00
MERCH-3827,Health Express 3827,health,BR,2023-11-16 01:16:00
MERCH-3828,Services Top 3828,services,US,2019-09-24 03:23:00
MERCH-3829,Retail Top 3829,retail,UK,2022-10-10 16:53:00
MERCH-3830,Food Global 3830,food,BR,2021-10-24 09:28:00
MERCH-3831,Electronics Max 3831,electronics,FR,2023-02-03 20:08:00
MERCH-3832,Travel Max 3832,travel,BR,2023-03-04 09:07:00
MERCH-3833,Entertainment Nova 3833,entertainment,UK,2020-09-06 04:48:00
MERCH-3834,Health Global 3834,health,US,2022-04-21 21:08:00
MERCH-3835,Services Max 3835,services,BR,2018-04-23 16:47:00
MERCH-3836,Retail Plus 3836,retail,US,2023-12-18 18:24:00
MERCH-3837,Food Central 3837,food,UK,2022-12-03 08:29:00
MERCH-3838,Electronics Central 3838,electronics,BR,2023-11-02 08:44:00
MERCH-3839,Travel Prime 3839,travel,BR,2021-07-16 15:55:00
MERCH-3840,Entertainment Prime 3840,entertainment,BR,2023-01-10 10:37:00
MERCH-3841,Health Global 3841,health,UK,2020-11-22 01:27:00
MERCH-3842,Services Central 3842,services,BR,2020-04-03 13:51:00
MERCH-3843,Retail Global 3843,retail,BR,2019-11-20 18:55:00
MERCH-3844,Food Max 3844,food,US,2023-05-16 05:09:00
MERCH-3845,Electronics Top 3845,electronics,BR,2020-02-10 19:49:00
MERCH-3846,Travel Prime 3846,travel,BR,2018-05-23 00:38:00
MERCH-3847,Entertainment Nova 3847,entertainment,BR,2021-03-27 16:52:00
MERCH-3848,Health Prime 3848,health,FR,2022-12-06 07:21:00
MERCH-3849,Services Global 3849,services,BR,2019-09-01 04:15:00
MERCH-3850,Retail Express 3850,retail,US,2018-01-21 18:44:00
MERCH-3851,Food Express 3851,food,US,2019-05-23 05:55:00
MERCH-3852,Electronics Central 3852,electronics,UK,2023-06-23 19:06:00
MERCH-3853,Travel Global 3853,travel,US,2018-08-14 00:59:00
MERCH-3854,Entertainment Nova 3854,entertainment,US,2019-01-15 23:19:00
MERCH-3855,Health Top 3855,health,BR,2019-10-23 08:34:00
MERCH-3856,Services Prime 3856,services,BR,2021-01-09 07:49:00
MERCH-3857,Retail Nova 3857,retail,UK,2018-06-02 20:57:00
MERCH-3858,Food Express 3858,food,BR,2019-07-09 07:01:00
MERCH-3859,Electronics Central 3859,electronics,US,2018-07-05 20:24:00
MERCH-3860,Travel Prime 3860,travel,US,2023-07-06 23:14:00
MERCH-3861,Entertainment Prime 3861,entertainment,UK,2022-10-20 15:25:00
MERCH-3862,Health Nova 3862,health,US,2020-07-10 16:27:00
MERCH-3863,Services Nova 3863,services,BR,2018-05-15 13:41:00
MERCH-3864,Retail Prime 3864,retail,FR,2022-10-25 11:19:00
MERCH-3865,Food Max 3865,food,UK,2018-03-26 00:09:00
MERCH-3866,Electronics Prime 3866,electronics,FR,2022-10-08 20:24:00
MERCH-3867,Travel Central 3867,travel,BR,2018-01-17 13:02:00
MERCH-3868,Entertainment Top 3868,entertainment,BR,2021-07-08 10:27:00
MERCH-3869,Health Max 3869,health,US,2019-04-04 03:54:00
MERCH-3870,Services Global 3870,services,UK,2020-11-28 13:28:00
MERCH-3871,Retail Max 3871,retail,US,2018-09-11 11:43:00
MERCH-3872,Food Top 3872,food,BR,2019-11-27 01:31:00
MERCH-3873,Electronics Express 3873,electronics,BR,2020-02-08 04:16:00
MERCH-3874,Travel Global 3874,travel,BR,2023-03-15 13:17:00
MERCH-3875,Entertainment Express 3875,entertainment,BR,2023-08-15 01:58:00
MERCH-3876,Health Top 3876,health,BR,2021-10-27 00:07:00
MERCH-3877,Services Central 3877,services,US,2021-03-01 21:59:00
MERCH-3878,Retail Max 3878,retail,US,2023-12-03 15:52:00
MERCH-3879,Food Central 3879,food,BR,2019-05-06 21:12:00
MERCH-3880,Electronics Express 3880,electronics,BR,2019-07-17 22:31:00
MERCH-3881,Travel Plus 3881,travel,US,2021-07-06 11:13:00
MERCH-3882,Entertainment Nova 3882,entertainment,FR,2018-08-25 09:01:00
MERCH-3883,Health Nova 3883,health,BR,2022-08-17 07:17:00
MERCH-3884,Services Max 3884,services,BR,2021-10-03 08:36:00
MERCH-3885,Retail Plus 3885,retail,BR,2020-09-08 23:09:00
MERCH-3886,Food Express 3886,food,FR,2019-01-10 07:09:00
MERCH-3887,Electronics Plus 3887,electronics,UK,2023-06-11 06:05:00
MERCH-3888,Travel Plus 3888,travel,FR,2023-07-15 16:58:00
MERCH-3889,Entertainment Max 3889,entertainment,US,2019-04-21 09:31:00
MERCH-3890,Health Prime 3890,health,UK,2020-07-09 03:36:00
MERCH-3891,Services Plus 3891,services,UK,2022-03-03 07:07:00
MERCH-3892,Retail Prime 3892,retail,FR,2021-03-14 03:01:00
MERCH-3893,Food Global 3893,food,US,2018-10-15 06:59:00
MERCH-3894,Electronics Prime 3894,electronics,BR,2020-07-13 01:16:00
MERCH-3895,Travel Prime 3895,travel,BR,2018-07-14 06:03:00
MERCH-3896,Entertainment Express 3896,entertainment,BR,2023-10-08 19:39:00
MERCH-3897,Health Prime 3897,health,BR,2019-04-03 22:03:00
MERCH-3898,Services Nova 3898,services,BR,2020-11-26 23:40:00
MERCH-3899,Retail Top 3899,retail,BR,2021-07-04 10:17:00
MERCH-3900,Food Prime 3900,food,BR,2023-05-14 15:46:00
MERCH-3901,Electronics Plus 3901,electronics,FR,2018-08-05 13:47:00
MERCH-3902,Travel Plus 3902,travel,BR,2023-09-11 13:16:00
MERCH-3903,Entertainment Prime 3903,entertainment,BR,2022-07-29 01:04:00
MERCH-3904,Health Top 3904,health,UK,2021-03-17 17:55:00
MERCH-3905,Services Max 3905,services,BR,2020-06-22 17:07:00
MERCH-3906,Retail Central 3906,retail,BR,2022-04-30 20:52:00
MERCH-3907,Food Plus 3907,food,BR,2023-11-27 05:05:00
MERCH-3908,Electronics Global 3908,electronics,BR,2020-01-11 07:30:00
MERCH-3909,Travel Prime 3909,travel,BR,2023-03-07 21:22:00
MERCH-3910,Entertainment Plus 3910,entertainment,BR,2021-03-20 17:54:00
MERCH-3911,Health Plus 3911,health,US,2018-03-26 06:09:00
MERCH-3912,Services Prime 3912,services,FR,2019-08-24 21:09:00
MERCH-3913,Retail Central 3913,retail,BR,2018-11-27 04:06:00
MERCH-3914,Food Express 3914,food,BR,2021-08-09 08:32:00
MERCH-3915,Electronics Global 3915,electronics,FR,2018-09-21 12:36:00
MERCH-3916,Travel Prime 3916,travel,BR,2021-08-18 12:11:00
MERCH-3917,Entertainment Central 3917,entertainment,BR,2019-12-13 20:08:00
MERCH-3918,Health Plus 3918,health,US,2022-09-07 03:27:00
MERCH-3919,Services Max 3919,services,BR,2021-05-13 20:16:00
MERCH-3920,Retail Central 3920,retail,BR,2018-03-31 06:46:00
MERCH-3921,Food Prime 3921,food,FR,2023-04-24 00:04:00
MERCH-3922,Electronics Max 3922,electronics,BR,2020-04-26 22:15:00
MERCH-3923,Travel Top 3923,travel,BR,2023-10-07 07:15:00
MERCH-3924,Entertainment Plus 3924,entertainment,BR,2022-05-30 14:22:00
MERCH-3925,Health Nova 3925,health,BR,2018-08-07 19:18:00
MERCH-3926,Services Top 3926,services,BR,2020-03-27 00:35:00
MERCH-3927,Retail Nova 3927,retail,BR,2023-06-29 09:37:00
MERCH-3928,Food Nova 3928,food,FR,2023-04-09 16:44:00
MERCH-3929,Electronics Prime 3929,electronics,BR,2018-12-22 15:43:00
MERCH-3930,Travel Plus 3930,travel,BR,2020-07-12 15:09:00
MERCH-3931,Entertainment Top 3931,entertainment,BR,2021-06-25 09:25:00
MERCH-3932,Health Nova 3932,health,BR,2022-03-19 09:42:00
MERCH-3933,Services Express 3933,services,BR,2019-10-29 11:59:00
MERCH-3934,Retail Top 3934,retail,BR,2020-05-05 21:46:00
MERCH-3935,Food Prime 3935,food,US,2018-08-19 18:52:00
MERCH-3936,Electronics Nova 3936,electronics,BR,2021-03-12 01:11:00
MERCH-3937,Travel Global 3937,travel,UK,2022-02-19 07:08:00
MERCH-3938,Entertainment Max 3938,entertainment,FR,2018-10-12 20:27:00
MERCH-3939,Health Max 3939,health,BR,2022-11-22 14:28:00
MERCH-3940,Services Global 3940,services,FR,2020-03-23 20:56:00
MERCH-3941,Retail Top 3941,retail,BR,2021-02-12 14:37:00
MERCH-3942,Food Express 3942,food,US,2018-07-08 05:56:00
MERCH-3943,Electronics Nova 3943,electronics,BR,2021-05-21 23:50:00
MERCH-3944,Travel Max 3944,travel,BR,2019-07-03 12:51:00
MERCH-3945,Entertainment Prime 3945,entertainment,BR,2021-06-15 15:44:00
MERCH-3946,Health Max 3946,health,US,2018-01-28 19:32:00
MERCH-3947,Services Central 3947,services,FR,2020-07-31 11:46:00
MERCH-3948,Retail Nova 3948,retail,BR,2018-10-29 04:11:00
MERCH-3949,Food Global 3949,food,FR,2021-10-17 21:11:00
MERCH-3950,Electronics Prime 3950,electronics,FR,2019-10-14 18:20:00
MERCH-3951,Travel Nova 3951,travel,US,2023-02-10 08:53:00
MERCH-3952,Entertainment Global 3952,entertainment,BR,2023-01-17 23:29:00
MERCH-3953,Health Central 3953,health,UK,2021-12-16 18:31:00
MERCH-3954,Services Central 3954,services,US,2023-02-05 03:33:00
MERCH-3955,Retail Top 3955,retail,FR,2022-08-07 11:26:00
MERCH-3956,Food Max 3956,food,FR,2021-08-12 01:50:00
MERCH-3957,Electronics Top 3957,electronics,BR,2018-06-05 20:49:00
MERCH-3958,Travel Global 3958,travel,BR,2018-02-09 21:03:00
MERCH-3959,Entertainment Prime 3959,entertainment,FR,2023-07-19 18:56:00
MERCH-3960,Health Max 3960,health,BR,2023-01-21 15:42:00
MERCH-3961,Services Nova 3961,services,BR,2021-11-23 17:23:00
MERCH-3962,Retail Plus 3962,retail,BR,2019-12-02 08:19:00
MERCH-3963,Food Nova 3963,food,BR,2023-08-08 02:45:00
MERCH-3964,Electronics Max 3964,electronics,FR,2023-03-22 01:17:00
MERCH-3965,Travel Plus 3965,travel,US,2019-12-26 03:03:00
MERCH-3966,Entertainment Plus 3966,entertainment,BR,2018-04-11 06:42:00
MERCH-3967,Health Top 3967,health,BR,2022-01-02 01:45:00
MERCH-3968,Services Express 3968,services,BR,2020-11-22 18:24:00
MERCH-3969,Retail Prime 3969,retail,FR,2023-04-24 04:03:00
MERCH-3970,Food Plus 3970,food,BR,2020-07-20 09:32:00
MERCH-3971,Electronics Nova 3971,electronics,UK,2018-01-12 22:24:00
MERCH-3972,Travel Global 3972,travel,BR,2021-10-11 22:48:00
MERCH-3973,Entertainment Prime 3973,entertainment,BR,2023-12-18 15:24:00
MERCH-3974,Health Max 3974,health,US,2022-12-15 21:30:00
MERCH-3975,Services Plus 3975,services,FR,2020-02-22 13:05:00
MERCH-3976,Retail Central 3976,retail,UK,2023-11-19 20:34:00
MERCH-3977,Food Max 3977,food,UK,2019-05-08 16:34:00
MERCH-3978,Electronics Central 3978,electronics,FR,2020-08-12 01:25:00
MERCH-3979,Travel Max 3979,travel,UK,2018-04-05 16:33:00
MERCH-3980,Entertainment Max 3980,entertainment,UK,2021-11-08 02:37:00
MERCH-3981,Health Express 3981,health,BR,2022-01-02 17:38:00
MERCH-3982,Services Nova 3982,services,FR,2021-07-25 17:27:00
MERCH-3983,Retail Express 3983,retail,US,2021-02-11 14:54:00
MERCH-3984,Food Central 3984,food,BR,2021-03-01 13:18:00
MERCH-3985,Electronics Express 3985,electronics,BR,2020-04-18 22:03:00
MERCH-3986,Travel Top 3986,travel,BR,2023-01-25 21:00:00
MERCH-3987,Entertainment Prime 3987,entertainment,BR,2022-10-05 09:14:00
MERCH-3988,Health Nova 3988,health,FR,2018-04-13 15:00:00
MERCH-3989,Services Top 3989,services,FR,2019-06-02 00:16:00
MERCH-3990,Retail Plus 3990,retail,FR,2022-02-02 15:17:00
MERCH-3991,Food Central 3991,food,UK,2022-01-27 00:06:00
MERCH-3992,Electronics Central 3992,electronics,UK,2021-02-20 21:18:00
MERCH-3993,Travel Global 3993,travel,BR,2018-09-17 07:38:00
MERCH-3994,Entertainment Express 3994,entertainment,BR,2023-04-29 22:34:00
MERCH-3995,Health Plus 3995,health,BR,2022-08-24 20:27:00
MERCH-3996,Services Express 3996,services,BR,2022-06-03 20:04:00
MERCH-3997,Retail Express 3997,retail,BR,2019-09-03 16:48:00
MERCH-3998,Food Prime 3998,food,BR,2019-06-24 22:47:00
MERCH-3999,Electronics Top 3999,electronics,US,2021-11-16 17:03:00
MERCH-4000,Travel Express 4000,travel,BR,2020-10-05 10:16:00
MERCH-4001,Entertainment Global 4001,entertainment,BR,2022-02-20 23:56:00
MERCH-4002,Health Top 4002,health,US,2018-12-26 02:20:00
MERCH-4003,Services Express 4003,services,US,2023-07-01 01:15:00
MERCH-4004,Retail Prime 4004,retail,BR,2020-01-31 19:35:00
MERCH-4005,Food Global 4005,food,BR,2020-03-24 10:16:00
MERCH-4006,Electronics Plus 4006,electronics,FR,2023-03-17 03:43:00
MERCH-4007,Travel Plus 4007,travel,BR,2019-07-04 10:07:00
MERCH-4008,Entertainment Global 4008,entertainment,FR,2020-07-08 02:25:00
MERCH-4009,Health Plus 4009,health,FR,2019-11-09 06:32:00
MERCH-4010,Services Plus 4010,services,BR,2020-01-11 22:28:00
MERCH-4011,Retail Prime 4011,retail,BR,2023-05-24 16:11:00
MERCH-4012,Food Express 4012,food,UK,2018-02-04 13:27:00
MERCH-4013,Electronics Nova 4013,electronics,BR,2019-06-24 05:55:00
MERCH-4014,Travel Plus 4014,travel,BR,2022-09-26 21:55:00
MERCH-4015,Entertainment Plus 4015,entertainment,BR,2020-01-30 22:30:00
MERCH-4016,Health Max 4016,health,UK,2023-03-07 18:08:00
MERCH-4017,Services Plus 4017,services,UK,2018-07-10 19:10:00
MERCH-4018,Retail Nova 4018,retail,BR,2019-02-22 21:33:00
MERCH-4019,Food Central 4019,food,BR,2023-04-14 16:53:00
MERCH-4020,Electronics Express 4020,electronics,BR,2023-04-16 09:16:00
MERCH-4021,Travel Global 4021,travel,BR,2023-02-11 00:54:00
MERCH-4022,Entertainment Max 4022,entertainment,FR,2020-11-11 08:30:00
MERCH-4023,Health Plus 4023,health,UK,2021-12-10 22:59:00
MERCH-4024,Services Global 4024,services,BR,2021-02-25 15:08:00
MERCH-4025,Retail Express 4025,retail,BR,2021-11-24 01:03:00
MERCH-4026,Food Plus 4026,food,BR,2022-08-31 20:26:00
MERCH-4027,Electronics Plus 4027,electronics,BR,2019-03-10 21:12:00
MERCH-4028,Travel Prime 4028,travel,FR,2021-05-14 23:11:00
MERCH-4029,Entertainment Prime 4029,entertainment,UK,2019-01-07 20:03:00
MERCH-4030,Health Express 4030,health,BR,2018-09-05 18:38:00
MERCH-4031,Services Max 4031,services,BR,2018-10-29 22:58:00
MERCH-4032,Retail Prime 4032,retail,FR,2019-11-29 05:51:00
MERCH-4033,Food Global 4033,food,BR,2018-05-28 17:55:00
MERCH-4034,Electronics Central 4034,electronics,BR,2021-10-16 18:32:00
MERCH-4035,Travel Global 4035,travel,FR,2020-12-22 07:29:00
MERCH-4036,Entertainment Central 4036,entertainment,BR,2019-06-03 19:29:00
MERCH-4037,Health Top 4037,health,BR,2022-08-07 23:17:00
MERCH-4038,Services Nova 4038,services,FR,2023-09-04 07:04:00
MERCH-4039,Retail Prime 4039,retail,BR,2019-05-12 16:57:00
MERCH-4040,Food Express 4040,food,BR,2023-10-26 04:42:00
MERCH-4041,Electronics Express 4041,electronics,BR,2019-10-27 12:38:00
MERCH-4042,Travel Central 4042,travel,US,2022-06-13 11:10:00
MERCH-4043,Entertainment Global 4043,entertainment,BR,2022-03-06 10:51:00
MERCH-4044,Health Plus 4044,health,FR,2018-06-22 12:47:00
MERCH-4045,Services Nova 4045,services,UK,2019-08-27 12:17:00
MERCH-4046,Retail Prime 4046,retail,US,2019-12-25 23:01:00
MERCH-4047,Food Central 4047,food,BR,2022-03-15 09:24:00
MERCH-4048,Electronics Plus 4048,electronics,BR,2022-02-21 05:16:00
MERCH-4049,Travel Plus 4049,travel,BR,2022-12-05 23:15:00
MERCH-4050,Entertainment Prime 4050,entertainment,BR,2019-10-18 22:00:00
MERCH-4051,Health Top 4051,health,UK,2023-11-28 03:55:00
MERCH-4052,Services Express 4052,services,US,2019-02-14 09:46:00
MERCH-4053,Retail Central 4053,retail,BR,2022-02-11 13:32:00
MERCH-4054,Food Global 4054,food,BR,2021-07-24 03:45:00
MERCH-4055,Electronics Max 4055,electronics,UK,2018-11-07 19:31:00
MERCH-4056,Travel Global 4056,travel,US,2018-08-06 00:50:00
MERCH-4057,Entertainment Nova 4057,entertainment,FR,2020-02-26 07:21:00
MERCH-4058,Health Global 4058,health,BR,2022-04-23 18:33:00
MERCH-4059,Services Global 4059,services,FR,2021-07-18 00:13:00
MERCH-4060,Retail Nova 4060,retail,US,2023-03-09 07:54:00
MERCH-4061,Food Global 4061,food,BR,2022-05-03 17:27:00
MERCH-4062,Electronics Prime 4062,electronics,BR,2019-10-13 12:02:00
MERCH-4063,Travel Plus 4063,travel,FR,2018-06-28 06:11:00
MERCH-4064,Entertainment Nova 4064,entertainment,BR,2022-08-02 09:49:00
MERCH-4065,Health Top 4065,health,BR,2019-05-08 09:28:00
MERCH-4066,Services Max 4066,services,BR,2020-07-01 03:26:00
MERCH-4067,Retail Central 4067,retail,US,2021-07-04 11:45:00
MERCH-4068,Food Central 4068,food,BR,2018-02-15 04:34:00
MERCH-4069,Electronics Global 4069,electronics,BR,2020-11-03 03:34:00
MERCH-4070,Travel Express 4070,travel,BR,2019-08-19 13:04:00
MERCH-4071,Entertainment Prime 4071,entertainment,BR,2023-04-28 04:11:00
MERCH-4072,Health Central 4072,health,UK,2023-04-29 23:04:00
MERCH-4073,Services Express 4073,services,FR,2022-07-03 15:56:00
MERCH-4074,Retail Global 4074,retail,BR,2022-02-16 06:04:00
MERCH-4075,Food Central 4075,food,FR,2019-02-01 22:45:00
MERCH-4076,Electronics Nova 4076,electronics,US,2021-12-04 12:06:00
MERCH-4077,Travel Express 4077,travel,UK,2020-09-19 02:26:00
MERCH-4078,Entertainment Plus 4078,entertainment,BR,2023-11-15 16:34:00
MERCH-4079,Health Global 4079,health,BR,2021-09-14 22:40:00
MERCH-4080,Services Max 4080,services,BR,2021-05-26 07:20:00
MERCH-4081,Retail Prime 4081,retail,BR,2020-07-24 08:25:00
MERCH-4082,Food Global 4082,food,BR,2023-12-06 14:46:00
MERCH-4083,Electronics Plus 4083,electronics,US,2018-02-17 00:03:00
MERCH-4084,Travel Top 4084,travel,FR,2021-04-26 22:59:00
MERCH-4085,Entertainment Plus 4085,entertainment,FR,2018-06-27 05:59:00
MERCH-4086,Health Top 4086,health,BR,2019-09-13 21:16:00
MERCH-4087,Services Prime 4087,services,UK,2018-10-18 21:21:00
MERCH-4088,Retail Prime 4088,retail,US,2023-09-25 04:07:00
MERCH-4089,Food Prime 4089,food,UK,2018-10-31 22:45:00
MERCH-4090,Electronics Max 4090,electronics,FR,2020-09-08 11:10:00
MERCH-4091,Travel Global 4091,travel,UK,2018-03-16 10:53:00
MERCH-4092,Entertainment Global 4092,entertainment,BR,2021-11-28 10:41:00
MERCH-4093,Health Prime 4093,health,BR,2019-07-09 07:50:00
MERCH-4094,Services Central 4094,services,US,2019-11-02 23:44:00
MERCH-4095,Retail Plus 4095,retail,BR,2022-12-19 22:42:00
MERCH-4096,Food Plus 4096,food,BR,2018-01-25 12:41:00
MERCH-4097,Electronics Plus 4097,electronics,FR,2022-07-25 18:13:00
MERCH-4098,Travel Global 4098,travel,US,2018-03-22 01:06:00
MERCH-4099,Entertainment Prime 4099,entertainment,UK,2022-04-18 08:32:00
MERCH-4100,Health Express 4100,health,BR,2018-05-29 02:18:00
MERCH-4101,Services Nova 4101,services,UK,2020-12-16 19:34:00
MERCH-4102,Retail Express 4102,retail,US,2018-05-12 07:35:00
MERCH-4103,Food Express 4103,food,US,2018-10-09 01:51:00
MERCH-4104,Electronics Express 4104,electronics,US,2020-02-27 07:25:00
MERCH-4105,Travel Nova 4105,travel,BR,2019-01-05 20:27:00
MERCH-4106,Entertainment Top 4106,entertainment,BR,2022-06-16 20:34:00
MERCH-4107,Health Plus 4107,health,BR,2019-12-12 05:15:00
MERCH-4108,Services Max 4108,services,BR,2020-07-24 18:16:00
MERCH-4109,Retail Top 4109,retail,BR,2020-08-14 18:04:00
MERCH-4110,Food Central 4110,food,FR,2020-09-03 14:22:00
MERCH-4111,Electronics Global 4111,electronics,US,2021-01-25 04:47:00
MERCH-4112,Travel Prime 4112,travel,BR,2019-01-12 20:42:00
MERCH-4113,Entertainment Plus 4113,entertainment,FR,2019-04-08 20:23:00
MERCH-4114,Health Central 4114,health,BR,2022-12-15 22:53:00
MERCH-4115,Services Plus 4115,services,FR,2022-05-18 07:13:00
MERCH-4116,Retail Central 4116,retail,BR,2019-11-14 00:35:00
MERCH-4117,Food Max 4117,food,UK,2018-02-02 13:07:00
MERCH-4118,Electronics Prime 4118,electronics,UK,2022-07-14 11:57:00
MERCH-4119,Travel Top 4119,travel,FR,2022-04-21 17:15:00
MERCH-4120,Entertainment Nova 4120,entertainment,BR,2020-03-19 19:11:00
MERCH-4121,Health Top 4121,health,FR,2020-08-09 09:55:00
MERCH-4122,Services Plus 4122,services,FR,2023-12-08 09:34:00
MERCH-4123,Retail Prime 4123,retail,US,2023-10-25 18:57:00
MERCH-4124,Food Nova 4124,food,BR,2020-05-07 13:42:00
MERCH-4125,Electronics Central 4125,electronics,BR,2020-07-05 07:43:00
MERCH-4126,Travel Central 4126,travel,BR,2023-01-27 00:35:00
MERCH-4127,Entertainment Prime 4127,entertainment,FR,2020-12-13 10:09:00
MERCH-4128,Health Max 4128,health,US,2021-05-07 20:03:00
MERCH-4129,Services Nova 4129,services,UK,2018-01-29 00:28:00
MERCH-4130,Retail Express 4130,retail,BR,2018-05-22 06:37:00
MERCH-4131,Food Top 4131,food,US,2023-02-25 13:52:00
MERCH-4132,Electronics Max 4132,electronics,FR,2022-10-18 18:11:00
MERCH-4133,Travel Global 4133,travel,BR,2018-04-14 05:05:00
MERCH-4134,Entertainment Prime 4134,entertainment,BR,2019-10-15 16:06:00
MERCH-4135,Health Prime 4135,health,BR,2020-06-02 04:43:00
MERCH-4136,Services Max 4136,services,FR,2023-11-19 18:50:00
MERCH-4137,Retail Central 4137,retail,FR,2021-02-02 23:06:00
MERCH-4138,Food Plus 4138,food,UK,2018-02-25 15:31:00
MERCH-4139,Electronics Prime 4139,electronics,BR,2020-01-13 06:48:00
MERCH-4140,Travel Top 4140,travel,BR,2020-11-12 16:25:00
MERCH-4141,Entertainment Nova 4141,entertainment,BR,2018-01-17 04:29:00
MERCH-4142,Health Central 4142,health,BR,2018-04-28 02:12:00
MERCH-4143,Services Central 4143,services,BR,2018-03-07 12:45:00
MERCH-4144,Retail Top 4144,retail,BR,2020-01-13 08:42:00
MERCH-4145,Food Nova 4145,food,US,2022-12-21 09:44:00
MERCH-4146,Electronics Top 4146,electronics,BR,2022-03-20 03:26:00
MERCH-4147,Travel Nova 4147,travel,UK,2023-11-02 12:18:00
MERCH-4148,Entertainment Plus 4148,entertainment,BR,2020-10-19 09:09:00
MERCH-4149,Health Max 4149,health,BR,2021-03-29 09:35:00
MERCH-4150,Services Nova 4150,services,UK,2022-05-26 15:24:00
MERCH-4151,Retail Express 4151,retail,US,2020-04-01 10:43:00
MERCH-4152,Food Top 4152,food,BR,2019-01-27 21:49:00
MERCH-4153,Electronics Plus 4153,electronics,BR,2021-05-14 07:33:00
MERCH-4154,Travel Prime 4154,travel,UK,2019-07-15 10:51:00
MERCH-4155,Entertainment Central 4155,entertainment,US,2023-07-23 05:29:00
MERCH-4156,Health Max 4156,health,BR,2023-11-21 23:25:00
MERCH-4157,Services Prime 4157,services,BR,2022-01-17 03:50:00
MERCH-4158,Retail Express 4158,retail,BR,2023-04-29 11:45:00
MERCH-4159,Food Top 4159,food,BR,2020-10-24 21:46:00
MERCH-4160,Electronics Max 4160,electronics,UK,2018-06-24 09:47:00
MERCH-4161,Travel Prime 4161,travel,UK,2020-12-08 06:32:00
MERCH-4162,Entertainment Max 4162,entertainment,BR,2022-10-19 11:14:00
MERCH-4163,Health Nova 4163,health,BR,2019-12-01 19:42:00
MERCH-4164,Services Max 4164,services,US,2018-03-04 17:21:00
MERCH-4165,Retail Prime 4165,retail,BR,2021-12-19 08:55:00
MERCH-4166,Food Prime 4166,food,US,2023-01-15 16:45:00
MERCH-4167,Electronics Nova 4167,electronics,US,2021-11-02 02:14:00
MERCH-4168,Travel Top 4168,travel,BR,2019-07-04 14:27:00
MERCH-4169,Entertainment Central 4169,entertainment,BR,2023-07-06 01:06:00
MERCH-4170,Health Express 4170,health,BR,2023-08-03 14:41:00
MERCH-4171,Services Prime 4171,services,US,2022-08-28 20:15:00
MERCH-4172,Retail Top 4172,retail,BR,2021-10-06 05:54:00
MERCH-4173,Food Express 4173,food,BR,2020-11-21 01:07:00
MERCH-4174,Electronics Top 4174,electronics,US,2018-10-18 05:21:00
MERCH-4175,Travel Nova 4175,travel,BR,2020-05-02 00:55:00
MERCH-4176,Entertainment Top 4176,entertainment,US,2022-09-26 07:38:00
MERCH-4177,Health Nova 4177,health,FR,2020-11-30 12:27:00
MERCH-4178,Services Express 4178,services,FR,2020-01-02 22:48:00
MERCH-4179,Retail Nova 4179,retail,FR,2018-09-02 15:51:00
MERCH-4180,Food Global 4180,food,UK,2019-06-24 11:50:00
MERCH-4181,Electronics Prime 4181,electronics,BR,2018-09-14 08:55:00
MERCH-4182,Travel Plus 4182,travel,BR,2023-01-17 21:59:00
MERCH-4183,Entertainment Nova 4183,entertainment,FR,2023-12-13 12:48:00
MERCH-4184,Health Nova 4184,health,FR,2021-12-07 07:10:00
MERCH-4185,Services Express 4185,services,US,2022-08-12 08:27:00
MERCH-4186,Retail Max 4186,retail,BR,2022-08-01 22:04:00
MERCH-4187,Food Nova 4187,food,UK,2020-05-21 21:11:00
MERCH-4188,Electronics Nova 4188,electronics,BR,2018-02-28 07:09:00
MERCH-4189,Travel Nova 4189,travel,BR,2021-01-24 21:43:00
MERCH-4190,Entertainment Nova 4190,entertainment,BR,2021-03-26 03:56:00
MERCH-4191,Health Express 4191,health,FR,2023-02-20 20:04:00
MERCH-4192,Services Nova 4192,services,FR,2022-06-21 03:17:00
MERCH-4193,Retail Plus 4193,retail,BR,2022-06-20 13:18:00
MERCH-4194,Food Plus 4194,food,US,2019-12-12 10:11:00
MERCH-4195,Electronics Top 4195,electronics,FR,2023-04-25 02:19:00
MERCH-4196,Travel Plus 4196,travel,BR,2021-05-02 16:39:00
MERCH-4197,Entertainment Plus 4197,entertainment,US,2019-08-23 08:54:00
MERCH-4198,Health Central 4198,health,BR,2020-07-25 19:29:00
MERCH-4199,Services Nova 4199,services,BR,2019-03-08 03:02:00
MERCH-4200,Retail Prime 4200,retail,BR,2022-06-28 13:45:00
MERCH-4201,Food Plus 4201,food,US,2018-12-24 03:42:00
MERCH-4202,Electronics Express 4202,electronics,UK,2022-04-17 16:55:00
MERCH-4203,Travel Plus 4203,travel,US,2020-06-12 01:41:00
MERCH-4204,Entertainment Top 4204,entertainment,US,2021-08-26 05:42:00
MERCH-4205,Health Top 4205,health,US,2023-07-16 00:05:00
MERCH-4206,Services Central 4206,services,UK,2023-07-09 19:21:00
MERCH-4207,Retail Prime 4207,retail,BR,2022-09-10 15:04:00
MERCH-4208,Food Global 4208,food,BR,2020-11-28 12:02:00
MERCH-4209,Electronics Top 4209,electronics,BR,2020-01-08 06:15:00
MERCH-4210,Travel Max 4210,travel,FR,2022-08-08 05:50:00
MERCH-4211,Entertainment Global 4211,entertainment,US,2018-11-26 18:55:00
MERCH-4212,Health Top 4212,health,US,2022-08-15 12:57:00
MERCH-4213,Services Central 4213,services,BR,2022-03-27 11:54:00
MERCH-4214,Retail Top 4214,retail,BR,2021-07-27 10:29:00
MERCH-4215,Food Prime 4215,food,FR,2018-03-18 04:34:00
MERCH-4216,Electronics Max 4216,electronics,US,2023-03-16 20:10:00
MERCH-4217,Travel Global 4217,travel,UK,2023-11-08 00:19:00
MERCH-4218,Entertainment Top 4218,entertainment,BR,2021-11-13 11:32:00
MERCH-4219,Health Nova 4219,health,US,2020-03-19 04:44:00
MERCH-4220,Services Plus 4220,services,BR,2021-11-02 22:35:00
MERCH-4221,Retail Nova 4221,retail,BR,2018-04-10 04:15:00
MERCH-4222,Food Plus 4222,food,BR,2021-09-25 08:29:00
MERCH-4223,Electronics Express 4223,electronics,FR,2020-11-29 16:36:00
MERCH-4224,Travel Central 4224,travel,BR,2023-07-24 18:39:00
MERCH-4225,Entertainment Max 4225,entertainment,BR,2020-12-09 09:57:00
MERCH-4226,Health Nova 4226,health,BR,2022-12-05 04:30:00
MERCH-4227,Services Central 4227,services,UK,2023-02-07 20:13:00
MERCH-4228,Retail Max 4228,retail,BR,2021-08-27 20:51:00
MERCH-4229,Food Express 4229,food,US,2020-12-14 07:00:00
MERCH-4230,Electronics Global 4230,electronics,BR,2021-11-30 00:13:00
MERCH-4231,Travel Nova 4231,travel,UK,2023-12-14 19:16:00
MERCH-4232,Entertainment Nova 4232,entertainment,BR,2020-11-05 15:40:00
MERCH-4233,Health Max 4233,health,FR,2023-08-29 14:57:00
MERCH-4234,Services Plus 4234,services,FR,2021-02-11 01:16:00
MERCH-4235,Retail Top 4235,retail,BR,2019-09-06 04:31:00
MERCH-4236,Food Max 4236,food,BR,2023-07-03 07:53:00
MERCH-4237,Electronics Express 4237,electronics,FR,2018-01-10 09:22:00
MERCH-4238,Travel Max 4238,travel,UK,2018-03-18 20:25:00
MERCH-4239,Entertainment Max 4239,entertainment,BR,2019-09-21 14:39:00
MERCH-4240,Health Plus 4240,health,US,2019-04-13 15:09:00
MERCH-4241,Services Plus 4241,services,UK,2019-01-16 19:27:00
MERCH-4242,Retail Express 4242,retail,US,2021-10-14 23:06:00
MERCH-4243,Food Max 4243,food,UK,2023-05-13 01:46:00
MERCH-4244,Electronics Plus 4244,electronics,FR,2018-06-25 07:40:00
MERCH-4245,Travel Nova 4245,travel,FR,2019-04-05 00:24:00
MERCH-4246,Entertainment Top 4246,entertainment,BR,2021-03-20 01:32:00
MERCH-4247,Health Global 4247,health,US,2021-04-08 11:29:00
MERCH-4248,Services Central 4248,services,BR,2023-01-28 03:05:00
MERCH-4249,Retail Plus 4249,retail,FR,2021-06-21 13:12:00
MERCH-4250,Food Nova 4250,food,UK,2020-02-09 13:07:00
MERCH-4251,Electronics Express 4251,electronics,UK,2023-02-12 06:50:00
MERCH-4252,Travel Nova 4252,travel,FR,2019-07-27 11:33:00
MERCH-4253,Entertainment Max 4253,entertainment,BR,2018-05-15 12:26:00
MERCH-4254,Health Plus 4254,health,US,2022-10-23 19:44:00
MERCH-4255,Services Prime 4255,services,BR,2021-06-13 07:36:00
MERCH-4256,Retail Global 4256,retail,US,2021-10-24 20:31:00
MERCH-4257,Food Plus 4257,food,UK,2023-06-06 20:47:00
MERCH-4258,Electronics Nova 4258,electronics,BR,2019-02-11 12:24:00
MERCH-4259,Travel Plus 4259,travel,US,2018-11-06 05:53:00
MERCH-4260,Entertainment Nova 4260,entertainment,BR,2022-07-02 12:01:00
MERCH-4261,Health Prime 4261,health,BR,2021-02-08 18:23:00
MERCH-4262,Services Top 4262,services,BR,2022-08-23 00:41:00
MERCH-4263,Retail Central 4263,retail,US,2023-06-23 20:23:00
MERCH-4264,Food Express 4264,food,UK,2020-09-26 08:56:00
MERCH-4265,Electronics Express 4265,electronics,BR,2020-09-29 18:06:00
MERCH-4266,Travel Prime 4266,travel,UK,2021-02-04 16:56:00
MERCH-4267,Entertainment Prime 4267,entertainment,US,2020-10-12 14:43:00
MERCH-4268,Health Plus 4268,health,BR,2022-03-25 05:02:00
MERCH-4269,Services Plus 4269,services,UK,2022-12-26 02:26:00
MERCH-4270,Retail Express 4270,retail,BR,2019-08-30 07:25:00
MERCH-4271,Food Plus 4271,food,BR,2023-05-06 04:45:00
MERCH-4272,Electronics Central 4272,electronics,BR,2022-03-06 22:16:00
MERCH-4273,Travel Global 4273,travel,FR,2019-09-21 10:38:00
MERCH-4274,Entertainment Nova 4274,entertainment,UK,2023-11-17 13:14:00
MERCH-4275,Health Central 4275,health,BR,2019-02-16 21:54:00
MERCH-4276,Services Plus 4276,services,BR,2020-05-22 19:10:00
MERCH-4277,Retail Express 4277,retail,UK,2021-06-12 20:41:00
MERCH-4278,Food Express 4278,food,UK,2020-03-22 19:07:00
MERCH-4279,Electronics Nova 4279,electronics,UK,2018-10-12 11:33:00
MERCH-4280,Travel Central 4280,travel,FR,2018-09-20 23:30:00
MERCH-4281,Entertainment Top 4281,entertainment,UK,2023-05-14 11:58:00
MERCH-4282,Health Max 4282,health,UK,2022-11-15 01:54:00
MERCH-4283,Services Prime 4283,services,FR,2018-12-10 15:39:00
MERCH-4284,Retail Express 4284,retail,BR,2022-07-26 03:04:00
MERCH-4285,Food Top 4285,food,BR,2020-02-05 14:01:00
MERCH-4286,Electronics Global 4286,electronics,BR,2018-07-18 13:31:00
MERCH-4287,Travel Express 4287,travel,US,2022-05-31 14:19:00
MERCH-4288,Entertainment Prime 4288,entertainment,US,2020-02-06 12:45:00
MERCH-4289,Health Max 4289,health,BR,2022-09-15 20:37:00
MERCH-4290,Services Prime 4290,services,FR,2018-08-28 03:50:00
MERCH-4291,Retail Express 4291,retail,BR,2018-03-22 02:00:00
MERCH-4292,Food Global 4292,food,FR,2022-06-28 12:20:00
MERCH-4293,Electronics Central 4293,electronics,UK,2020-12-06 05:52:00
MERCH-4294,Travel Top 4294,travel,FR,2021-06-12 22:28:00
MERCH-4295,Entertainment Top 4295,entertainment,UK,2023-02-26 11:52:00
MERCH-4296,Health Nova 4296,health,BR,2019-03-26 02:10:00
MERCH-4297,Services Nova 4297,services,UK,2019-07-05 04:00:00
MERCH-4298,Retail Global 4298,retail,US,2023-10-02 02:18:00
MERCH-4299,Food Max 4299,food,FR,2023-05-23 19:19:00
MERCH-4300,Electronics Nova 4300,electronics,UK,2019-04-09 04:08:00
MERCH-4301,Travel Nova 4301,travel,BR,2021-01-26 02:58:00
MERCH-4302,Entertainment Plus 4302,entertainment,US,2023-09-27 17:07:00
MERCH-4303,Health Global 4303,health,FR,2020-06-11 17:16:00
MERCH-4304,Services Max 4304,services,FR,2018-06-06 10:39:00
MERCH-4305,Retail Global 4305,retail,FR,2018-01-29 08:04:00
MERCH-4306,Food Express 4306,food,US,2021-07-30 12:07:00
MERCH-4307,Electronics Express 4307,electronics,BR,2023-06-15 15:59:00
MERCH-4308,Travel Plus 4308,travel,BR,2022-08-04 03:12:00
MERCH-4309,Entertainment Prime 4309,entertainment,BR,2021-03-14 02:06:00
MERCH-4310,Health Max 4310,health,BR,2018-05-16 16:23:00
MERCH-4311,Services Max 4311,services,BR,2019-07-31 07:57:00
MERCH-4312,Retail Top 4312,retail,UK,2021-07-15 19:53:00
MERCH-4313,Food Express 4313,food,FR,2020-03-20 12:04:00
MERCH-4314,Electronics Nova 4314,electronics,FR,2023-05-22 18:00:00
MERCH-4315,Travel Global 4315,travel,US,2023-07-06 14:33:00
MERCH-4316,Entertainment Express 4316,entertainment,UK,2021-02-23 06:47:00
MERCH-4317,Health Plus 4317,health,US,2023-08-23 10:52:00
MERCH-4318,Services Global 4318,services,UK,2023-11-08 08:27:00
MERCH-4319,Retail Nova 4319,retail,BR,2022-09-28 15:29:00
MERCH-4320,Food Express 4320,food,US,2022-03-14 17:44:00
MERCH-4321,Electronics Plus 4321,electronics,UK,2019-04-28 18:10:00
MERCH-4322,Travel Plus 4322,travel,BR,2021-10-30 11:18:00
MERCH-4323,Entertainment Plus 4323,entertainment,US,2022-04-18 03:05:00
MERCH-4324,Health Prime 4324,health,BR,2018-06-01 11:42:00
MERCH-4325,Services Central 4325,services,US,2021-07-14 15:52:00
MERCH-4326,Retail Express 4326,retail,US,2022-10-05 07:55:00
MERCH-4327,Food Top 4327,food,BR,2020-07-02 02:57:00
MERCH-4328,Electronics Nova 4328,electronics,FR,2018-10-20 05:42:00
MERCH-4329,Travel Max 4329,travel,BR,2021-11-16 19:14:00
MERCH-4330,Entertainment Prime 4330,entertainment,UK,2023-04-24 01:13:00
MERCH-4331,Health Central 4331,health,BR,2019-02-14 21:25:00
MERCH-4332,Services Nova 4332,services,BR,2018-02-28 19:13:00
MERCH-4333,Retail Prime 4333,retail,BR,2023-08-14 14:42:00
MERCH-4334,Food Plus 4334,food,UK,2018-10-25 22:12:00
MERCH-4335,Electronics Prime 4335,electronics,UK,2019-01-28 04:47:00
MERCH-4336,Travel Nova 4336,travel,FR,2019-12-28 06:58:00
MERCH-4337,Entertainment Global 4337,entertainment,BR,2021-08-22 08:02:00
MERCH-4338,Health Express 4338,health,BR,2021-05-15 03:13:00
MERCH-4339,Services Plus 4339,services,BR,2022-03-22 03:23:00
MERCH-4340,Retail Nova 4340,retail,US,2022-12-12 19:46:00
MERCH-4341,Food Global 4341,food,BR,2020-11-07 14:22:00
MERCH-4342,Electronics Central 4342,electronics,UK,2018-08-18 22:50:00
MERCH-4343,Travel Global 4343,travel,BR,2020-12-13 19:04:00
MERCH-4344,Entertainment Prime 4344,entertainment,BR,2023-04-12 09:43:00
MERCH-4345,Health Central 4345,health,FR,2018-11-28 11:22:00
MERCH-4346,Services Max 4346,services,BR,2022-01-28 20:29:00
MERCH-4347,Retail Max 4347,retail,US,2021-02-26 11:07:00
MERCH-4348,Food Global 4348,food,BR,2018-09-24 21:18:00
MERCH-4349,Electronics Plus 4349,electronics,FR,2018-06-17 14:06:00
MERCH-4350,Travel Central 4350,travel,FR,2023-10-10 12:14:00
MERCH-4351,Entertainment Prime 4351,entertainment,FR,2023-04-19 06:38:00
MERCH-4352,Health Plus 4352,health,UK,2020-03-12 16:06:00
MERCH-4353,Services Global 4353,services,US,2018-09-26 18:31:00
MERCH-4354,Retail Max 4354,retail,BR,2021-04-23 08:19:00
MERCH-4355,Food Plus 4355,food,BR,2019-11-11 07:04:00
MERCH-4356,Electronics Express 4356,electronics,FR,2018-10-29 21:55:00
MERCH-4357,Travel Plus 4357,travel,US,2019-09-13 17:28:00
MERCH-4358,Entertainment Global 4358,entertainment,UK,2019-11-19 12:58:00
MERCH-4359,Health Plus 4359,health,FR,2023-01-20 13:07:00
MERCH-4360,Services Central 4360,services,BR,2018-08-31 23:59:00
MERCH-4361,Retail Prime 4361,retail,BR,2023-04-08 22:18:00
MERCH-4362,Food Express 4362,food,BR,2021-04-20 01:55:00
MERCH-4363,Electronics Prime 4363,electronics,UK,2022-05-26 15:53:00
MERCH-4364,Travel Express 4364,travel,FR,2019-04-09 23:16:00
MERCH-4365,Entertainment Nova 4365,entertainment,BR,2018-02-15 07:03:00
MERCH-4366,Health Top 4366,health,BR,2018-08-14 06:50:00
MERCH-4367,Services Top 4367,services,BR,2020-09-01 16:59:00
MERCH-4368,Retail Top 4368,retail,BR,2021-03-19 09:57:00
MERCH-4369,Food Express 4369,food,BR,2023-03-10 05:13:00
MERCH-4370,Electronics Prime 4370,electronics,BR,2020-02-28 21:28:00
MERCH-4371,Travel Max 4371,travel,FR,2022-04-30 02:28:00
MERCH-4372,Entertainment Central 4372,entertainment,US,2020-03-17 02:01:00
MERCH-4373,Health Prime 4373,health,UK,2018-07-06 20:01:00
MERCH-4374,Services Central 4374,services,BR,2018-04-05 18:57:00
MERCH-4375,Retail Max 4375,retail,BR,2018-06-03 04:25:00
MERCH-4376,Food Max 4376,food,BR,2023-12-14 22:20:00
MERCH-4377,Electronics Prime 4377,electronics,BR,2023-08-24 10:01:00
MERCH-4378,Travel Max 4378,travel,FR,2022-11-16 09:16:00
MERCH-4379,Entertainment Top 4379,entertainment,BR,2018-06-19 06:45:00
MERCH-4380,Health Plus 4380,health,UK,2021-03-29 05:51:00
MERCH-4381,Services Global 4381,services,BR,2023-08-10 00:04:00
MERCH-4382,Retail Plus 4382,retail,UK,2021-11-12 21:25:00
MERCH-4383,Food Top 4383,food,BR,2021-04-30 00:08:00
MERCH-4384,Electronics Max 4384,electronics,UK,2020-01-18 14:25:00
MERCH-4385,Travel Max 4385,travel,BR,2020-12-31 05:58:00
MERCH-4386,Entertainment Max 4386,entertainment,BR,2021-10-07 08:49:00
MERCH-4387,Health Central 4387,health,BR,2020-03-07 05:35:00
MERCH-4388,Services Express 4388,services,US,2020-06-20 19:40:00
MERCH-4389,Retail Nova 4389,retail,US,2018-06-15 17:20:00
MERCH-4390,Food Nova 4390,food,FR,2023-04-15 21:48:00
MERCH-4391,Electronics Top 4391,electronics,FR,2018-11-16 07:38:00
MERCH-4392,Travel Plus 4392,travel,BR,2020-09-10 01:37:00
MERCH-4393,Entertainment Prime 4393,entertainment,UK,2023-11-22 16:58:00
MERCH-4394,Health Express 4394,health,US,2021-12-23 09:39:00
MERCH-4395,Services Prime 4395,services,BR,2018-12-04 07:37:00
MERCH-4396,Retail Prime 4396,retail,BR,2021-01-19 15:26:00
MERCH-4397,Food Max 4397,food,BR,2022-06-09 10:53:00
MERCH-4398,Electronics Prime 4398,electronics,US,2022-07-12 00:41:00
MERCH-4399,Travel Max 4399,travel,US,2020-10-28 10:50:00
MERCH-4400,Entertainment Central 4400,entertainment,BR,2022-06-10 09:12:00
MERCH-4401,Health Top 4401,health,FR,2021-12-03 18:37:00
MERCH-4402,Services Top 4402,services,BR,2020-08-07 19:58:00
MERCH-4403,Retail Nova 4403,retail,FR,2020-02-28 20:30:00
MERCH-4404,Food Nova 4404,food,BR,2018-09-24 05:55:00
MERCH-4405,Electronics Nova 4405,electronics,BR,2023-12-15 15:04:00
MERCH-4406,Travel Nova 4406,travel,FR,2019-02-27 04:46:00
MERCH-4407,Entertainment Top 4407,entertainment,FR,2021-12-08 23:05:00
MERCH-4408,Health Central 4408,health,UK,2022-03-24 20:07:00
MERCH-4409,Services Central 4409,services,BR,2023-08-01 19:59:00
MERCH-4410,Retail Central 4410,retail,BR,2018-07-08 17:40:00
MERCH-4411,Food Prime 4411,food,US,2019-10-25 03:33:00
MERCH-4412,Electronics Top 4412,electronics,US,2019-05-30 21:45:00
MERCH-4413,Travel Nova 4413,travel,US,2022-12-04 09:03:00
MERCH-4414,Entertainment Central 4414,entertainment,BR,2020-05-04 08:08:00
MERCH-4415,Health Nova 4415,health,US,2018-07-02 19:49:00
MERCH-4416,Services Prime 4416,services,BR,2020-05-08 16:55:00
MERCH-4417,Retail Central 4417,retail,US,2021-07-20 23:41:00
MERCH-4418,Food Prime 4418,food,FR,2021-07-03 02:00:00
MERCH-4419,Electronics Central 4419,electronics,US,2018-05-09 10:12:00
MERCH-4420,Travel Prime 4420,travel,BR,2020-02-10 22:23:00
MERCH-4421,Entertainment Top 4421,entertainment,UK,2020-11-14 10:08:00
MERCH-4422,Health Plus 4422,health,FR,2019-03-26 00:40:00
MERCH-4423,Services Global 4423,services,FR,2022-10-02 21:12:00
MERCH-4424,Retail Plus 4424,retail,US,2021-02-14 03:12:00
MERCH-4425,Food Prime 4425,food,BR,2023-06-13 21:04:00
MERCH-4426,Electronics Max 4426,electronics,BR,2020-01-03 18:23:00
MERCH-4427,Travel Plus 4427,travel,BR,2018-09-01 07:54:00
MERCH-4428,Entertainment Central 4428,entertainment,US,2018-03-27 07:56:00
MERCH-4429,Health Top 4429,health,BR,2018-02-10 11:51:00
MERCH-4430,Services Plus 4430,services,BR,2020-10-10 05:24:00
MERCH-4431,Retail Central 4431,retail,US,2018-01-16 20:35:00
MERCH-4432,Food Plus 4432,food,BR,2022-06-01 11:14:00
MERCH-4433,Electronics Express 4433,electronics,BR,2022-01-16 11:08:00
MERCH-4434,Travel Max 4434,travel,US,2020-11-22 02:50:00
MERCH-4435,Entertainment Top 4435,entertainment,UK,2018-10-26 23:29:00
MERCH-4436,Health Top 4436,health,US,2021-11-08 09:37:00
MERCH-4437,Services Central 4437,services,US,2021-06-16 13:39:00
MERCH-4438,Retail Plus 4438,retail,FR,2019-01-18 05:25:00
MERCH-4439,Food Prime 4439,food,FR,2022-10-26 14:30:00
MERCH-4440,Electronics Express 4440,electronics,UK,2019-05-31 04:34:00
MERCH-4441,Travel Global 4441,travel,UK,2020-05-22 01:04:00
MERCH-4442,Entertainment Prime 4442,entertainment,BR,2020-01-25 05:33:00
MERCH-4443,Health Central 4443,health,UK,2023-01-24 20:03:00
MERCH-4444,Services Express 4444,services,BR,2018-11-19 13:37:00
MERCH-4445,Retail Express 4445,retail,BR,2021-08-10 22:18:00
MERCH-4446,Food Max 4446,food,US,2022-12-18 04:06:00
MERCH-4447,Electronics Global 4447,electronics,US,2019-07-26 16:53:00
MERCH-4448,Travel Plus 4448,travel,FR,2020-03-27 16:33:00
MERCH-4449,Entertainment Central 4449,entertainment,FR,2022-03-06 21:41:00
MERCH-4450,Health Prime 4450,health,FR,2019-05-12 20:15:00
MERCH-4451,Services Central 4451,services,UK,2020-10-02 17:41:00
MERCH-4452,Retail Nova 4452,retail,FR,2020-04-14 17:02:00
MERCH-4453,Food Plus 4453,food,US,2023-01-04 07:52:00
MERCH-4454,Electronics Central 4454,electronics,BR,2018-09-21 21:41:00
MERCH-4455,Travel Express 4455,travel,US,2020-09-23 20:27:00
MERCH-4456,Entertainment Express 4456,entertainment,UK,2018-06-27 04:11:00
MERCH-4457,Health Global 4457,health,BR,2021-04-23 14:30:00
MERCH-4458,Services Central 4458,services,UK,2022-06-18 05:34:00
MERCH-4459,Retail Central 4459,retail,BR,2019-03-10 04:24:00
MERCH-4460,Food Plus 4460,food,BR,2023-04-02 02:07:00
MERCH-4461,Electronics Prime 4461,electronics,FR,2021-03-21 01:55:00
MERCH-4462,Travel Express 4462,travel,BR,2023-09-22 09:42:00
MERCH-4463,Entertainment Top 4463,entertainment,BR,2023-09-24 02:42:00
MERCH-4464,Health Plus 4464,health,BR,2018-07-01 08:53:00
MERCH-4465,Services Max 4465,services,UK,2020-09-08 17:34:00
MERCH-4466,Retail Max 4466,retail,BR,2022-12-19 21:14:00
MERCH-4467,Food Max 4467,food,US,2018-12-25 23:46:00
MERCH-4468,Electronics Plus 4468,electronics,BR,2021-01-08 06:58:00
MERCH-4469,Travel Top 4469,travel,US,2023-08-17 06:47:00
MERCH-4470,Entertainment Express 4470,entertainment,US,2022-07-26 15:29:00
MERCH-4471,Health Max 4471,health,US,2022-04-27 18:42:00
MERCH-4472,Services Global 4472,services,BR,2021-01-28 14:36:00
MERCH-4473,Retail Express 4473,retail,BR,2020-11-13 20:00:00
MERCH-4474,Food Top 4474,food,US,2022-02-04 11:31:00
MERCH-4475,Electronics Global 4475,electronics,BR,2019-02-25 06:50:00
MERCH-4476,Travel Express 4476,travel,BR,2019-06-02 20:20:00
MERCH-4477,Entertainment Nova 4477,entertainment,BR,2020-11-13 08:56:00
MERCH-4478,Health Central 4478,health,UK,2021-02-01 19:57:00
MERCH-4479,Services Nova 4479,services,UK,2018-02-23 10:09:00
MERCH-4480,Retail Plus 4480,retail,US,2022-06-17 15:23:00
MERCH-4481,Food Global 4481,food,UK,2023-03-07 15:27:00
MERCH-4482,Electronics Plus 4482,electronics,UK,2018-10-10 05:51:00
MERCH-4483,Travel Global 4483,travel,BR,2023-01-27 11:34:00
MERCH-4484,Entertainment Prime 4484,entertainment,BR,2018-06-12 21:34:00
MERCH-4485,Health Central 4485,health,US,2021-06-26 21:44:00
MERCH-4486,Services Max 4486,services,BR,2022-04-22 14:38:00
MERCH-4487,Retail Nova 4487,retail,FR,2019-12-03 12:25:00
MERCH-4488,Food Global 4488,food,BR,2018-03-21 13:50:00
MERCH-4489,Electronics Nova 4489,electronics,BR,2021-06-08 04:47:00
MERCH-4490,Travel Global 4490,travel,BR,2023-08-06 10:47:00
MERCH-4491,Entertainment Top 4491,entertainment,FR,2018-01-04 19:42:00
MERCH-4492,Health Plus 4492,health,US,2018-04-22 02:58:00
MERCH-4493,Services Nova 4493,services,FR,2022-07-05 08:36:00
MERCH-4494,Retail Global 4494,retail,BR,2021-10-01 21:05:00
MERCH-4495,Food Central 4495,food,BR,2020-04-09 00:56:00
MERCH-4496,Electronics Plus 4496,electronics,BR,2022-11-14 12:06:00
MERCH-4497,Travel Max 4497,travel,UK,2023-12-18 11:23:00
MERCH-4498,Entertainment Global 4498,entertainment,BR,2018-06-18 00:28:00
MERCH-4499,Health Plus 4499,health,BR,2018-02-12 23:32:00
MERCH-4500,Services Plus 4500,services,UK,2023-03-23 09:35:00
MERCH-4501,Retail Central 4501,retail,US,2019-04-11 11:14:00
MERCH-4502,Food Top 4502,food,BR,2020-02-05 17:01:00
MERCH-4503,Electronics Prime 4503,electronics,BR,2019-07-02 19:14:00
MERCH-4504,Travel Central 4504,travel,FR,2020-07-22 22:28:00
MERCH-4505,Entertainment Central 4505,entertainment,UK,2018-12-11 11:33:00
MERCH-4506,Health Max 4506,health,BR,2021-11-30 23:20:00
MERCH-4507,Services Nova 4507,services,BR,2021-11-05 12:00:00
MERCH-4508,Retail Central 4508,retail,BR,2022-04-28 12:17:00
MERCH-4509,Food Express 4509,food,BR,2021-11-12 20:01:00
MERCH-4510,Electronics Central 4510,electronics,BR,2021-01-20 00:17:00
MERCH-4511,Travel Express 4511,travel,BR,2021-12-31 08:33:00
MERCH-4512,Entertainment Central 4512,entertainment,BR,2021-07-18 10:40:00
MERCH-4513,Health Max 4513,health,BR,2020-07-05 17:29:00
MERCH-4514,Services Express 4514,services,BR,2018-02-08 07:05:00
MERCH-4515,Retail Express 4515,retail,BR,2022-04-11 22:11:00
MERCH-4516,Food Prime 4516,food,BR,2020-07-19 21:51:00
MERCH-4517,Electronics Central 4517,electronics,BR,2018-12-07 23:31:00
MERCH-4518,Travel Max 4518,travel,BR,2019-04-03 07:10:00
MERCH-4519,Entertainment Plus 4519,entertainment,BR,2018-08-23 19:47:00
MERCH-4520,Health Plus 4520,health,UK,2022-05-30 07:33:00
MERCH-4521,Services Plus 4521,services,BR,2023-05-13 18:14:00
MERCH-4522,Retail Central 4522,retail,BR,2023-09-27 20:27:00
MERCH-4523,Food Prime 4523,food,UK,2019-08-30 14:43:00
MERCH-4524,Electronics Prime 4524,electronics,FR,2022-03-26 11:30:00
MERCH-4525,Travel Nova 4525,travel,UK,2018-09-13 17:11:00
MERCH-4526,Entertainment Central 4526,entertainment,FR,2020-11-11 05:52:00
MERCH-4527,Health Prime 4527,health,BR,2020-04-23 05:02:00
MERCH-4528,Services Express 4528,services,FR,2018-03-06 06:30:00
MERCH-4529,Retail Central 4529,retail,BR,2021-12-05 20:10:00
MERCH-4530,Food Central 4530,food,FR,2020-03-11 13:17:00
MERCH-4531,Electronics Max 4531,electronics,BR,2018-07-17 07:45:00
MERCH-4532,Travel Top 4532,travel,UK,2022-08-18 18:17:00
MERCH-4533,Entertainment Global 4533,entertainment,BR,2019-09-22 22:19:00
MERCH-4534,Health Plus 4534,health,FR,2021-03-31 22:57:00
MERCH-4535,Services Express 4535,services,UK,2021-01-19 14:51:00
MERCH-4536,Retail Nova 4536,retail,BR,2021-07-29 02:36:00
MERCH-4537,Food Plus 4537,food,BR,2022-11-17 20:33:00
MERCH-4538,Electronics Central 4538,electronics,BR,2022-07-11 12:42:00
MERCH-4539,Travel Max 4539,travel,BR,2019-06-03 22:48:00
MERCH-4540,Entertainment Central 4540,entertainment,BR,2020-12-29 15:31:00
MERCH-4541,Health Max 4541,health,BR,2021-04-17 07:08:00
MERCH-4542,Services Top 4542,services,US,2018-05-13 03:22:00
MERCH-4543,Retail Prime 4543,retail,BR,2019-03-10 03:43:00
MERCH-4544,Food Prime 4544,food,US,2019-08-16 23:40:00
MERCH-4545,Electronics Global 4545,electronics,BR,2022-11-12 00:11:00
MERCH-4546,Travel Prime 4546,travel,FR,2019-02-03 18:15:00
MERCH-4547,Entertainment Max 4547,entertainment,BR,2022-04-08 21:20:00
MERCH-4548,Health Global 4548,health,US,2021-06-07 04:55:00
MERCH-4549,Services Nova 4549,services,US,2019-07-07 12:30:00
MERCH-4550,Retail Nova 4550,retail,US,2019-08-28 13:39:00
MERCH-4551,Food Max 4551,food,FR,2023-05-29 18:52:00
MERCH-4552,Electronics Global 4552,electronics,FR,2018-09-02 18:41:00
MERCH-4553,Travel Nova 4553,travel,BR,2023-11-24 04:25:00
MERCH-4554,Entertainment Nova 4554,entertainment,US,2020-12-21 22:53:00
MERCH-4555,Health Prime 4555,health,BR,2020-12-08 08:14:00
MERCH-4556,Services Max 4556,services,BR,2018-11-14 02:04:00
MERCH-4557,Retail Top 4557,retail,BR,2023-08-05 12:15:00
MERCH-4558,Food Prime 4558,food,US,2022-04-05 16:58:00
MERCH-4559,Electronics Plus 4559,electronics,BR,2021-04-11 16:35:00
MERCH-4560,Travel Global 4560,travel,BR,2023-05-17 13:13:00
MERCH-4561,Entertainment Express 4561,entertainment,BR,2019-08-02 02:26:00
MERCH-4562,Health Nova 4562,health,BR,2019-03-30 09:02:00
MERCH-4563,Services Global 4563,services,FR,2019-10-09 16:13:00
MERCH-4564,Retail Global 4564,retail,FR,2018-10-29 21:17:00
MERCH-4565,Food Top 4565,food,BR,2018-01-12 20:19:00
MERCH-4566,Electronics Max 4566,electronics,UK,2018-03-20 22:03:00
MERCH-4567,Travel Express 4567,travel,BR,2021-12-14 17:05:00
MERCH-4568,Entertainment Nova 4568,entertainment,BR,2018-01-17 19:11:00
MERCH-4569,Health Nova 4569,health,UK,2019-12-16 01:50:00
MERCH-4570,Services Top 4570,services,US,2021-01-10 11:22:00
MERCH-4571,Retail Nova 4571,retail,BR,2021-09-23 02:46:00
MERCH-4572,Food Plus 4572,food,BR,2023-03-16 00:16:00
MERCH-4573,Electronics Top 4573,electronics,FR,2018-05-05 17:38:00
MERCH-4574,Travel Express 4574,travel,BR,2021-09-13 19:33:00
MERCH-4575,Entertainment Plus 4575,entertainment,UK,2023-11-08 00:45:00
MERCH-4576,Health Top 4576,health,BR,2021-05-27 14:56:00
MERCH-4577,Services Top 4577,services,BR,2022-01-06 10:47:00
MERCH-4578,Retail Max 4578,retail,US,2019-08-21 13:38:00
MERCH-4579,Food Global 4579,food,BR,2022-03-24 11:47:00
MERCH-4580,Electronics Express 4580,electronics,BR,2019-08-10 04:12:00
MERCH-4581,Travel Central 4581,travel,US,2022-07-02 11:15:00
MERCH-4582,Entertainment Central 4582,entertainment,UK,2018-09-29 22:52:00
MERCH-4583,Health Express 4583,health,US,2020-05-08 02:21:00
MERCH-4584,Services Plus 4584,services,FR,2018-05-27 17:31:00
MERCH-4585,Retail Plus 4585,retail,BR,2020-11-20 05:14:00
MERCH-4586,Food Top 4586,food,BR,2019-02-08 17:26:00
MERCH-4587,Electronics Central 4587,electronics,UK,2022-06-30 03:33:00
MERCH-4588,Travel Top 4588,travel,US,2019-07-02 22:40:00
MERCH-4589,Entertainment Plus 4589,entertainment,FR,2022-03-17 04:03:00
MERCH-4590,Health Express 4590,health,FR,2022-01-12 08:03:00
MERCH-4591,Services Prime 4591,services,UK,2021-05-18 21:03:00
MERCH-4592,Retail Top 4592,retail,BR,2018-02-02 20:03:00
MERCH-4593,Food Top 4593,food,UK,2021-03-08 00:26:00
MERCH-4594,Electronics Prime 4594,electronics,US,2019-04-10 22:53:00
MERCH-4595,Travel Central 4595,travel,FR,2020-06-26 12:52:00
MERCH-4596,Entertainment Express 4596,entertainment,BR,2020-12-12 04:53:00
MERCH-4597,Health Nova 4597,health,BR,2021-01-04 08:27:00
MERCH-4598,Services Central 4598,services,UK,2021-05-15 00:11:00
MERCH-4599,Retail Prime 4599,retail,US,2023-05-28 16:44:00
MERCH-4600,Food Express 4600,food,FR,2019-04-02 15:54:00
MERCH-4601,Electronics Nova 4601,electronics,FR,2018-10-21 18:50:00
MERCH-4602,Travel Plus 4602,travel,US,2022-10-27 17:54:00
MERCH-4603,Entertainment Central 4603,entertainment,BR,2019-09-24 21:28:00
MERCH-4604,Health Central 4604,health,BR,2022-06-13 03:44:00
MERCH-4605,Services Global 4605,services,UK,2020-02-10 03:09:00
MERCH-4606,Retail Central 4606,retail,UK,2022-12-05 11:27:00
MERCH-4607,Food Max 4607,food,BR,2023-10-14 23:05:00
MERCH-4608,Electronics Nova 4608,electronics,US,2022-03-26 19:08:00
MERCH-4609,Travel Central 4609,travel,UK,2020-03-02 11:02:00
MERCH-4610,Entertainment Global 4610,entertainment,BR,2019-07-15 09:33:00
MERCH-4611,Health Top 4611,health,UK,2020-07-16 04:08:00
MERCH-4612,Services Top 4612,services,US,2023-07-09 17:51:00
MERCH-4613,Retail Express 4613,retail,BR,2021-01-31 21:33:00
MERCH-4614,Food Express 4614,food,BR,2018-10-19 03:37:00
MERCH-4615,Electronics Prime 4615,electronics,UK,2023-05-06 10:02:00
MERCH-4616,Travel Central 4616,travel,FR,2021-05-15 04:53:00
MERCH-4617,Entertainment Top 4617,entertainment,FR,2023-12-18 19:37:00
MERCH-4618,Health Top 4618,health,BR,2020-05-16 22:51:00
MERCH-4619,Services Max 4619,services,UK,2023-02-08 01:03:00
MERCH-4620,Retail Plus 4620,retail,FR,2023-01-25 18:39:00
MERCH-4621,Food Nova 4621,food,FR,2019-10-11 06:48:00
MERCH-4622,Electronics Central 4622,electronics,US,2022-03-28 05:52:00
MERCH-4623,Travel Central 4623,travel,BR,2023-08-09 18:51:00
MERCH-4624,Entertainment Plus 4624,entertainment,BR,2022-03-07 08:54:00
MERCH-4625,Health Max 4625,health,BR,2023-08-19 11:41:00
MERCH-4626,Services Plus 4626,services,BR,2018-11-08 09:55:00
MERCH-4627,Retail Top 4627,retail,UK,2023-11-11 16:55:00
MERCH-4628,Food Plus 4628,food,BR,2018-03-09 08:31:00
MERCH-4629,Electronics Prime 4629,electronics,BR,2020-08-29 18:41:00
MERCH-4630,Travel Plus 4630,travel,FR,2022-04-24 08:33:00
MERCH-4631,Entertainment Prime 4631,entertainment,FR,2019-11-16 07:08:00
MERCH-4632,Health Plus 4632,health,FR,2019-08-07 09:02:00
MERCH-4633,Services Prime 4633,services,BR,2020-04-06 08:26:00
MERCH-4634,Retail Prime 4634,retail,FR,2021-10-24 08:02:00
MERCH-4635,Food Max 4635,food,BR,2021-02-03 06:01:00
MERCH-4636,Electronics Nova 4636,electronics,UK,2021-10-31 11:33:00
MERCH-4637,Travel Nova 4637,travel,BR,2023-10-06 17:53:00
MERCH-4638,Entertainment Global 4638,entertainment,BR,2019-07-27 00:53:00
MERCH-4639,Health Plus 4639,health,BR,2022-05-06 07:28:00
MERCH-4640,Services Plus 4640,services,FR,2019-10-21 08:46:00
MERCH-4641,Retail Central 4641,retail,FR,2020-10-21 20:34:00
MERCH-4642,Food Plus 4642,food,US,2021-04-04 20:23:00
MERCH-4643,Electronics Express 4643,electronics,UK,2018-04-04 06:47:00
MERCH-4644,Travel Nova 4644,travel,US,2018-02-10 21:02:00
MERCH-4645,Entertainment Nova 4645,entertainment,US,2023-09-14 12:54:00
MERCH-4646,Health Nova 4646,health,BR,2018-02-09 11:24:00
MERCH-4647,Services Max 4647,services,US,2021-07-12 01:16:00
MERCH-4648,Retail Nova 4648,retail,US,2021-03-29 09:11:00
MERCH-4649,Food Express 4649,food,UK,2018-12-07 08:00:00
MERCH-4650,Electronics Plus 4650,electronics,FR,2022-01-28 09:20:00
MERCH-4651,Travel Max 4651,travel,BR,2021-05-29 23:50:00
MERCH-4652,Entertainment Express 4652,entertainment,BR,2020-07-09 16:40:00
MERCH-4653,Health Nova 4653,health,BR,2019-03-13 00:01:00
MERCH-4654,Services Max 4654,services,US,2022-06-26 13:47:00
MERCH-4655,Retail Top 4655,retail,BR,2021-08-16 14:03:00
MERCH-4656,Food Express 4656,food,UK,2022-07-26 16:24:00
MERCH-4657,Electronics Central 4657,electronics,BR,2021-09-11 05:42:00
MERCH-4658,Travel Express 4658,travel,US,2023-09-25 02:57:00
MERCH-4659,Entertainment Plus 4659,entertainment,BR,2022-11-29 21:57:00
MERCH-4660,Health Central 4660,health,FR,2021-06-16 12:41:00
MERCH-4661,Services Central 4661,services,BR,2018-10-16 01:07:00
MERCH-4662,Retail Nova 4662,retail,BR,2018-10-31 13:02:00
MERCH-4663,Food Express 4663,food,FR,2021-06-30 14:54:00
MERCH-4664,Electronics Global 4664,electronics,US,2022-06-11 15:59:00
MERCH-4665,Travel Global 4665,travel,UK,2019-11-21 03:16:00
MERCH-4666,Entertainment Express 4666,entertainment,UK,2019-08-14 22:56:00
MERCH-4667,Health Top 4667,health,BR,2019-02-06 10:47:00
MERCH-4668,Services Max 4668,services,BR,2023-02-28 05:31:00
MERCH-4669,Retail Top 4669,retail,UK,2023-03-06 21:12:00
MERCH-4670,Food Top 4670,food,UK,2019-06-28 20:23:00
MERCH-4671,Electronics Top 4671,electronics,BR,2021-06-08 14:11:00
MERCH-4672,Travel Central 4672,travel,BR,2019-10-23 04:21:00
MERCH-4673,Entertainment Top 4673,entertainment,US,2020-12-22 05:22:00
MERCH-4674,Health Nova 4674,health,UK,2023-02-12 06:51:00
MERCH-4675,Services Central 4675,services,BR,2022-06-18 20:06:00
MERCH-4676,Retail Global 4676,retail,FR,2021-11-30 00:18:00
MERCH-4677,Food Prime 4677,food,BR,2023-08-19 11:18:00
MERCH-4678,Electronics Express 4678,electronics,BR,2021-04-10 10:20:00
MERCH-4679,Travel Plus 4679,travel,FR,2019-11-07 05:00:00
MERCH-4680,Entertainment Max 4680,entertainment,FR,2018-01-12 20:18:00
MERCH-4681,Health Top 4681,health,BR,2018-04-02 14:50:00
MERCH-4682,Services Prime 4682,services,US,2019-03-09 23:06:00
MERCH-4683,Retail Top 4683,retail,US,2020-04-11 04:42:00
MERCH-4684,Food Central 4684,food,US,2022-09-02 07:24:00
MERCH-4685,Electronics Prime 4685,electronics,UK,2020-04-09 08:59:00
MERCH-4686,Travel Central 4686,travel,BR,2022-07-09 05:52:00
MERCH-4687,Entertainment Central 4687,entertainment,UK,2018-05-17 18:30:00
MERCH-4688,Health Prime 4688,health,US,2021-06-05 13:28:00
MERCH-4689,Services Max 4689,services,UK,2023-04-24 21:15:00
MERCH-4690,Retail Max 4690,retail,BR,2020-06-18 18:04:00
MERCH-4691,Food Nova 4691,food,BR,2023-09-29 21:44:00
MERCH-4692,Electronics Central 4692,electronics,BR,2018-06-09 06:19:00
MERCH-4693,Travel Plus 4693,travel,BR,2022-02-20 11:39:00
MERCH-4694,Entertainment Top 4694,entertainment,FR,2019-01-15 12:08:00
MERCH-4695,Health Plus 4695,health,BR,2023-10-20 01:28:00
MERCH-4696,Services Express 4696,services,FR,2018-01-13 08:58:00
MERCH-4697,Retail Max 4697,retail,FR,2019-06-11 21:40:00
MERCH-4698,Food Express 4698,food,FR,2020-09-16 22:58:00
MERCH-4699,Electronics Plus 4699,electronics,BR,2023-06-23 15:06:00
MERCH-4700,Travel Central 4700,travel,BR,2021-12-24 15:51:00
MERCH-4701,Entertainment Express 4701,entertainment,US,2018-11-14 12:08:00
MERCH-4702,Health Top 4702,health,US,2020-12-23 22:41:00
MERCH-4703,Services Prime 4703,services,FR,2018-05-14 13:04:00
MERCH-4704,Retail Plus 4704,retail,FR,2018-06-22 04:38:00
MERCH-4705,Food Top 4705,food,BR,2023-12-28 11:12:00
MERCH-4706,Electronics Prime 4706,electronics,BR,2021-12-11 21:10:00
MERCH-4707,Travel Global 4707,travel,BR,2023-05-03 10:41:00
MERCH-4708,Entertainment Central 4708,entertainment,BR,2023-02-06 04:25:00
MERCH-4709,Health Max 4709,health,BR,2018-04-08 15:34:00
MERCH-4710,Services Top 4710,services,BR,2020-02-25 15:48:00
MERCH-4711,Retail Express 4711,retail,US,2021-08-28 03:14:00
MERCH-4712,Food Nova 4712,food,BR,2019-12-16 04:40:00
MERCH-4713,Electronics Nova 4713,electronics,US,2023-05-10 19:17:00
MERCH-4714,Travel Max 4714,travel,US,2019-02-13 05:05:00
MERCH-4715,Entertainment Max 4715,entertainment,BR,2018-06-27 07:16:00
MERCH-4716,Health Global 4716,health,US,2020-04-08 12:21:00
MERCH-4717,Services Plus 4717,services,BR,2023-05-12 01:59:00
MERCH-4718,Retail Prime 4718,retail,US,2018-08-26 22:48:00
MERCH-4719,Food Central 4719,food,UK,2019-04-03 04:27:00
MERCH-4720,Electronics Max 4720,electronics,UK,2023-08-05 03:46:00
MERCH-4721,Travel Max 4721,travel,FR,2019-07-14 22:57:00
MERCH-4722,Entertainment Plus 4722,entertainment,BR,2020-09-27 02:43:00
MERCH-4723,Health Plus 4723,health,UK,2020-07-10 15:53:00
MERCH-4724,Services Express 4724,services,BR,2018-06-22 19:46:00
MERCH-4725,Retail Prime 4725,retail,BR,2023-05-15 13:29:00
MERCH-4726,Food Max 4726,food,UK,2019-04-22 16:00:00
MERCH-4727,Electronics Express 4727,electronics,BR,2019-10-28 07:17:00
MERCH-4728,Travel Prime 4728,travel,BR,2021-03-09 05:43:00
MERCH-4729,Entertainment Global 4729,entertainment,FR,2018-03-01 14:59:00
MERCH-4730,Health Global 4730,health,BR,2023-01-01 18:56:00
MERCH-4731,Services Plus 4731,services,FR,2021-08-26 23:26:00
MERCH-4732,Retail Nova 4732,retail,FR,2020-05-08 23:51:00
MERCH-4733,Food Nova 4733,food,BR,2019-10-24 22:52:00
MERCH-4734,Electronics Express 4734,electronics,FR,2022-09-24 15:43:00
MERCH-4735,Travel Nova 4735,travel,FR,2020-10-02 00:48:00
MERCH-4736,Entertainment Plus 4736,entertainment,US,2022-03-11 01:08:00
MERCH-4737,Health Plus 4737,health,FR,2023-07-13 04:10:00
MERCH-4738,Services Nova 4738,services,BR,2023-08-23 08:36:00
MERCH-4739,Retail Nova 4739,retail,US,2021-10-08 02:30:00
MERCH-4740,Food Express 4740,food,FR,2020-02-02 15:06:00
MERCH-4741,Electronics Top 4741,electronics,BR,2023-09-27 07:43:00
MERCH-4742,Travel Plus 4742,travel,FR,2019-03-14 21:30:00
MERCH-4743,Entertainment Global 4743,entertainment,BR,2023-04-11 17:56:00
MERCH-4744,Health Prime 4744,health,BR,2022-06-28 14:59:00
MERCH-4745,Services Top 4745,services,FR,2021-08-05 16:58:00
MERCH-4746,Retail Prime 4746,retail,BR,2018-03-05 10:45:00
MERCH-4747,Food Plus 4747,food,BR,2022-06-17 07:28:00
MERCH-4748,Electronics Nova 4748,electronics,UK,2019-05-22 01:24:00
MERCH-4749,Travel Express 4749,travel,UK,2022-08-14 06:50:00
MERCH-4750,Entertainment Global 4750,entertainment,US,2018-07-12 07:41:00
MERCH-4751,Health Nova 4751,health,BR,2019-01-17 22:57:00
MERCH-4752,Services Express 4752,services,BR,2022-01-04 09:40:00
MERCH-4753,Retail Top 4753,retail,UK,2020-11-01 10:57:00
MERCH-4754,Food Max 4754,food,US,2022-10-27 13:42:00
MERCH-4755,Electronics Central 4755,electronics,BR,2019-06-09 02:19:00
MERCH-4756,Travel Prime 4756,travel,BR,2018-01-06 03:22:00
MERCH-4757,Entertainment Max 4757,entertainment,UK,2021-09-29 17:29:00
MERCH-4758,Health Prime 4758,health,UK,2020-11-19 09:54:00
MERCH-4759,Services Nova 4759,services,BR,2019-10-28 19:55:00
MERCH-4760,Retail Max 4760,retail,BR,2021-01-08 15:23:00
MERCH-4761,Food Prime 4761,food,BR,2023-03-11 04:10:00
MERCH-4762,Electronics Global 4762,electronics,BR,2020-04-15 10:16:00
MERCH-4763,Travel Nova 4763,travel,BR,2020-03-12 16:10:00
MERCH-4764,Entertainment Plus 4764,entertainment,BR,2023-07-08 22:42:00
MERCH-4765,Health Central 4765,health,FR,2021-04-22 00:56:00
MERCH-4766,Services Global 4766,services,FR,2018-07-27 03:20:00
MERCH-4767,Retail Global 4767,retail,BR,2022-09-18 04:23:00
MERCH-4768,Food Nova 4768,food,BR,2019-11-27 02:50:00
MERCH-4769,Electronics Plus 4769,electronics,FR,2022-04-22 12:05:00
MERCH-4770,Travel Nova 4770,travel,UK,2020-08-07 23:17:00
MERCH-4771,Entertainment Central 4771,entertainment,US,2023-12-03 11:23:00
MERCH-4772,Health Global 4772,health,FR,2023-07-06 14:18:00
MERCH-4773,Services Prime 4773,services,UK,2019-03-31 12:27:00
MERCH-4774,Retail Express 4774,retail,FR,2018-08-02 13:44:00
MERCH-4775,Food Prime 4775,food,BR,2018-07-27 21:15:00
MERCH-4776,Electronics Top 4776,electronics,FR,2020-06-17 18:25:00
MERCH-4777,Travel Express 4777,travel,FR,2018-10-03 17:17:00
MERCH-4778,Entertainment Prime 4778,entertainment,BR,2020-07-19 03:12:00
MERCH-4779,Health Nova 4779,health,UK,2021-12-15 01:57:00
MERCH-4780,Services Global 4780,services,FR,2021-09-14 15:52:00
MERCH-4781,Retail Plus 4781,retail,US,2018-06-01 00:31:00
MERCH-4782,Food Central 4782,food,BR,2020-12-13 11:24:00
MERCH-4783,Electronics Plus 4783,electronics,UK,2018-03-15 05:17:00
MERCH-4784,Travel Max 4784,travel,FR,2023-02-23 14:45:00
MERCH-4785,Entertainment Central 4785,entertainment,US,2023-02-03 15:39:00
MERCH-4786,Health Express 4786,health,FR,2021-01-25 21:33:00
MERCH-4787,Services Global 4787,services,US,2019-06-25 07:32:00
MERCH-4788,Retail Top 4788,retail,BR,2019-06-07 06:21:00
MERCH-4789,Food Global 4789,food,US,2019-01-14 15:47:00
MERCH-4790,Electronics Max 4790,electronics,BR,2021-08-12 11:16:00
MERCH-4791,Travel Central 4791,travel,UK,2021-12-15 19:10:00
MERCH-4792,Entertainment Central 4792,entertainment,FR,2020-01-14 17:09:00
MERCH-4793,Health Plus 4793,health,US,2018-04-27 18:42:00
MERCH-4794,Services Global 4794,services,UK,2021-07-08 07:10:00
MERCH-4795,Retail Plus 4795,retail,FR,2021-12-11 17:16:00
MERCH-4796,Food Max 4796,food,FR,2019-04-21 00:16:00
MERCH-4797,Electronics Global 4797,electronics,UK,2022-12-12 19:16:00
MERCH-4798,Travel Top 4798,travel,US,2019-07-23 10:58:00
MERCH-4799,Entertainment Prime 4799,entertainment,BR,2022-02-21 05:13:00
MERCH-4800,Health Max 4800,health,BR,2020-03-18 03:26:00
MERCH-4801,Services Prime 4801,services,UK,2023-06-01 07:57:00
MERCH-4802,Retail Global 4802,retail,BR,2022-01-16 13:47:00
MERCH-4803,Food Plus 4803,food,UK,2023-09-23 22:54:00
MERCH-4804,Electronics Express 4804,electronics,BR,2022-03-16 21:29:00
MERCH-4805,Travel Top 4805,travel,FR,2019-03-04 14:34:00
MERCH-4806,Entertainment Central 4806,entertainment,US,2018-10-21 01:03:00
MERCH-4807,Health Max 4807,health,BR,2018-11-01 20:15:00
MERCH-4808,Services Max 4808,services,US,2019-04-29 08:31:00
MERCH-4809,Retail Nova 4809,retail,UK,2021-07-24 00:56:00
MERCH-4810,Food Plus 4810,food,BR,2018-10-15 22:42:00
MERCH-4811,Electronics Max 4811,electronics,BR,2023-11-10 14:28:00
MERCH-4812,Travel Global 4812,travel,BR,2019-08-20 11:04:00
MERCH-4813,Entertainment Plus 4813,entertainment,BR,2022-07-31 06:44:00
MERCH-4814,Health Prime 4814,health,BR,2023-04-22 08:48:00
MERCH-4815,Services Nova 4815,services,BR,2021-12-13 02:15:00
MERCH-4816,Retail Top 4816,retail,UK,2018-07-05 04:02:00
MERCH-4817,Food Top 4817,food,BR,2023-12-23 21:39:00
MERCH-4818,Electronics Plus 4818,electronics,BR,2021-01-10 06:10:00
MERCH-4819,Travel Central 4819,travel,BR,2019-02-20 01:19:00
MERCH-4820,Entertainment Central 4820,entertainment,BR,2018-03-01 10:07:00
MERCH-4821,Health Express 4821,health,UK,2021-12-23 14:30:00
MERCH-4822,Services Top 4822,services,FR,2020-06-15 05:14:00
MERCH-4823,Retail Max 4823,retail,FR,2022-02-28 20:44:00
MERCH-4824,Food Plus 4824,food,BR,2018-06-14 06:43:00
MERCH-4825,Electronics Max 4825,electronics,FR,2018-12-18 08:16:00
MERCH-4826,Travel Express 4826,travel,BR,2020-08-06 08:12:00
MERCH-4827,Entertainment Central 4827,entertainment,US,2023-03-08 06:52:00
MERCH-4828,Health Global 4828,health,UK,2018-10-06 07:41:00
MERCH-4829,Services Central 4829,services,BR,2020-08-21 19:59:00
MERCH-4830,Retail Plus 4830,retail,UK,2021-01-20 18:58:00
MERCH-4831,Food Global 4831,food,FR,2019-05-12 22:07:00
MERCH-4832,Electronics Plus 4832,electronics,UK,2023-01-20 18:37:00
MERCH-4833,Travel Express 4833,travel,US,2023-08-27 20:55:00
MERCH-4834,Entertainment Nova 4834,entertainment,US,2023-05-22 14:29:00
MERCH-4835,Health Express 4835,health,US,2019-06-06 08:01:00
MERCH-4836,Services Plus 4836,services,BR,2020-07-13 02:02:00
MERCH-4837,Retail Prime 4837,retail,FR,2018-08-12 10:28:00
MERCH-4838,Food Max 4838,food,FR,2019-04-22 06:47:00
MERCH-4839,Electronics Nova 4839,electronics,UK,2019-08-25 04:49:00
MERCH-4840,Travel Plus 4840,travel,FR,2019-01-26 07:07:00
MERCH-4841,Entertainment Central 4841,entertainment,BR,2021-07-18 14:54:00
MERCH-4842,Health Plus 4842,health,BR,2022-10-22 04:13:00
MERCH-4843,Services Prime 4843,services,FR,2020-06-23 08:11:00
MERCH-4844,Retail Nova 4844,retail,FR,2020-01-02 08:52:00
MERCH-4845,Food Nova 4845,food,UK,2018-12-02 02:00:00
MERCH-4846,Electronics Top 4846,electronics,BR,2023-04-06 16:32:00
MERCH-4847,Travel Max 4847,travel,UK,2023-05-31 08:50:00
MERCH-4848,Entertainment Top 4848,entertainment,FR,2019-05-28 02:03:00
MERCH-4849,Health Nova 4849,health,BR,2023-05-03 23:42:00
MERCH-4850,Services Nova 4850,services,UK,2018-01-19 11:21:00
MERCH-4851,Retail Express 4851,retail,US,2021-12-07 10:31:00
MERCH-4852,Food Prime 4852,food,US,2020-10-30 06:39:00
MERCH-4853,Electronics Global 4853,electronics,FR,2023-04-24 04:15:00
MERCH-4854,Travel Top 4854,travel,BR,2022-03-18 17:51:00
MERCH-4855,Entertainment Central 4855,entertainment,US,2023-02-28 16:32:00
MERCH-4856,Health Central 4856,health,FR,2020-07-22 12:08:00
MERCH-4857,Services Prime 4857,services,BR,2022-04-27 15:11:00
MERCH-4858,Retail Max 4858,retail,FR,2018-09-16 06:42:00
MERCH-4859,Food Prime 4859,food,BR,2018-03-30 21:21:00
MERCH-4860,Electronics Prime 4860,electronics,UK,2023-03-18 02:07:00
MERCH-4861,Travel Top 4861,travel,BR,2021-08-12 06:10:00
MERCH-4862,Entertainment Central 4862,entertainment,BR,2021-10-20 23:04:00
MERCH-4863,Health Prime 4863,health,BR,2020-03-08 18:12:00
MERCH-4864,Services Max 4864,services,US,2021-04-21 14:13:00
MERCH-4865,Retail Prime 4865,retail,US,2022-12-09 16:03:00
MERCH-4866,Food Top 4866,food,US,2023-10-23 00:44:00
MERCH-4867,Electronics Top 4867,electronics,BR,2018-01-28 19:47:00
MERCH-4868,Travel Max 4868,travel,FR,2018-06-09 00:16:00
MERCH-4869,Entertainment Nova 4869,entertainment,BR,2019-11-15 07:04:00
MERCH-4870,Health Central 4870,health,BR,2018-08-25 10:38:00
MERCH-4871,Services Express 4871,services,FR,2021-02-16 09:33:00
MERCH-4872,Retail Max 4872,retail,US,2020-09-23 15:02:00
MERCH-4873,Food Top 4873,food,BR,2023-07-16 13:04:00
MERCH-4874,Electronics Plus 4874,electronics,US,2020-12-14 02:48:00
MERCH-4875,Travel Top 4875,travel,FR,2020-11-22 14:18:00
MERCH-4876,Entertainment Plus 4876,entertainment,FR,2019-07-15 22:20:00
MERCH-4877,Health Express 4877,health,FR,2022-09-09 12:38:00
MERCH-4878,Services Plus 4878,services,BR,2021-10-29 05:03:00
MERCH-4879,Retail Prime 4879,retail,BR,2018-06-20 20:31:00
MERCH-4880,Food Central 4880,food,UK,2021-06-15 20:19:00
MERCH-4881,Electronics Max 4881,electronics,BR,2022-11-25 07:13:00
MERCH-4882,Travel Express 4882,travel,BR,2019-12-04 20:17:00
MERCH-4883,Entertainment Central 4883,entertainment,BR,2022-11-18 10:56:00
MERCH-4884,Health Top 4884,health,BR,2023-08-09 15:09:00
MERCH-4885,Services Prime 4885,services,FR,2020-06-23 17:49:00
MERCH-4886,Retail Plus 4886,retail,BR,2023-01-28 20:19:00
MERCH-4887,Food Top 4887,food,US,2018-10-12 12:09:00
MERCH-4888,Electronics Max 4888,electronics,US,2019-10-04 16:10:00
MERCH-4889,Travel Global 4889,travel,BR,2018-02-06 23:16:00
MERCH-4890,Entertainment Global 4890,entertainment,BR,2020-05-13 03:30:00
MERCH-4891,Health Central 4891,health,FR,2021-11-30 09:16:00
MERCH-4892,Services Prime 4892,services,US,2023-01-24 09:53:00
MERCH-4893,Retail Express 4893,retail,BR,2022-08-13 19:44:00
MERCH-4894,Food Central 4894,food,FR,2022-08-04 06:25:00
MERCH-4895,Electronics Top 4895,electronics,BR,2018-11-21 13:40:00
MERCH-4896,Travel Central 4896,travel,BR,2021-10-27 04:43:00
MERCH-4897,Entertainment Central 4897,entertainment,US,2021-06-11 19:09:00
MERCH-4898,Health Prime 4898,health,UK,2021-03-03 05:48:00
MERCH-4899,Services Central 4899,services,US,2019-10-04 12:51:00
MERCH-4900,Retail Plus 4900,retail,BR,2018-06-18 00:05:00
MERCH-4901,Food Central 4901,food,BR,2020-02-24 02:02:00
MERCH-4902,Electronics Prime 4902,electronics,FR,2021-09-02 04:48:00
MERCH-4903,Travel Plus 4903,travel,UK,2021-07-14 12:29:00
MERCH-4904,Entertainment Top 4904,entertainment,BR,2023-05-20 07:15:00
MERCH-4905,Health Prime 4905,health,UK,2022-09-28 09:07:00
MERCH-4906,Services Nova 4906,services,US,2021-04-16 05:26:00
MERCH-4907,Retail Central 4907,retail,UK,2022-07-12 14:07:00
MERCH-4908,Food Top 4908,food,BR,2023-05-15 13:04:00
MERCH-4909,Electronics Plus 4909,electronics,UK,2020-02-29 18:24:00
MERCH-4910,Travel Top 4910,travel,BR,2018-07-21 15:16:00
MERCH-4911,Entertainment Express 4911,entertainment,UK,2022-10-29 10:35:00
MERCH-4912,Health Global 4912,health,UK,2018-02-23 14:10:00
MERCH-4913,Services Plus 4913,services,UK,2022-04-25 22:31:00
MERCH-4914,Retail Nova 4914,retail,US,2023-09-06 06:52:00
MERCH-4915,Food Plus 4915,food,UK,2022-06-29 09:30:00
MERCH-4916,Electronics Express 4916,electronics,BR,2020-01-16 13:15:00
MERCH-4917,Travel Plus 4917,travel,UK,2020-10-11 06:02:00
MERCH-4918,Entertainment Top 4918,entertainment,FR,2022-03-27 17:37:00
MERCH-4919,Health Top 4919,health,FR,2022-04-16 17:20:00
MERCH-4920,Services Top 4920,services,US,2019-05-31 10:52:00
MERCH-4921,Retail Nova 4921,retail,BR,2022-01-02 19:49:00
MERCH-4922,Food Global 4922,food,BR,2018-02-05 13:33:00
MERCH-4923,Electronics Plus 4923,electronics,BR,2018-07-08 18:01:00
MERCH-4924,Travel Nova 4924,travel,BR,2021-11-22 18:32:00
MERCH-4925,Entertainment Max 4925,entertainment,BR,2018-02-16 11:21:00
MERCH-4926,Health Global 4926,health,US,2019-09-22 09:08:00
MERCH-4927,Services Plus 4927,services,FR,2019-03-17 22:45:00
MERCH-4928,Retail Prime 4928,retail,BR,2018-07-11 04:18:00
MERCH-4929,Food Top 4929,food,FR,2021-07-23 07:05:00
MERCH-4930,Electronics Prime 4930,electronics,BR,2020-03-17 21:20:00
MERCH-4931,Travel Express 4931,travel,BR,2022-04-07 10:55:00
MERCH-4932,Entertainment Nova 4932,entertainment,BR,2021-03-27 17:31:00
MERCH-4933,Health Prime 4933,health,BR,2023-02-10 05:03:00
MERCH-4934,Services Plus 4934,services,US,2018-08-21 05:27:00
MERCH-4935,Retail Max 4935,retail,UK,2018-06-12 22:15:00
MERCH-4936,Food Nova 4936,food,FR,2023-05-06 19:56:00
MERCH-4937,Electronics Express 4937,electronics,BR,2023-04-18 18:41:00
MERCH-4938,Travel Prime 4938,travel,UK,2020-12-24 11:32:00
MERCH-4939,Entertainment Top 4939,entertainment,BR,2023-02-04 07:22:00
MERCH-4940,Health Plus 4940,health,BR,2022-04-19 00:46:00
MERCH-4941,Services Global 4941,services,FR,2018-12-11 04:07:00
MERCH-4942,Retail Prime 4942,retail,BR,2020-11-27 21:51:00
MERCH-4943,Food Prime 4943,food,BR,2023-08-28 14:04:00
MERCH-4944,Electronics Top 4944,electronics,BR,2022-08-17 23:57:00
MERCH-4945,Travel Central 4945,travel,US,2020-03-14 05:35:00
MERCH-4946,Entertainment Central 4946,entertainment,US,2020-06-04 01:37:00
MERCH-4947,Health Nova 4947,health,UK,2020-03-30 16:50:00
MERCH-4948,Services Nova 4948,services,BR,2018-06-24 17:07:00
MERCH-4949,Retail Prime 4949,retail,BR,2020-08-15 03:27:00
MERCH-4950,Food Global 4950,food,BR,2022-11-30 21:24:00
MERCH-4951,Electronics Express 4951,electronics,UK,2021-12-11 09:01:00
MERCH-4952,Travel Prime 4952,travel,FR,2023-08-11 13:50:00
MERCH-4953,Entertainment Prime 4953,entertainment,FR,2022-12-18 10:25:00
MERCH-4954,Health Express 4954,health,UK,2021-06-18 03:50:00
MERCH-4955,Services Central 4955,services,UK,2018-03-03 11:36:00
MERCH-4956,Retail Top 4956,retail,BR,2023-05-30 06:34:00
MERCH-4957,Food Top 4957,food,BR,2022-03-03 06:55:00
MERCH-4958,Electronics Nova 4958,electronics,BR,2020-06-16 23:46:00
MERCH-4959,Travel Top 4959,travel,US,2023-02-04 07:24:00
MERCH-4960,Entertainment Top 4960,entertainment,BR,2018-10-07 16:04:00
MERCH-4961,Health Plus 4961,health,FR,2021-09-21 01:26:00
MERCH-4962,Services Express 4962,services,BR,2022-11-10 18:39:00
MERCH-4963,Retail Express 4963,retail,US,2018-01-06 16:55:00
MERCH-4964,Food Plus 4964,food,UK,2018-05-27 01:56:00
MERCH-4965,Electronics Central 4965,electronics,FR,2020-09-23 23:32:00
MERCH-4966,Travel Max 4966,travel,BR,2022-06-03 17:21:00
MERCH-4967,Entertainment Nova 4967,entertainment,BR,2023-05-30 19:32:00
MERCH-4968,Health Nova 4968,health,FR,2022-12-20 20:10:00
MERCH-4969,Services Plus 4969,services,FR,2021-11-12 06:55:00
MERCH-4970,Retail Max 4970,retail,US,2023-08-06 17:55:00
MERCH-4971,Food Express 4971,food,BR,2020-04-09 17:58:00
MERCH-4972,Electronics Central 4972,electronics,BR,2019-11-03 07:12:00
MERCH-4973,Travel Global 4973,travel,BR,2018-09-01 05:58:00
MERCH-4974,Entertainment Prime 4974,entertainment,UK,2023-12-15 02:09:00
MERCH-4975,Health Top 4975,health,US,2018-09-27 00:42:00
MERCH-4976,Services Max 4976,services,UK,2022-09-13 23:32:00
MERCH-4977,Retail Top 4977,retail,BR,2019-06-03 16:13:00
MERCH-4978,Food Nova 4978,food,BR,2022-11-15 00:07:00
MERCH-4979,Electronics Plus 4979,electronics,BR,2021-05-06 10:20:00
MERCH-4980,Travel Prime 4980,travel,BR,2022-11-12 19:35:00
MERCH-4981,Entertainment Max 4981,entertainment,BR,2022-01-13 23:48:00
MERCH-4982,Health Express 4982,health,BR,2020-11-23 00:19:00
MERCH-4983,Services Central 4983,services,BR,2018-08-30 00:39:00
MERCH-4984,Retail Express 4984,retail,BR,2021-03-21 07:46:00
MERCH-4985,Food Global 4985,food,UK,2020-02-04 04:06:00
MERCH-4986,Electronics Express 4986,electronics,US,2019-02-27 02:51:00
MERCH-4987,Travel Plus 4987,travel,US,2023-07-25 04:53:00
MERCH-4988,Entertainment Central 4988,entertainment,BR,2022-03-29 02:48:00
MERCH-4989,Health Nova 4989,health,BR,2023-06-01 17:04:00
MERCH-4990,Services Top 4990,services,BR,2022-01-14 06:44:00
MERCH-4991,Retail Global 4991,retail,FR,2022-12-03 03:31:00
MERCH-4992,Food Max 4992,food,BR,2023-11-30 11:15:00
MERCH-4993,Electronics Nova 4993,electronics,FR,2019-08-02 04:37:00
MERCH-4994,Travel Nova 4994,travel,UK,2020-01-16 20:26:00
MERCH-4995,Entertainment Express 4995,entertainment,BR,2018-09-24 05:33:00
MERCH-4996,Health Central 4996,health,BR,2018-12-08 08:06:00
MERCH-4997,Services Max 4997,services,BR,2023-03-03 07:15:00
MERCH-4998,Retail Plus 4998,retail,UK,2021-03-26 19:30:00
MERCH-4999,Food Nova 4999,food,FR,2018-10-18 06:18:00
MERCH-5000,Electronics Max 5000,electronics,BR,2018-10-27 00:20:00
MERCH-5001,Travel Max 5001,travel,BR,2020-12-09 01:51:00
MERCH-5002,Entertainment Express 5002,entertainment,US,2019-08-20 11:19:00
MERCH-5003,Health Max 5003,health,UK,2018-02-10 13:24:00
MERCH-5004,Services Global 5004,services,US,2022-11-12 03:39:00
MERCH-5005,Retail Global 5005,retail,US,2018-12-08 23:18:00
MERCH-5006,Food Max 5006,food,BR,2019-05-01 22:37:00
MERCH-5007,Electronics Express 5007,electronics,FR,2023-06-08 19:15:00
MERCH-5008,Travel Global 5008,travel,BR,2019-03-05 18:32:00
MERCH-5009,Entertainment Global 5009,entertainment,FR,2020-01-02 10:14:00
MERCH-5010,Health Express 5010,health,FR,2018-10-07 15:07:00
MERCH-5011,Services Global 5011,services,BR,2022-07-16 03:39:00
MERCH-5012,Retail Plus 5012,retail,US,2022-08-06 00:39:00
MERCH-5013,Food Max 5013,food,BR,2021-06-27 08:44:00
MERCH-5014,Electronics Central 5014,electronics,BR,2021-11-30 15:36:00
MERCH-5015,Travel Global 5015,travel,BR,2020-12-24 17:31:00
MERCH-5016,Entertainment Central 5016,entertainment,FR,2021-05-09 06:16:00
MERCH-5017,Health Nova 5017,health,BR,2023-07-06 01:17:00
MERCH-5018,Services Max 5018,services,UK,2023-09-30 09:48:00
MERCH-5019,Retail Central 5019,retail,UK,2020-06-06 20:26:00
MERCH-5020,Food Express 5020,food,BR,2022-11-21 18:49:00
MERCH-5021,Electronics Central 5021,electronics,FR,2021-10-18 00:43:00
MERCH-5022,Travel Express 5022,travel,US,2022-02-21 20:07:00
MERCH-5023,Entertainment Express 5023,entertainment,FR,2020-11-30 01:18:00
MERCH-5024,Health Max 5024,health,US,2022-02-28 04:11:00
MERCH-5025,Services Express 5025,services,BR,2022-08-07 07:04:00
MERCH-5026,Retail Plus 5026,retail,US,2018-03-09 20:39:00
MERCH-5027,Food Express 5027,food,FR,2023-01-10 02:44:00
MERCH-5028,Electronics Max 5028,electronics,US,2022-01-15 16:41:00
MERCH-5029,Travel Global 5029,travel,BR,2021-01-13 08:55:00
MERCH-5030,Entertainment Central 5030,entertainment,BR,2020-12-05 12:27:00
MERCH-5031,Health Express 5031,health,BR,2023-05-25 06:27:00
MERCH-5032,Services Top 5032,services,BR,2019-02-23 06:44:00
MERCH-5033,Retail Prime 5033,retail,US,2021-04-05 14:59:00
MERCH-5034,Food Max 5034,food,BR,2018-02-28 12:10:00
MERCH-5035,Electronics Prime 5035,electronics,BR,2020-12-13 23:19:00
MERCH-5036,Travel Express 5036,travel,US,2023-01-27 05:22:00
MERCH-5037,Entertainment Central 5037,entertainment,BR,2019-09-19 07:30:00
MERCH-5038,Health Prime 5038,health,US,2020-04-11 20:43:00
MERCH-5039,Services Plus 5039,services,US,2020-09-09 22:43:00
MERCH-5040,Retail Top 5040,retail,FR,2019-09-09 03:59:00
MERCH-5041,Food Plus 5041,food,BR,2018-09-19 09:57:00
MERCH-5042,Electronics Plus 5042,electronics,UK,2022-09-15 19:49:00
MERCH-5043,Travel Plus 5043,travel,UK,2018-01-24 00:21:00
MERCH-5044,Entertainment Central 5044,entertainment,BR,2023-07-04 15:06:00
MERCH-5045,Health Global 5045,health,BR,2022-01-13 11:23:00
MERCH-5046,Services Prime 5046,services,FR,2019-05-28 03:51:00
MERCH-5047,Retail Express 5047,retail,BR,2023-03-23 00:01:00
MERCH-5048,Food Top 5048,food,US,2020-08-19 11:18:00
MERCH-5049,Electronics Max 5049,electronics,FR,2019-07-23 17:11:00
MERCH-5050,Travel Plus 5050,travel,BR,2021-02-06 19:33:00
MERCH-5051,Entertainment Nova 5051,entertainment,BR,2020-08-25 12:43:00
MERCH-5052,Health Express 5052,health,BR,2022-12-30 02:59:00
MERCH-5053,Services Top 5053,services,BR,2019-03-27 13:24:00
MERCH-5054,Retail Express 5054,retail,UK,2018-02-05 00:35:00
MERCH-5055,Food Global 5055,food,US,2020-03-28 09:17:00
MERCH-5056,Electronics Nova 5056,electronics,BR,2023-05-25 18:16:00
MERCH-5057,Travel Express 5057,travel,UK,2022-09-09 22:12:00
MERCH-5058,Entertainment Top 5058,entertainment,BR,2018-12-22 10:05:00
MERCH-5059,Health Central 5059,health,BR,2021-07-27 15:16:00
MERCH-5060,Services Top 5060,services,FR,2018-05-10 05:18:00
MERCH-5061,Retail Top 5061,retail,UK,2022-07-20 02:56:00
MERCH-5062,Food Global 5062,food,UK,2022-10-29 19:25:00
MERCH-5063,Electronics Nova 5063,electronics,BR,2020-09-16 22:34:00
MERCH-5064,Travel Central 5064,travel,FR,2021-01-24 10:57:00
MERCH-5065,Entertainment Global 5065,entertainment,FR,2022-02-19 19:43:00
MERCH-5066,Health Express 5066,health,BR,2022-12-01 06:11:00
MERCH-5067,Services Prime 5067,services,BR,2021-01-15 03:11:00
MERCH-5068,Retail Top 5068,retail,BR,2018-02-12 20:16:00
MERCH-5069,Food Express 5069,food,UK,2021-11-12 22:02:00
MERCH-5070,Electronics Max 5070,electronics,US,2023-08-05 02:20:00
MERCH-5071,Travel Prime 5071,travel,BR,2023-12-26 02:47:00
MERCH-5072,Entertainment Global 5072,entertainment,FR,2021-05-12 17:37:00
MERCH-5073,Health Global 5073,health,BR,2023-01-21 14:13:00
MERCH-5074,Services Max 5074,services,UK,2021-01-01 22:31:00
MERCH-5075,Retail Max 5075,retail,FR,2023-03-13 04:03:00
MERCH-5076,Food Top 5076,food,BR,2019-05-29 05:46:00
MERCH-5077,Electronics Central 5077,electronics,UK,2023-06-23 19:27:00
MERCH-5078,Travel Top 5078,travel,BR,2022-11-22 22:49:00
MERCH-5079,Entertainment Prime 5079,entertainment,BR,2019-02-13 06:41:00
MERCH-5080,Health Max 5080,health,UK,2019-05-05 15:49:00
MERCH-5081,Services Central 5081,services,UK,2023-05-27 22:57:00
MERCH-5082,Retail Top 5082,retail,UK,2018-04-01 10:42:00
MERCH-5083,Food Prime 5083,food,BR,2018-09-25 06:38:00
MERCH-5084,Electronics Plus 5084,electronics,BR,2018-10-17 16:54:00
MERCH-5085,Travel Express 5085,travel,FR,2019-08-19 04:13:00
MERCH-5086,Entertainment Top 5086,entertainment,BR,2018-03-16 18:15:00
MERCH-5087,Health Top 5087,health,BR,2022-01-29 09:10:00
MERCH-5088,Services Max 5088,services,FR,2022-06-15 07:34:00
MERCH-5089,Retail Nova 5089,retail,BR,2020-01-31 10:11:00
MERCH-5090,Food Global 5090,food,BR,2021-11-22 07:52:00
MERCH-5091,Electronics Prime 5091,electronics,BR,2019-08-01 21:26:00
MERCH-5092,Travel Top 5092,travel,FR,2023-09-11 13:12:00
MERCH-5093,Entertainment Plus 5093,entertainment,US,2021-12-15 01:42:00
MERCH-5094,Health Global 5094,health,BR,2022-06-17 09:43:00
MERCH-5095,Services Prime 5095,services,UK,2023-09-14 21:20:00
MERCH-5096,Retail Prime 5096,retail,UK,2023-06-16 03:29:00
MERCH-5097,Food Central 5097,food,BR,2020-06-05 17:10:00
MERCH-5098,Electronics Nova 5098,electronics,BR,2023-07-28 07:41:00
MERCH-5099,Travel Central 5099,travel,US,2022-09-19 04:58:00
MERCH-5100,Entertainment Plus 5100,entertainment,US,2020-08-17 14:13:00
MERCH-5101,Health Nova 5101,health,BR,2019-05-30 07:35:00
MERCH-5102,Services Prime 5102,services,BR,2022-06-08 20:57:00
MERCH-5103,Retail Prime 5103,retail,FR,2022-03-11 22:45:00
MERCH-5104,Food Plus 5104,food,US,2020-03-24 10:38:00
MERCH-5105,Electronics Express 5105,electronics,BR,2022-10-09 22:14:00
MERCH-5106,Travel Global 5106,travel,BR,2018-11-02 05:50:00
MERCH-5107,Entertainment Express 5107,entertainment,BR,2021-01-30 14:34:00
MERCH-5108,Health Plus 5108,health,US,2020-06-19 12:30:00
MERCH-5109,Services Central 5109,services,BR,2019-09-25 15:37:00
MERCH-5110,Retail Express 5110,retail,BR,2023-06-22 05:33:00
MERCH-5111,Food Prime 5111,food,BR,2019-01-23 04:33:00
MERCH-5112,Electronics Plus 5112,electronics,BR,2022-03-18 09:36:00
MERCH-5113,Travel Plus 5113,travel,BR,2023-12-29 00:23:00
MERCH-5114,Entertainment Nova 5114,entertainment,FR,2019-06-02 16:29:00
MERCH-5115,Health Global 5115,health,US,2019-02-14 09:35:00
MERCH-5116,Services Max 5116,services,UK,2022-03-12 17:52:00
MERCH-5117,Retail Prime 5117,retail,UK,2018-08-20 03:19:00
MERCH-5118,Food Max 5118,food,BR,2022-11-15 18:19:00
MERCH-5119,Electronics Central 5119,electronics,BR,2021-04-22 08:00:00
MERCH-5120,Travel Central 5120,travel,BR,2020-02-02 07:01:00
MERCH-5121,Entertainment Top 5121,entertainment,BR,2020-09-29 04:12:00
MERCH-5122,Health Plus 5122,health,US,2019-05-03 18:37:00
MERCH-5123,Services Prime 5123,services,UK,2022-05-31 09:54:00
MERCH-5124,Retail Prime 5124,retail,UK,2018-01-29 04:57:00
MERCH-5125,Food Max 5125,food,BR,2019-10-19 01:53:00
MERCH-5126,Electronics Central 5126,electronics,BR,2018-02-24 04:25:00
MERCH-5127,Travel Plus 5127,travel,FR,2022-10-20 08:29:00
MERCH-5128,Entertainment Express 5128,entertainment,BR,2020-08-01 07:02:00
MERCH-5129,Health Global 5129,health,FR,2021-03-02 05:19:00
MERCH-5130,Services Express 5130,services,BR,2019-03-31 16:15:00
MERCH-5131,Retail Central 5131,retail,BR,2018-08-07 22:10:00
MERCH-5132,Food Plus 5132,food,BR,2018-04-04 04:11:00
MERCH-5133,Electronics Central 5133,electronics,FR,2022-07-06 16:15:00
MERCH-5134,Travel Prime 5134,travel,BR,2022-10-05 04:08:00
MERCH-5135,Entertainment Central 5135,entertainment,BR,2018-08-06 17:21:00
MERCH-5136,Health Top 5136,health,US,2022-11-30 14:39:00
MERCH-5137,Services Prime 5137,services,BR,2023-08-15 01:18:00
MERCH-5138,Retail Top 5138,retail,US,2018-04-15 10:25:00
MERCH-5139,Food Plus 5139,food,US,2019-02-21 00:14:00
MERCH-5140,Electronics Express 5140,electronics,FR,2018-04-16 19:25:00
MERCH-5141,Travel Nova 5141,travel,BR,2020-11-27 13:42:00
MERCH-5142,Entertainment Central 5142,entertainment,FR,2021-06-17 20:09:00
MERCH-5143,Health Global 5143,health,FR,2023-07-03 11:05:00
MERCH-5144,Services Max 5144,services,BR,2019-10-29 02:36:00
MERCH-5145,Retail Global 5145,retail,BR,2020-11-21 14:58:00
MERCH-5146,Food Prime 5146,food,FR,2021-03-17 15:18:00
MERCH-5147,Electronics Express 5147,electronics,BR,2021-05-11 20:55:00
MERCH-5148,Travel Max 5148,travel,BR,2018-07-18 17:58:00
MERCH-5149,Entertainment Nova 5149,entertainment,BR,2022-08-06 06:43:00
MERCH-5150,Health Top 5150,health,US,2018-12-15 02:51:00
MERCH-5151,Services Global 5151,services,BR,2018-04-14 09:19:00
MERCH-5152,Retail Prime 5152,retail,BR,2023-10-26 00:21:00
MERCH-5153,Food Prime 5153,food,BR,2019-08-26 18:10:00
MERCH-5154,Electronics Express 5154,electronics,UK,2018-03-27 09:29:00
MERCH-5155,Travel Top 5155,travel,BR,2021-07-14 17:02:00
MERCH-5156,Entertainment Central 5156,entertainment,BR,2022-09-05 06:41:00
MERCH-5157,Health Nova 5157,health,US,2018-01-01 08:25:00
MERCH-5158,Services Nova 5158,services,FR,2018-09-29 22:34:00
MERCH-5159,Retail Global 5159,retail,UK,2020-09-11 09:39:00
MERCH-5160,Food Top 5160,food,BR,2021-04-23 09:44:00
MERCH-5161,Electronics Global 5161,electronics,UK,2019-11-20 20:38:00
MERCH-5162,Travel Central 5162,travel,US,2019-10-10 11:38:00
MERCH-5163,Entertainment Global 5163,entertainment,UK,2023-04-10 02:44:00
MERCH-5164,Health Max 5164,health,BR,2021-10-31 14:26:00
MERCH-5165,Services Global 5165,services,UK,2019-10-07 12:56:00
MERCH-5166,Retail Prime 5166,retail,BR,2022-09-09 19:14:00
MERCH-5167,Food Central 5167,food,BR,2023-08-09 09:15:00
MERCH-5168,Electronics Central 5168,electronics,BR,2022-05-29 14:58:00
MERCH-5169,Travel Prime 5169,travel,BR,2021-02-15 08:10:00
MERCH-5170,Entertainment Top 5170,entertainment,BR,2021-11-22 19:38:00
MERCH-5171,Health Central 5171,health,FR,2018-09-27 11:48:00
MERCH-5172,Services Nova 5172,services,UK,2021-06-07 23:51:00
MERCH-5173,Retail Global 5173,retail,BR,2023-03-04 13:26:00
MERCH-5174,Food Nova 5174,food,BR,2021-02-13 19:51:00
MERCH-5175,Electronics Central 5175,electronics,BR,2018-02-21 19:43:00
MERCH-5176,Travel Nova 5176,travel,BR,2023-01-19 02:38:00
MERCH-5177,Entertainment Max 5177,entertainment,FR,2022-01-28 00:29:00
MERCH-5178,Health Nova 5178,health,FR,2021-02-05 14:49:00
MERCH-5179,Services Nova 5179,services,BR,2023-02-16 09:16:00
MERCH-5180,Retail Central 5180,retail,UK,2018-10-12 12:21:00
MERCH-5181,Food Prime 5181,food,UK,2023-02-24 11:03:00
MERCH-5182,Electronics Central 5182,electronics,BR,2019-02-14 01:47:00
MERCH-5183,Travel Express 5183,travel,BR,2018-01-07 09:08:00
MERCH-5184,Entertainment Top 5184,entertainment,BR,2020-10-10 18:57:00
MERCH-5185,Health Central 5185,health,FR,2021-03-28 11:12:00
MERCH-5186,Services Central 5186,services,BR,2022-09-26 16:04:00
MERCH-5187,Retail Plus 5187,retail,BR,2020-10-13 17:02:00
MERCH-5188,Food Plus 5188,food,BR,2020-09-27 15:35:00
MERCH-5189,Electronics Express 5189,electronics,US,2021-02-09 14:47:00
MERCH-5190,Travel Plus 5190,travel,BR,2023-01-21 15:38:00
MERCH-5191,Entertainment Central 5191,entertainment,US,2020-03-28 04:49:00
MERCH-5192,Health Prime 5192,health,FR,2021-02-14 04:30:00
MERCH-5193,Services Express 5193,services,BR,2023-04-12 20:31:00
MERCH-5194,Retail Nova 5194,retail,FR,2019-07-26 16:54:00
MERCH-5195,Food Top 5195,food,US,2020-10-04 03:32:00
MERCH-5196,Electronics Plus 5196,electronics,BR,2019-04-25 15:06:00
MERCH-5197,Travel Express 5197,travel,BR,2018-01-11 04:20:00
MERCH-5198,Entertainment Plus 5198,entertainment,BR,2018-08-22 23:40:00
MERCH-5199,Health Global 5199,health,FR,2021-01-21 21:20:00
MERCH-5200,Services Max 5200,services,BR,2019-10-25 14:10:00
MERCH-5201,Retail Plus 5201,retail,BR,2021-01-01 21:52:00
MERCH-5202,Food Prime 5202,food,BR,2020-01-06 12:31:00
MERCH-5203,Electronics Express 5203,electronics,FR,2023-10-06 16:09:00
MERCH-5204,Travel Plus 5204,travel,FR,2018-12-01 22:54:00
MERCH-5205,Entertainment Plus 5205,entertainment,BR,2020-05-10 12:20:00
MERCH-5206,Health Global 5206,health,BR,2018-07-07 15:44:00
MERCH-5207,Services Max 5207,services,BR,2022-08-18 17:39:00
MERCH-5208,Retail Max 5208,retail,UK,2018-02-14 15:20:00
MERCH-5209,Food Central 5209,food,BR,2018-05-25 21:06:00
MERCH-5210,Electronics Central 5210,electronics,FR,2021-05-27 08:32:00
MERCH-5211,Travel Max 5211,travel,US,2020-06-07 09:45:00
MERCH-5212,Entertainment Global 5212,entertainment,US,2020-07-06 21:32:00
MERCH-5213,Health Nova 5213,health,US,2019-01-29 21:20:00
MERCH-5214,Services Express 5214,services,BR,2022-09-25 16:52:00
MERCH-5215,Retail Global 5215,retail,FR,2021-04-17 10:59:00
MERCH-5216,Food Prime 5216,food,UK,2018-04-21 17:52:00
MERCH-5217,Electronics Central 5217,electronics,UK,2022-07-06 02:48:00
MERCH-5218,Travel Express 5218,travel,BR,2020-01-31 10:10:00
MERCH-5219,Entertainment Central 5219,entertainment,UK,2023-02-22 15:11:00
MERCH-5220,Health Prime 5220,health,FR,2020-02-09 07:04:00
MERCH-5221,Services Top 5221,services,BR,2023-04-21 23:51:00
MERCH-5222,Retail Plus 5222,retail,BR,2018-05-01 00:25:00
MERCH-5223,Food Global 5223,food,BR,2021-05-03 12:15:00
MERCH-5224,Electronics Plus 5224,electronics,BR,2020-05-11 00:03:00
MERCH-5225,Travel Plus 5225,travel,US,2018-06-22 13:46:00
MERCH-5226,Entertainment Central 5226,entertainment,BR,2019-05-03 14:42:00
MERCH-5227,Health Max 5227,health,BR,2019-05-10 13:51:00
MERCH-5228,Services Max 5228,services,FR,2019-08-12 19:34:00
MERCH-5229,Retail Prime 5229,retail,BR,2019-07-03 04:39:00
MERCH-5230,Food Prime 5230,food,US,2021-08-04 00:44:00
MERCH-5231,Electronics Express 5231,electronics,UK,2019-06-28 19:56:00
MERCH-5232,Travel Central 5232,travel,BR,2022-08-05 17:09:00
MERCH-5233,Entertainment Nova 5233,entertainment,US,2018-07-21 17:53:00
MERCH-5234,Health Max 5234,health,FR,2020-02-14 11:59:00
MERCH-5235,Services Central 5235,services,US,2018-10-08 05:53:00
MERCH-5236,Retail Global 5236,retail,UK,2021-08-01 04:32:00
MERCH-5237,Food Central 5237,food,UK,2020-10-19 08:21:00
MERCH-5238,Electronics Nova 5238,electronics,BR,2022-06-04 00:05:00
MERCH-5239,Travel Prime 5239,travel,BR,2021-07-21 22:29:00
MERCH-5240,Entertainment Global 5240,entertainment,UK,2019-09-08 10:00:00
MERCH-5241,Health Top 5241,health,FR,2022-12-07 07:52:00
MERCH-5242,Services Prime 5242,services,UK,2018-03-18 14:31:00
MERCH-5243,Retail Express 5243,retail,US,2022-09-01 01:27:00
MERCH-5244,Food Max 5244,food,BR,2021-06-18 07:28:00
MERCH-5245,Electronics Express 5245,electronics,US,2018-06-27 09:41:00
MERCH-5246,Travel Nova 5246,travel,BR,2021-01-30 15:45:00
MERCH-5247,Entertainment Top 5247,entertainment,US,2021-10-28 16:08:00
MERCH-5248,Health Nova 5248,health,UK,2021-09-12 03:32:00
MERCH-5249,Services Max 5249,services,BR,2021-01-18 20:42:00
MERCH-5250,Retail Max 5250,retail,UK,2018-05-20 01:05:00
MERCH-5251,Food Nova 5251,food,BR,2020-10-25 03:53:00
MERCH-5252,Electronics Prime 5252,electronics,BR,2023-03-05 16:23:00
MERCH-5253,Travel Global 5253,travel,UK,2022-07-29 17:01:00
MERCH-5254,Entertainment Express 5254,entertainment,US,2020-11-03 10:56:00
MERCH-5255,Health Central 5255,health,UK,2022-08-17 17:32:00
MERCH-5256,Services Express 5256,services,US,2022-02-08 00:02:00
MERCH-5257,Retail Prime 5257,retail,BR,2018-01-25 03:08:00
MERCH-5258,Food Max 5258,food,BR,2023-01-06 01:19:00
MERCH-5259,Electronics Prime 5259,electronics,BR,2020-01-01 18:04:00
MERCH-5260,Travel Express 5260,travel,FR,2020-07-27 20:47:00
MERCH-5261,Entertainment Max 5261,entertainment,BR,2019-02-15 13:29:00
MERCH-5262,Health Global 5262,health,FR,2019-06-25 18:25:00
MERCH-5263,Services Top 5263,services,UK,2020-09-09 14:18:00
MERCH-5264,Retail Prime 5264,retail,BR,2022-04-13 07:37:00
MERCH-5265,Food Central 5265,food,BR,2020-10-13 05:07:00
MERCH-5266,Electronics Global 5266,electronics,BR,2022-10-28 09:40:00
MERCH-5267,Travel Max 5267,travel,BR,2019-07-22 06:49:00
MERCH-5268,Entertainment Top 5268,entertainment,BR,2021-11-25 06:36:00
MERCH-5269,Health Central 5269,health,FR,2023-11-08 18:58:00
MERCH-5270,Services Global 5270,services,BR,2018-06-04 14:41:00
MERCH-5271,Retail Nova 5271,retail,BR,2018-02-24 01:28:00
MERCH-5272,Food Top 5272,food,US,2023-01-31 09:45:00
MERCH-5273,Electronics Plus 5273,electronics,UK,2021-03-16 11:12:00
MERCH-5274,Travel Express 5274,travel,FR,2023-07-21 09:36:00
MERCH-5275,Entertainment Prime 5275,entertainment,FR,2022-08-22 06:03:00
MERCH-5276,Health Prime 5276,health,BR,2023-11-10 06:06:00
MERCH-5277,Services Max 5277,services,US,2018-02-06 23:55:00
MERCH-5278,Retail Prime 5278,retail,US,2022-08-13 09:50:00
MERCH-5279,Food Central 5279,food,BR,2022-10-20 02:14:00
MERCH-5280,Electronics Plus 5280,electronics,BR,2020-05-04 02:46:00
MERCH-5281,Travel Max 5281,travel,BR,2023-08-21 07:25:00
MERCH-5282,Entertainment Central 5282,entertainment,UK,2021-06-25 09:06:00
MERCH-5283,Health Prime 5283,health,BR,2020-06-20 05:00:00
MERCH-5284,Services Plus 5284,services,US,2021-06-18 01:57:00
MERCH-5285,Retail Global 5285,retail,FR,2022-05-28 16:53:00
MERCH-5286,Food Nova 5286,food,BR,2019-12-17 14:29:00
MERCH-5287,Electronics Max 5287,electronics,BR,2023-12-11 06:59:00
MERCH-5288,Travel Top 5288,travel,US,2021-12-13 18:42:00
MERCH-5289,Entertainment Max 5289,entertainment,US,2022-10-13 01:33:00
MERCH-5290,Health Express 5290,health,US,2022-06-29 10:15:00
MERCH-5291,Services Express 5291,services,US,2023-11-17 06:23:00
MERCH-5292,Retail Global 5292,retail,FR,2019-04-23 20:58:00
MERCH-5293,Food Plus 5293,food,BR,2019-09-29 06:04:00
MERCH-5294,Electronics Nova 5294,electronics,US,2019-10-28 03:39:00
MERCH-5295,Travel Central 5295,travel,FR,2019-07-10 07:45:00
MERCH-5296,Entertainment Prime 5296,entertainment,FR,2022-07-22 02:03:00
MERCH-5297,Health Central 5297,health,US,2020-08-08 21:32:00
MERCH-5298,Services Top 5298,services,FR,2020-07-24 09:38:00
MERCH-5299,Retail Prime 5299,retail,BR,2020-02-13 11:57:00
MERCH-5300,Food Global 5300,food,BR,2020-06-16 16:07:00
MERCH-5301,Electronics Central 5301,electronics,US,2021-07-29 20:37:00
MERCH-5302,Travel Global 5302,travel,UK,2019-03-14 19:38:00
MERCH-5303,Entertainment Plus 5303,entertainment,FR,2021-01-25 09:00:00
MERCH-5304,Health Prime 5304,health,FR,2023-02-10 20:59:00
MERCH-5305,Services Top 5305,services,BR,2018-04-08 06:21:00
MERCH-5306,Retail Prime 5306,retail,BR,2022-08-26 03:34:00
MERCH-5307,Food Plus 5307,food,BR,2018-01-22 15:39:00
MERCH-5308,Electronics Nova 5308,electronics,BR,2019-06-27 00:19:00
MERCH-5309,Travel Top 5309,travel,BR,2023-12-23 15:33:00
MERCH-5310,Entertainment Plus 5310,entertainment,FR,2019-12-31 04:55:00
MERCH-5311,Health Global 5311,health,BR,2021-09-09 02:50:00
MERCH-5312,Services Central 5312,services,BR,2018-07-16 06:22:00
MERCH-5313,Retail Prime 5313,retail,BR,2022-03-11 17:19:00
MERCH-5314,Food Global 5314,food,BR,2020-04-16 15:43:00
MERCH-5315,Electronics Global 5315,electronics,FR,2020-09-30 07:22:00
MERCH-5316,Travel Plus 5316,travel,BR,2023-09-16 18:20:00
MERCH-5317,Entertainment Top 5317,entertainment,UK,2023-12-24 09:38:00
MERCH-5318,Health Express 5318,health,BR,2021-04-21 00:29:00
MERCH-5319,Services Prime 5319,services,FR,2018-11-13 11:23:00
MERCH-5320,Retail Nova 5320,retail,US,2021-09-05 12:51:00
MERCH-5321,Food Express 5321,food,US,2018-03-15 07:40:00
MERCH-5322,Electronics Global 5322,electronics,US,2020-01-14 17:27:00
MERCH-5323,Travel Plus 5323,travel,BR,2023-12-25 20:38:00
MERCH-5324,Entertainment Max 5324,entertainment,BR,2020-06-27 20:53:00
MERCH-5325,Health Nova 5325,health,BR,2020-07-31 14:53:00
MERCH-5326,Services Top 5326,services,US,2020-06-08 07:20:00
MERCH-5327,Retail Global 5327,retail,FR,2018-07-07 00:40:00
MERCH-5328,Food Prime 5328,food,UK,2021-02-28 16:16:00
MERCH-5329,Electronics Max 5329,electronics,BR,2022-09-22 15:29:00
MERCH-5330,Travel Top 5330,travel,BR,2021-03-18 03:26:00
MERCH-5331,Entertainment Plus 5331,entertainment,FR,2023-01-30 15:40:00
MERCH-5332,Health Central 5332,health,UK,2018-02-10 04:17:00
MERCH-5333,Services Nova 5333,services,UK,2019-10-14 06:17:00
MERCH-5334,Retail Global 5334,retail,BR,2018-05-13 02:00:00
MERCH-5335,Food Nova 5335,food,FR,2022-05-13 06:37:00
MERCH-5336,Electronics Max 5336,electronics,UK,2021-10-12 09:35:00
MERCH-5337,Travel Prime 5337,travel,BR,2021-03-24 11:39:00
MERCH-5338,Entertainment Top 5338,entertainment,UK,2018-01-29 11:13:00
MERCH-5339,Health Central 5339,health,BR,2023-05-29 07:23:00
MERCH-5340,Services Prime 5340,services,FR,2022-01-20 09:37:00
MERCH-5341,Retail Central 5341,retail,FR,2023-12-28 14:35:00
MERCH-5342,Food Express 5342,food,BR,2020-03-30 08:24:00
MERCH-5343,Electronics Top 5343,electronics,BR,2023-09-16 08:10:00
MERCH-5344,Travel Express 5344,travel,BR,2021-06-12 23:05:00
MERCH-5345,Entertainment Plus 5345,entertainment,BR,2019-08-21 18:17:00
MERCH-5346,Health Top 5346,health,UK,2018-04-09 23:40:00
MERCH-5347,Services Plus 5347,services,US,2019-09-26 14:27:00
MERCH-5348,Retail Global 5348,retail,BR,2018-08-16 18:02:00
MERCH-5349,Food Global 5349,food,BR,2023-07-02 10:51:00
MERCH-5350,Electronics Prime 5350,electronics,US,2019-07-08 08:55:00
MERCH-5351,Travel Express 5351,travel,UK,2019-03-18 20:53:00
MERCH-5352,Entertainment Global 5352,entertainment,FR,2022-02-23 21:29:00
MERCH-5353,Health Central 5353,health,BR,2020-06-08 22:00:00
MERCH-5354,Services Central 5354,services,BR,2023-03-09 01:39:00
MERCH-5355,Retail Central 5355,retail,UK,2023-02-14 12:13:00
MERCH-5356,Food Global 5356,food,UK,2020-03-18 08:34:00
MERCH-5357,Electronics Prime 5357,electronics,BR,2023-03-22 11:06:00
MERCH-5358,Travel Top 5358,travel,US,2020-04-13 16:48:00
MERCH-5359,Entertainment Top 5359,entertainment,UK,2020-01-13 22:48:00
MERCH-5360,Health Express 5360,health,US,2023-10-14 17:58:00
MERCH-5361,Services Global 5361,services,FR,2022-06-22 15:16:00
MERCH-5362,Retail Top 5362,retail,BR,2022-06-05 12:07:00
MERCH-5363,Food Global 5363,food,FR,2019-11-13 04:25:00
MERCH-5364,Electronics Plus 5364,electronics,BR,2023-03-06 06:40:00
MERCH-5365,Travel Express 5365,travel,US,2023-01-26 11:03:00
MERCH-5366,Entertainment Prime 5366,entertainment,BR,2022-06-15 01:36:00
MERCH-5367,Health Max 5367,health,BR,2020-10-02 22:05:00
MERCH-5368,Services Express 5368,services,FR,2020-11-29 06:24:00
MERCH-5369,Retail Global 5369,retail,BR,2018-04-10 13:14:00
MERCH-5370,Food Prime 5370,food,US,2019-08-06 19:50:00
MERCH-5371,Electronics Plus 5371,electronics,US,2018-07-04 20:09:00
MERCH-5372,Travel Central 5372,travel,BR,2023-03-14 02:34:00
MERCH-5373,Entertainment Global 5373,entertainment,BR,2022-01-07 00:14:00
MERCH-5374,Health Prime 5374,health,US,2023-10-16 13:09:00
MERCH-5375,Services Plus 5375,services,BR,2021-03-21 18:11:00
MERCH-5376,Retail Express 5376,retail,US,2022-01-28 02:30:00
MERCH-5377,Food Nova 5377,food,BR,2022-10-08 08:35:00
MERCH-5378,Electronics Plus 5378,electronics,US,2019-04-11 15:18:00
MERCH-5379,Travel Nova 5379,travel,UK,2022-03-26 22:23:00
MERCH-5380,Entertainment Prime 5380,entertainment,BR,2018-01-12 01:41:00
MERCH-5381,Health Central 5381,health,UK,2019-12-24 21:07:00
MERCH-5382,Services Prime 5382,services,US,2021-04-30 21:47:00
MERCH-5383,Retail Prime 5383,retail,UK,2019-05-21 17:53:00
MERCH-5384,Food Global 5384,food,UK,2021-07-17 21:53:00
MERCH-5385,Electronics Global 5385,electronics,FR,2022-10-19 16:29:00
MERCH-5386,Travel Max 5386,travel,UK,2023-01-22 05:58:00
MERCH-5387,Entertainment Global 5387,entertainment,UK,2018-06-18 12:56:00
MERCH-5388,Health Express 5388,health,US,2019-06-20 11:05:00
MERCH-5389,Services Prime 5389,services,US,2020-03-08 18:38:00
MERCH-5390,Retail Max 5390,retail,UK,2019-12-29 23:12:00
MERCH-5391,Food Max 5391,food,US,2019-12-15 20:46:00
MERCH-5392,Electronics Express 5392,electronics,BR,2019-12-09 16:58:00
MERCH-5393,Travel Central 5393,travel,BR,2021-07-01 17:20:00
MERCH-5394,Entertainment Nova 5394,entertainment,US,2022-01-30 08:59:00
MERCH-5395,Health Prime 5395,health,BR,2023-06-02 01:47:00
MERCH-5396,Services Max 5396,services,FR,2021-06-11 18:03:00
MERCH-5397,Retail Express 5397,retail,BR,2019-11-05 09:58:00
MERCH-5398,Food Top 5398,food,UK,2021-12-22 09:31:00
MERCH-5399,Electronics Central 5399,electronics,FR,2018-07-07 22:07:00
MERCH-5400,Travel Nova 5400,travel,US,2021-01-28 11:30:00
MERCH-5401,Entertainment Central 5401,entertainment,BR,2018-09-04 13:37:00
MERCH-5402,Health Prime 5402,health,UK,2019-03-15 02:49:00
MERCH-5403,Services Central 5403,services,BR,2020-01-14 16:23:00
MERCH-5404,Retail Plus 5404,retail,BR,2018-11-03 09:32:00
MERCH-5405,Food Central 5405,food,BR,2022-06-25 11:32:00
MERCH-5406,Electronics Top 5406,electronics,BR,2019-01-09 07:03:00
MERCH-5407,Travel Plus 5407,travel,UK,2020-06-14 20:44:00
MERCH-5408,Entertainment Max 5408,entertainment,BR,2021-03-18 22:22:00
MERCH-5409,Health Global 5409,health,UK,2021-07-30 20:34:00
MERCH-5410,Services Top 5410,services,BR,2023-08-09 13:47:00
MERCH-5411,Retail Plus 5411,retail,BR,2019-10-07 18:33:00
MERCH-5412,Food Plus 5412,food,US,2021-08-30 11:50:00
MERCH-5413,Electronics Central 5413,electronics,US,2023-08-12 02:01:00
MERCH-5414,Travel Global 5414,travel,FR,2022-11-16 07:25:00
MERCH-5415,Entertainment Max 5415,entertainment,BR,2023-02-09 22:43:00
MERCH-5416,Health Global 5416,health,UK,2021-04-02 08:02:00
MERCH-5417,Services Central 5417,services,BR,2021-05-27 16:32:00
MERCH-5418,Retail Plus 5418,retail,BR,2020-04-29 20:43:00
MERCH-5419,Food Top 5419,food,UK,2022-09-26 04:05:00
MERCH-5420,Electronics Nova 5420,electronics,BR,2023-02-20 23:56:00
MERCH-5421,Travel Top 5421,travel,FR,2021-03-24 16:12:00
MERCH-5422,Entertainment Global 5422,entertainment,BR,2023-05-22 09:48:00
MERCH-5423,Health Plus 5423,health,BR,2023-11-30 07:14:00
MERCH-5424,Services Top 5424,services,UK,2018-09-07 09:27:00
MERCH-5425,Retail Nova 5425,retail,BR,2020-10-26 18:37:00
MERCH-5426,Food Max 5426,food,US,2021-11-04 11:54:00
MERCH-5427,Electronics Plus 5427,electronics,US,2023-09-13 01:27:00
MERCH-5428,Travel Max 5428,travel,BR,2022-06-28 10:39:00
MERCH-5429,Entertainment Nova 5429,entertainment,UK,2020-09-14 23:43:00
MERCH-5430,Health Global 5430,health,BR,2021-04-20 20:35:00
MERCH-5431,Services Global 5431,services,BR,2021-07-05 01:03:00
MERCH-5432,Retail Nova 5432,retail,UK,2022-04-26 17:28:00
MERCH-5433,Food Express 5433,food,UK,2019-07-08 17:35:00
MERCH-5434,Electronics Top 5434,electronics,BR,2018-04-20 07:38:00
MERCH-5435,Travel Express 5435,travel,BR,2020-02-22 13:37:00
MERCH-5436,Entertainment Max 5436,entertainment,BR,2018-01-13 15:51:00
MERCH-5437,Health Max 5437,health,US,2021-02-09 18:37:00
MERCH-5438,Services Central 5438,services,BR,2019-03-29 15:38:00
MERCH-5439,Retail Plus 5439,retail,BR,2022-02-14 23:26:00
MERCH-5440,Food Max 5440,food,UK,2022-09-08 20:12:00
MERCH-5441,Electronics Prime 5441,electronics,BR,2021-03-05 03:40:00
MERCH-5442,Travel Central 5442,travel,US,2019-11-14 00:05:00
MERCH-5443,Entertainment Top 5443,entertainment,BR,2019-08-30 18:50:00
MERCH-5444,Health Nova 5444,health,BR,2018-01-08 10:32:00
MERCH-5445,Services Central 5445,services,BR,2020-06-04 12:33:00
MERCH-5446,Retail Plus 5446,retail,BR,2020-01-15 02:02:00
MERCH-5447,Food Express 5447,food,UK,2021-06-26 23:32:00
MERCH-5448,Electronics Central 5448,electronics,FR,2022-02-01 18:52:00
MERCH-5449,Travel Top 5449,travel,BR,2020-07-17 15:25:00
MERCH-5450,Entertainment Prime 5450,entertainment,UK,2018-02-14 05:08:00
MERCH-5451,Health Top 5451,health,UK,2018-10-24 03:28:00
MERCH-5452,Services Plus 5452,services,US,2018-01-09 23:23:00
MERCH-5453,Retail Global 5453,retail,BR,2022-12-25 09:53:00
MERCH-5454,Food Prime 5454,food,BR,2019-11-16 05:28:00
MERCH-5455,Electronics Nova 5455,electronics,BR,2018-04-05 00:26:00
MERCH-5456,Travel Plus 5456,travel,UK,2020-12-05 09:05:00
MERCH-5457,Entertainment Nova 5457,entertainment,BR,2019-06-13 23:31:00
MERCH-5458,Health Central 5458,health,US,2018-07-12 02:52:00
MERCH-5459,Services Max 5459,services,BR,2021-07-29 19:05:00
MERCH-5460,Retail Max 5460,retail,US,2020-07-19 03:42:00
MERCH-5461,Food Nova 5461,food,US,2022-02-27 18:24:00
MERCH-5462,Electronics Global 5462,electronics,BR,2023-01-23 09:52:00
MERCH-5463,Travel Prime 5463,travel,FR,2018-02-01 07:51:00
MERCH-5464,Entertainment Plus 5464,entertainment,FR,2023-05-05 11:06:00
MERCH-5465,Health Central 5465,health,US,2020-09-19 21:19:00
MERCH-5466,Services Central 5466,services,BR,2020-09-09 16:50:00
MERCH-5467,Retail Plus 5467,retail,UK,2019-09-05 04:41:00
MERCH-5468,Food Nova 5468,food,BR,2018-12-04 06:51:00
MERCH-5469,Electronics Top 5469,electronics,BR,2018-01-20 07:26:00
MERCH-5470,Travel Top 5470,travel,BR,2021-01-10 10:56:00
MERCH-5471,Entertainment Top 5471,entertainment,BR,2023-05-18 07:13:00
MERCH-5472,Health Max 5472,health,BR,2019-07-19 03:07:00
MERCH-5473,Services Plus 5473,services,US,2021-01-07 08:43:00
MERCH-5474,Retail Central 5474,retail,BR,2023-07-12 06:09:00
MERCH-5475,Food Nova 5475,food,FR,2020-04-30 03:16:00
MERCH-5476,Electronics Max 5476,electronics,UK,2021-01-01 22:32:00
MERCH-5477,Travel Plus 5477,travel,UK,2023-08-08 19:56:00
MERCH-5478,Entertainment Prime 5478,entertainment,BR,2022-01-26 06:08:00
MERCH-5479,Health Nova 5479,health,BR,2019-09-13 04:20:00
MERCH-5480,Services Top 5480,services,US,2022-12-11 07:14:00
MERCH-5481,Retail Max 5481,retail,BR,2021-08-27 12:27:00
MERCH-5482,Food Max 5482,food,US,2020-02-05 15:03:00
MERCH-5483,Electronics Central 5483,electronics,UK,2021-01-24 22:53:00
MERCH-5484,Travel Global 5484,travel,BR,2020-02-21 13:03:00
MERCH-5485,Entertainment Top 5485,entertainment,BR,2018-03-04 07:47:00
MERCH-5486,Health Global 5486,health,UK,2019-11-17 20:20:00
MERCH-5487,Services Express 5487,services,BR,2023-01-08 23:32:00
MERCH-5488,Retail Top 5488,retail,US,2022-09-10 19:07:00
MERCH-5489,Food Top 5489,food,BR,2023-10-16 10:31:00
MERCH-5490,Electronics Prime 5490,electronics,US,2022-02-05 19:45:00
MERCH-5491,Travel Max 5491,travel,UK,2022-02-16 09:51:00
MERCH-5492,Entertainment Central 5492,entertainment,BR,2020-04-20 03:57:00
MERCH-5493,Health Nova 5493,health,BR,2023-02-06 11:02:00
MERCH-5494,Services Global 5494,services,BR,2021-05-05 12:44:00
MERCH-5495,Retail Nova 5495,retail,US,2022-03-14 09:01:00
MERCH-5496,Food Nova 5496,food,BR,2020-08-29 19:25:00
MERCH-5497,Electronics Express 5497,electronics,US,2023-12-05 12:47:00
MERCH-5498,Travel Prime 5498,travel,BR,2022-07-01 01:23:00
MERCH-5499,Entertainment Plus 5499,entertainment,BR,2022-11-19 22:26:00
MERCH-5500,Health Express 5500,health,FR,2019-04-06 16:34:00
MERCH-5501,Services Global 5501,services,UK,2018-03-06 03:18:00
MERCH-5502,Retail Nova 5502,retail,BR,2020-05-07 05:29:00
MERCH-5503,Food Prime 5503,food,BR,2023-06-23 14:20:00
MERCH-5504,Electronics Prime 5504,electronics,BR,2019-07-29 16:05:00
MERCH-5505,Travel Max 5505,travel,US,2020-08-20 05:45:00
MERCH-5506,Entertainment Central 5506,entertainment,US,2018-04-30 04:31:00
MERCH-5507,Health Express 5507,health,US,2020-09-25 00:09:00
MERCH-5508,Services Top 5508,services,US,2022-06-11 10:12:00
MERCH-5509,Retail Express 5509,retail,BR,2019-12-28 20:12:00
MERCH-5510,Food Top 5510,food,BR,2023-02-09 23:37:00
MERCH-5511,Electronics Top 5511,electronics,US,2020-10-11 22:58:00
MERCH-5512,Travel Global 5512,travel,FR,2021-07-11 14:15:00
MERCH-5513,Entertainment Prime 5513,entertainment,FR,2023-03-01 13:06:00
MERCH-5514,Health Max 5514,health,BR,2018-11-14 22:46:00
MERCH-5515,Services Nova 5515,services,BR,2018-10-16 11:38:00
MERCH-5516,Retail Top 5516,retail,US,2021-11-15 15:37:00
MERCH-5517,Food Plus 5517,food,US,2021-01-10 19:08:00
MERCH-5518,Electronics Max 5518,electronics,FR,2022-08-17 09:40:00
MERCH-5519,Travel Global 5519,travel,BR,2023-12-06 06:11:00
MERCH-5520,Entertainment Express 5520,entertainment,UK,2020-03-01 05:55:00
MERCH-5521,Health Top 5521,health,BR,2021-10-28 11:17:00
MERCH-5522,Services Plus 5522,services,UK,2018-08-20 18:00:00
MERCH-5523,Retail Top 5523,retail,BR,2021-10-05 18:54:00
MERCH-5524,Food Max 5524,food,UK,2021-08-08 05:44:00
MERCH-5525,Electronics Prime 5525,electronics,BR,2019-01-21 00:06:00
MERCH-5526,Travel Nova 5526,travel,BR,2020-09-01 06:02:00
MERCH-5527,Entertainment Central 5527,entertainment,UK,2019-04-21 11:05:00
MERCH-5528,Health Nova 5528,health,BR,2020-05-18 09:24:00
MERCH-5529,Services Express 5529,services,UK,2021-01-03 06:56:00
MERCH-5530,Retail Plus 5530,retail,UK,2021-03-21 19:26:00
MERCH-5531,Food Nova 5531,food,BR,2018-12-19 16:15:00
MERCH-5532,Electronics Top 5532,electronics,US,2021-01-31 21:00:00
MERCH-5533,Travel Nova 5533,travel,UK,2022-05-10 01:15:00
MERCH-5534,Entertainment Top 5534,entertainment,UK,2022-01-14 10:31:00
MERCH-5535,Health Top 5535,health,BR,2022-10-21 23:27:00
MERCH-5536,Services Plus 5536,services,US,2022-02-18 10:00:00
MERCH-5537,Retail Global 5537,retail,BR,2022-07-04 05:32:00
MERCH-5538,Food Nova 5538,food,UK,2018-12-22 22:32:00
MERCH-5539,Electronics Global 5539,electronics,UK,2020-07-31 09:55:00
MERCH-5540,Travel Central 5540,travel,FR,2023-12-13 13:09:00
MERCH-5541,Entertainment Nova 5541,entertainment,BR,2022-11-12 11:26:00
MERCH-5542,Health Nova 5542,health,BR,2020-04-27 16:28:00
MERCH-5543,Services Plus 5543,services,BR,2020-03-23 04:08:00
MERCH-5544,Retail Plus 5544,retail,US,2018-06-05 05:40:00
MERCH-5545,Food Express 5545,food,BR,2020-11-21 06:41:00
MERCH-5546,Electronics Nova 5546,electronics,FR,2020-09-27 18:39:00
MERCH-5547,Travel Express 5547,travel,UK,2021-10-31 07:59:00
MERCH-5548,Entertainment Top 5548,entertainment,BR,2018-07-05 16:00:00
MERCH-5549,Health Max 5549,health,US,2020-01-06 14:10:00
MERCH-5550,Services Express 5550,services,US,2022-05-20 20:19:00
MERCH-5551,Retail Nova 5551,retail,US,2018-06-09 15:42:00
MERCH-5552,Food Max 5552,food,UK,2018-09-21 05:07:00
MERCH-5553,Electronics Global 5553,electronics,BR,2022-11-15 12:34:00
MERCH-5554,Travel Nova 5554,travel,BR,2021-01-17 03:50:00
MERCH-5555,Entertainment Global 5555,entertainment,UK,2021-07-31 07:46:00
MERCH-5556,Health Express 5556,health,BR,2022-06-16 18:31:00
MERCH-5557,Services Global 5557,services,US,2020-07-04 00:24:00
MERCH-5558,Retail Prime 5558,retail,BR,2023-05-23 21:20:00
MERCH-5559,Food Max 5559,food,US,2022-04-08 03:03:00
MERCH-5560,Electronics Plus 5560,electronics,BR,2021-08-30 01:59:00
MERCH-5561,Travel Plus 5561,travel,BR,2020-11-09 09:59:00
MERCH-5562,Entertainment Prime 5562,entertainment,UK,2019-07-12 11:05:00
MERCH-5563,Health Global 5563,health,FR,2022-10-16 11:06:00
MERCH-5564,Services Express 5564,services,US,2020-07-27 19:02:00
MERCH-5565,Retail Plus 5565,retail,US,2022-11-18 10:56:00
MERCH-5566,Food Nova 5566,food,US,2023-05-25 11:01:00
MERCH-5567,Electronics Global 5567,electronics,US,2018-09-25 22:36:00
MERCH-5568,Travel Plus 5568,travel,UK,2018-07-15 07:02:00
MERCH-5569,Entertainment Top 5569,entertainment,US,2019-06-13 01:31:00
MERCH-5570,Health Top 5570,health,US,2023-10-31 12:53:00
MERCH-5571,Services Top 5571,services,US,2018-07-23 21:28:00
MERCH-5572,Retail Global 5572,retail,UK,2019-10-22 14:54:00
MERCH-5573,Food Top 5573,food,UK,2019-08-28 18:22:00
MERCH-5574,Electronics Prime 5574,electronics,BR,2019-12-06 06:21:00
MERCH-5575,Travel Global 5575,travel,FR,2019-02-19 19:25:00
MERCH-5576,Entertainment Top 5576,entertainment,BR,2019-01-14 03:28:00
MERCH-5577,Health Top 5577,health,BR,2020-06-02 00:21:00
MERCH-5578,Services Nova 5578,services,US,2021-03-18 01:48:00
MERCH-5579,Retail Max 5579,retail,UK,2020-03-17 06:05:00
MERCH-5580,Food Plus 5580,food,BR,2021-08-11 00:37:00
MERCH-5581,Electronics Max 5581,electronics,US,2019-10-18 08:29:00
MERCH-5582,Travel Nova 5582,travel,BR,2020-02-23 14:09:00
MERCH-5583,Entertainment Nova 5583,entertainment,FR,2022-06-29 06:45:00
MERCH-5584,Health Max 5584,health,BR,2020-04-16 17:13:00
MERCH-5585,Services Express 5585,services,FR,2018-11-14 07:15:00
MERCH-5586,Retail Plus 5586,retail,BR,2021-01-12 16:14:00
MERCH-5587,Food Central 5587,food,FR,2022-04-25 09:54:00
MERCH-5588,Electronics Central 5588,electronics,FR,2018-08-11 02:44:00
MERCH-5589,Travel Express 5589,travel,UK,2022-03-27 18:11:00
MERCH-5590,Entertainment Global 5590,entertainment,UK,2020-01-12 18:11:00
MERCH-5591,Health Express 5591,health,BR,2022-04-01 09:54:00
MERCH-5592,Services Central 5592,services,UK,2023-05-18 11:42:00
MERCH-5593,Retail Express 5593,retail,BR,2018-02-24 16:46:00
MERCH-5594,Food Global 5594,food,BR,2021-01-27 07:54:00
MERCH-5595,Electronics Central 5595,electronics,FR,2020-04-21 07:03:00
MERCH-5596,Travel Max 5596,travel,UK,2021-03-09 07:09:00
MERCH-5597,Entertainment Top 5597,entertainment,US,2022-12-08 22:37:00
MERCH-5598,Health Central 5598,health,BR,2018-04-22 16:42:00
MERCH-5599,Services Express 5599,services,BR,2019-09-29 08:44:00
MERCH-5600,Retail Prime 5600,retail,BR,2020-07-09 19:34:00
MERCH-5601,Food Nova 5601,food,BR,2018-02-12 11:16:00
MERCH-5602,Electronics Prime 5602,electronics,FR,2020-07-01 10:30:00
MERCH-5603,Travel Plus 5603,travel,UK,2020-08-10 14:44:00
MERCH-5604,Entertainment Nova 5604,entertainment,BR,2023-07-18 21:21:00
MERCH-5605,Health Plus 5605,health,UK,2021-05-17 12:40:00
MERCH-5606,Services Top 5606,services,FR,2018-09-29 10:51:00
MERCH-5607,Retail Express 5607,retail,US,2021-10-31 04:38:00
MERCH-5608,Food Global 5608,food,BR,2019-12-05 10:41:00
MERCH-5609,Electronics Global 5609,electronics,US,2020-08-15 11:35:00
MERCH-5610,Travel Nova 5610,travel,BR,2019-03-27 13:29:00
MERCH-5611,Entertainment Prime 5611,entertainment,BR,2022-05-26 02:25:00
MERCH-5612,Health Nova 5612,health,US,2020-07-22 11:20:00
MERCH-5613,Services Top 5613,services,BR,2021-01-06 14:30:00
MERCH-5614,Retail Top 5614,retail,FR,2023-09-21 06:03:00
MERCH-5615,Food Express 5615,food,FR,2022-08-03 15:07:00
MERCH-5616,Electronics Max 5616,electronics,FR,2018-06-04 12:25:00
MERCH-5617,Travel Top 5617,travel,BR,2020-03-30 11:13:00
MERCH-5618,Entertainment Central 5618,entertainment,BR,2019-09-15 18:06:00
MERCH-5619,Health Nova 5619,health,FR,2018-07-03 11:44:00
MERCH-5620,Services Plus 5620,services,FR,2019-12-17 17:20:00
MERCH-5621,Retail Express 5621,retail,US,2023-02-03 14:13:00
MERCH-5622,Food Max 5622,food,BR,2019-02-14 09:24:00
MERCH-5623,Electronics Nova 5623,electronics,US,2023-01-23 05:23:00
MERCH-5624,Travel Max 5624,travel,BR,2023-08-05 05:14:00
MERCH-5625,Entertainment Nova 5625,entertainment,FR,2021-06-04 23:24:00
MERCH-5626,Health Prime 5626,health,FR,2019-01-07 07:06:00
MERCH-5627,Services Central 5627,services,UK,2019-10-04 21:47:00
MERCH-5628,Retail Nova 5628,retail,US,2023-11-18 21:54:00
MERCH-5629,Food Plus 5629,food,BR,2023-05-22 07:06:00
MERCH-5630,Electronics Top 5630,electronics,BR,2020-01-29 04:55:00
MERCH-5631,Travel Central 5631,travel,UK,2018-08-10 17:36:00
MERCH-5632,Entertainment Express 5632,entertainment,UK,2023-08-17 12:17:00
MERCH-5633,Health Prime 5633,health,FR,2020-05-24 00:51:00
MERCH-5634,Services Global 5634,services,BR,2020-08-30 16:31:00
MERCH-5635,Retail Max 5635,retail,BR,2023-02-09 22:46:00
MERCH-5636,Food Express 5636,food,FR,2020-09-25 15:03:00
MERCH-5637,Electronics Top 5637,electronics,UK,2019-01-01 04:07:00
MERCH-5638,Travel Top 5638,travel,FR,2023-12-19 13:09:00
MERCH-5639,Entertainment Central 5639,entertainment,FR,2021-12-17 04:17:00
MERCH-5640,Health Prime 5640,health,UK,2019-12-24 12:37:00
MERCH-5641,Services Nova 5641,services,US,2023-09-04 16:49:00
MERCH-5642,Retail Max 5642,retail,BR,2018-08-01 13:56:00
MERCH-5643,Food Nova 5643,food,US,2018-05-07 07:36:00
MERCH-5644,Electronics Nova 5644,electronics,BR,2022-12-07 07:55:00
MERCH-5645,Travel Max 5645,travel,BR,2018-02-23 18:10:00
MERCH-5646,Entertainment Express 5646,entertainment,BR,2023-05-06 03:46:00
MERCH-5647,Health Central 5647,health,FR,2020-10-04 02:53:00
MERCH-5648,Services Max 5648,services,US,2020-02-24 18:52:00
MERCH-5649,Retail Max 5649,retail,BR,2018-08-16 10:10:00
MERCH-5650,Food Central 5650,food,UK,2021-03-15 12:03:00
MERCH-5651,Electronics Central 5651,electronics,FR,2023-04-12 20:13:00
MERCH-5652,Travel Top 5652,travel,BR,2018-11-13 11:09:00
MERCH-5653,Entertainment Max 5653,entertainment,US,2022-09-20 22:40:00
MERCH-5654,Health Global 5654,health,US,2023-02-05 17:43:00
MERCH-5655,Services Express 5655,services,BR,2020-08-13 22:33:00
MERCH-5656,Retail Central 5656,retail,BR,2019-11-07 20:24:00
MERCH-5657,Food Max 5657,food,BR,2022-04-08 17:20:00
MERCH-5658,Electronics Top 5658,electronics,BR,2020-06-20 02:56:00
MERCH-5659,Travel Nova 5659,travel,BR,2020-03-01 16:47:00
MERCH-5660,Entertainment Central 5660,entertainment,BR,2023-06-27 19:34:00
MERCH-5661,Health Nova 5661,health,BR,2023-05-14 13:25:00
MERCH-5662,Services Central 5662,services,BR,2022-08-30 08:30:00
MERCH-5663,Retail Global 5663,retail,UK,2018-11-10 00:25:00
MERCH-5664,Food Max 5664,food,US,2018-05-20 07:38:00
MERCH-5665,Electronics Plus 5665,electronics,BR,2019-12-09 14:29:00
MERCH-5666,Travel Max 5666,travel,BR,2023-06-17 20:50:00
MERCH-5667,Entertainment Central 5667,entertainment,BR,2018-04-21 12:35:00
MERCH-5668,Health Nova 5668,health,FR,2023-01-21 17:07:00
MERCH-5669,Services Global 5669,services,FR,2019-06-27 07:20:00
MERCH-5670,Retail Express 5670,retail,BR,2021-02-05 04:52:00
MERCH-5671,Food Central 5671,food,FR,2020-08-21 14:20:00
MERCH-5672,Electronics Max 5672,electronics,BR,2023-08-28 02:29:00
MERCH-5673,Travel Max 5673,travel,US,2023-10-13 05:00:00
MERCH-5674,Entertainment Express 5674,entertainment,BR,2022-01-10 21:20:00
MERCH-5675,Health Plus 5675,health,US,2020-12-17 23:27:00
MERCH-5676,Services Max 5676,services,US,2023-11-06 16:51:00
MERCH-5677,Retail Global 5677,retail,UK,2019-10-31 06:46:00
MERCH-5678,Food Global 5678,food,UK,2022-10-21 12:10:00
MERCH-5679,Electronics Nova 5679,electronics,BR,2019-08-28 10:45:00
MERCH-5680,Travel Central 5680,travel,FR,2022-08-12 13:46:00
MERCH-5681,Entertainment Max 5681,entertainment,UK,2018-08-20 09:46:00
MERCH-5682,Health Max 5682,health,UK,2021-07-19 22:09:00
MERCH-5683,Services Plus 5683,services,BR,2022-03-26 22:27:00
MERCH-5684,Retail Central 5684,retail,UK,2023-06-01 07:15:00
MERCH-5685,Food Max 5685,food,BR,2021-11-05 18:59:00
MERCH-5686,Electronics Global 5686,electronics,US,2022-10-26 06:35:00
MERCH-5687,Travel Global 5687,travel,FR,2018-02-05 07:02:00
MERCH-5688,Entertainment Prime 5688,entertainment,UK,2022-06-22 14:34:00
MERCH-5689,Health Top 5689,health,FR,2020-11-18 13:18:00
MERCH-5690,Services Nova 5690,services,FR,2021-03-23 08:29:00
MERCH-5691,Retail Central 5691,retail,BR,2021-08-06 07:18:00
MERCH-5692,Food Max 5692,food,BR,2021-05-07 01:01:00
MERCH-5693,Electronics Max 5693,electronics,FR,2023-06-01 11:34:00
MERCH-5694,Travel Top 5694,travel,US,2023-02-09 02:19:00
MERCH-5695,Entertainment Central 5695,entertainment,BR,2019-09-02 08:03:00
MERCH-5696,Health Plus 5696,health,UK,2018-10-17 12:59:00
MERCH-5697,Services Plus 5697,services,UK,2020-11-04 21:48:00
MERCH-5698,Retail Plus 5698,retail,BR,2020-08-13 23:28:00
MERCH-5699,Food Central 5699,food,BR,2023-04-20 14:04:00
MERCH-5700,Electronics Central 5700,electronics,BR,2021-11-15 12:29:00
MERCH-5701,Travel Express 5701,travel,BR,2018-05-13 22:51:00
MERCH-5702,Entertainment Top 5702,entertainment,BR,2022-09-02 03:50:00
MERCH-5703,Health Plus 5703,health,BR,2020-04-17 11:46:00
MERCH-5704,Services Central 5704,services,US,2023-01-18 03:02:00
MERCH-5705,Retail Nova 5705,retail,BR,2022-04-02 09:05:00
MERCH-5706,Food Plus 5706,food,BR,2021-12-12 14:10:00
MERCH-5707,Electronics Express 5707,electronics,BR,2018-05-01 16:23:00
MERCH-5708,Travel Nova 5708,travel,BR,2023-01-07 10:43:00
MERCH-5709,Entertainment Nova 5709,entertainment,FR,2018-02-07 22:54:00
MERCH-5710,Health Plus 5710,health,FR,2019-11-18 00:31:00
MERCH-5711,Services Prime 5711,services,US,2022-07-31 08:30:00
MERCH-5712,Retail Prime 5712,retail,FR,2022-04-26 23:58:00
MERCH-5713,Food Central 5713,food,BR,2018-12-18 20:00:00
MERCH-5714,Electronics Express 5714,electronics,BR,2018-06-18 17:13:00
MERCH-5715,Travel Top 5715,travel,BR,2021-11-23 06:27:00
MERCH-5716,Entertainment Prime 5716,entertainment,US,2023-11-11 18:26:00
MERCH-5717,Health Nova 5717,health,US,2019-01-01 00:52:00
MERCH-5718,Services Prime 5718,services,US,2023-02-04 02:53:00
MERCH-5719,Retail Top 5719,retail,US,2023-04-14 01:14:00
MERCH-5720,Food Nova 5720,food,BR,2021-11-09 01:13:00
MERCH-5721,Electronics Central 5721,electronics,FR,2021-11-24 11:34:00
MERCH-5722,Travel Global 5722,travel,BR,2020-10-06 10:50:00
MERCH-5723,Entertainment Plus 5723,entertainment,US,2020-09-22 03:10:00
MERCH-5724,Health Max 5724,health,FR,2019-01-29 17:38:00
MERCH-5725,Services Central 5725,services,BR,2022-05-03 15:56:00
MERCH-5726,Retail Prime 5726,retail,BR,2023-06-18 07:27:00
MERCH-5727,Food Central 5727,food,BR,2023-03-13 09:31:00
MERCH-5728,Electronics Prime 5728,electronics,US,2023-11-16 05:49:00
MERCH-5729,Travel Prime 5729,travel,UK,2023-01-26 03:24:00
MERCH-5730,Entertainment Global 5730,entertainment,BR,2019-06-04 20:12:00
MERCH-5731,Health Max 5731,health,UK,2019-04-07 04:37:00
MERCH-5732,Services Central 5732,services,US,2018-06-23 01:24:00
MERCH-5733,Retail Nova 5733,retail,FR,2018-07-22 07:59:00
MERCH-5734,Food Top 5734,food,FR,2021-01-04 16:39:00
MERCH-5735,Electronics Nova 5735,electronics,BR,2019-09-06 23:39:00
MERCH-5736,Travel Top 5736,travel,BR,2018-03-12 11:45:00
MERCH-5737,Entertainment Express 5737,entertainment,FR,2022-06-09 02:33:00
MERCH-5738,Health Global 5738,health,US,2018-10-08 20:25:00
MERCH-5739,Services Plus 5739,services,BR,2019-02-13 15:19:00
MERCH-5740,Retail Express 5740,retail,US,2020-05-25 20:16:00
MERCH-5741,Food Nova 5741,food,US,2020-03-28 19:25:00
MERCH-5742,Electronics Prime 5742,electronics,US,2018-04-22 01:57:00
MERCH-5743,Travel Central 5743,travel,BR,2021-02-20 00:30:00
MERCH-5744,Entertainment Top 5744,entertainment,FR,2021-08-16 00:21:00
MERCH-5745,Health Global 5745,health,US,2021-12-02 10:25:00
MERCH-5746,Services Express 5746,services,BR,2018-07-30 21:06:00
MERCH-5747,Retail Prime 5747,retail,BR,2022-05-02 17:17:00
MERCH-5748,Food Central 5748,food,US,2018-06-24 15:43:00
MERCH-5749,Electronics Express 5749,electronics,BR,2022-11-07 03:37:00
MERCH-5750,Travel Nova 5750,travel,UK,2021-10-03 15:58:00
MERCH-5751,Entertainment Central 5751,entertainment,BR,2023-10-17 20:05:00
MERCH-5752,Health Prime 5752,health,BR,2021-08-21 11:42:00
MERCH-5753,Services Max 5753,services,BR,2021-02-12 00:20:00
MERCH-5754,Retail Plus 5754,retail,FR,2023-02-01 11:42:00
MERCH-5755,Food Top 5755,food,BR,2023-11-26 23:38:00
MERCH-5756,Electronics Max 5756,electronics,BR,2021-08-16 22:50:00
MERCH-5757,Travel Plus 5757,travel,BR,2022-09-22 23:22:00
MERCH-5758,Entertainment Global 5758,entertainment,BR,2023-11-01 15:47:00
MERCH-5759,Health Top 5759,health,US,2023-01-05 10:34:00
MERCH-5760,Services Max 5760,services,UK,2023-01-19 10:01:00
MERCH-5761,Retail Nova 5761,retail,UK,2021-11-25 21:49:00
MERCH-5762,Food Prime 5762,food,UK,2018-03-02 09:05:00
MERCH-5763,Electronics Global 5763,electronics,US,2023-12-03 01:26:00
MERCH-5764,Travel Nova 5764,travel,FR,2022-04-22 16:07:00
MERCH-5765,Entertainment Top 5765,entertainment,BR,2020-07-05 00:20:00
MERCH-5766,Health Global 5766,health,UK,2018-05-06 04:45:00
MERCH-5767,Services Central 5767,services,BR,2020-04-21 19:26:00
MERCH-5768,Retail Global 5768,retail,BR,2019-07-18 21:22:00
MERCH-5769,Food Global 5769,food,BR,2018-03-14 05:57:00
MERCH-5770,Electronics Express 5770,electronics,US,2018-03-17 20:21:00
MERCH-5771,Travel Central 5771,travel,BR,2018-01-07 05:55:00
MERCH-5772,Entertainment Express 5772,entertainment,US,2021-02-17 16:10:00
MERCH-5773,Health Max 5773,health,BR,2020-09-10 04:32:00
MERCH-5774,Services Plus 5774,services,BR,2020-10-08 08:15:00
MERCH-5775,Retail Top 5775,retail,FR,2020-04-26 11:24:00
MERCH-5776,Food Prime 5776,food,BR,2021-05-21 02:48:00
MERCH-5777,Electronics Express 5777,electronics,BR,2020-09-21 16:29:00
MERCH-5778,Travel Prime 5778,travel,BR,2021-10-04 04:38:00
MERCH-5779,Entertainment Global 5779,entertainment,BR,2018-06-03 11:51:00
MERCH-5780,Health Max 5780,health,BR,2022-01-16 14:52:00
MERCH-5781,Services Prime 5781,services,BR,2021-10-14 15:56:00
MERCH-5782,Retail Top 5782,retail,FR,2019-10-18 17:22:00
MERCH-5783,Food Global 5783,food,UK,2018-03-27 00:16:00
MERCH-5784,Electronics Central 5784,electronics,BR,2023-12-21 16:39:00
MERCH-5785,Travel Central 5785,travel,FR,2022-04-09 01:49:00
MERCH-5786,Entertainment Top 5786,entertainment,BR,2023-07-17 06:51:00
MERCH-5787,Health Prime 5787,health,BR,2019-04-30 06:50:00
MERCH-5788,Services Central 5788,services,BR,2020-05-31 08:13:00
MERCH-5789,Retail Global 5789,retail,US,2018-06-24 23:41:00
MERCH-5790,Food Max 5790,food,US,2023-06-08 18:35:00
MERCH-5791,Electronics Plus 5791,electronics,BR,2019-01-05 12:53:00
MERCH-5792,Travel Prime 5792,travel,US,2019-01-24 23:00:00
MERCH-5793,Entertainment Prime 5793,entertainment,US,2023-08-08 19:04:00
MERCH-5794,Health Prime 5794,health,UK,2018-01-03 07:17:00
MERCH-5795,Services Prime 5795,services,US,2023-04-05 22:54:00
MERCH-5796,Retail Top 5796,retail,BR,2021-06-03 06:57:00
MERCH-5797,Food Max 5797,food,BR,2019-01-10 20:27:00
MERCH-5798,Electronics Max 5798,electronics,US,2019-03-20 10:25:00
MERCH-5799,Travel Plus 5799,travel,FR,2019-08-12 07:10:00
MERCH-5800,Entertainment Plus 5800,entertainment,BR,2018-11-30 15:20:00
MERCH-5801,Health Central 5801,health,BR,2021-08-09 13:05:00
MERCH-5802,Services Top 5802,services,US,2022-04-05 18:30:00
MERCH-5803,Retail Top 5803,retail,US,2020-03-09 08:27:00
MERCH-5804,Food Nova 5804,food,BR,2018-10-21 17:54:00
MERCH-5805,Electronics Plus 5805,electronics,BR,2019-11-17 03:43:00
MERCH-5806,Travel Nova 5806,travel,UK,2021-05-30 20:35:00
MERCH-5807,Entertainment Max 5807,entertainment,FR,2019-07-12 13:57:00
MERCH-5808,Health Plus 5808,health,BR,2020-04-29 23:42:00
MERCH-5809,Services Max 5809,services,BR,2019-05-18 03:14:00
MERCH-5810,Retail Plus 5810,retail,US,2021-07-17 23:52:00
MERCH-5811,Food Plus 5811,food,US,2023-09-21 17:20:00
MERCH-5812,Electronics Global 5812,electronics,UK,2023-06-06 03:25:00
MERCH-5813,Travel Max 5813,travel,US,2018-09-15 14:12:00
MERCH-5814,Entertainment Top 5814,entertainment,BR,2018-04-10 01:14:00
MERCH-5815,Health Express 5815,health,FR,2023-04-30 21:36:00
MERCH-5816,Services Global 5816,services,US,2023-03-28 10:46:00
MERCH-5817,Retail Central 5817,retail,BR,2018-10-18 19:56:00
MERCH-5818,Food Central 5818,food,BR,2022-11-27 10:02:00
MERCH-5819,Electronics Central 5819,electronics,US,2023-06-01 09:31:00
MERCH-5820,Travel Prime 5820,travel,FR,2020-10-19 18:57:00
MERCH-5821,Entertainment Prime 5821,entertainment,UK,2022-12-14 17:59:00
MERCH-5822,Health Top 5822,health,FR,2023-10-23 14:30:00
MERCH-5823,Services Global 5823,services,BR,2019-02-15 04:58:00
MERCH-5824,Retail Central 5824,retail,BR,2023-03-10 17:15:00
MERCH-5825,Food Plus 5825,food,BR,2021-12-02 00:57:00
MERCH-5826,Electronics Max 5826,electronics,UK,2023-09-22 13:06:00
MERCH-5827,Travel Top 5827,travel,FR,2018-08-08 07:58:00
MERCH-5828,Entertainment Prime 5828,entertainment,FR,2020-11-18 15:33:00
MERCH-5829,Health Max 5829,health,FR,2023-06-24 03:40:00
MERCH-5830,Services Global 5830,services,UK,2019-11-02 05:25:00
MERCH-5831,Retail Nova 5831,retail,US,2018-09-24 21:07:00
MERCH-5832,Food Express 5832,food,UK,2023-06-14 11:38:00
MERCH-5833,Electronics Central 5833,electronics,BR,2021-06-19 07:22:00
MERCH-5834,Travel Prime 5834,travel,FR,2020-07-23 17:26:00
MERCH-5835,Entertainment Top 5835,entertainment,BR,2021-03-04 02:37:00
MERCH-5836,Health Global 5836,health,UK,2018-03-19 19:18:00
MERCH-5837,Services Central 5837,services,BR,2020-10-20 09:47:00
MERCH-5838,Retail Global 5838,retail,BR,2020-02-06 05:07:00
MERCH-5839,Food Nova 5839,food,BR,2022-07-11 17:58:00
MERCH-5840,Electronics Top 5840,electronics,BR,2019-12-29 05:48:00
MERCH-5841,Travel Top 5841,travel,BR,2022-03-17 07:20:00
MERCH-5842,Entertainment Plus 5842,entertainment,UK,2021-07-14 02:46:00
MERCH-5843,Health Global 5843,health,US,2020-04-08 07:13:00
MERCH-5844,Services Express 5844,services,FR,2020-05-08 15:33:00
MERCH-5845,Retail Nova 5845,retail,FR,2018-10-02 01:46:00
MERCH-5846,Food Top 5846,food,US,2021-09-12 19:30:00
MERCH-5847,Electronics Express 5847,electronics,UK,2018-10-02 18:43:00
MERCH-5848,Travel Plus 5848,travel,BR,2023-12-11 12:31:00
MERCH-5849,Entertainment Global 5849,entertainment,UK,2018-03-01 23:23:00
MERCH-5850,Health Top 5850,health,US,2020-04-13 04:18:00
MERCH-5851,Services Nova 5851,services,UK,2019-01-16 01:25:00
MERCH-5852,Retail Global 5852,retail,US,2019-02-12 22:50:00
MERCH-5853,Food Global 5853,food,BR,2023-10-26 10:30:00
MERCH-5854,Electronics Plus 5854,electronics,UK,2018-03-12 10:22:00
MERCH-5855,Travel Express 5855,travel,BR,2022-08-28 03:39:00
MERCH-5856,Entertainment Prime 5856,entertainment,FR,2021-05-10 03:48:00
MERCH-5857,Health Express 5857,health,FR,2022-06-20 13:22:00
MERCH-5858,Services Central 5858,services,BR,2022-06-09 21:19:00
MERCH-5859,Retail Max 5859,retail,UK,2020-02-11 07:46:00
MERCH-5860,Food Express 5860,food,BR,2021-01-04 22:02:00
MERCH-5861,Electronics Plus 5861,electronics,BR,2021-10-20 17:05:00
MERCH-5862,Travel Global 5862,travel,BR,2018-10-25 07:46:00
MERCH-5863,Entertainment Max 5863,entertainment,BR,2022-02-27 03:12:00
MERCH-5864,Health Express 5864,health,UK,2023-05-07 16:38:00
MERCH-5865,Services Plus 5865,services,US,2021-02-19 17:05:00
MERCH-5866,Retail Global 5866,retail,BR,2020-02-14 15:25:00
MERCH-5867,Food Nova 5867,food,UK,2018-10-31 18:06:00
MERCH-5868,Electronics Plus 5868,electronics,BR,2023-12-03 01:30:00
MERCH-5869,Travel Nova 5869,travel,US,2021-09-24 00:24:00
MERCH-5870,Entertainment Max 5870,entertainment,BR,2023-09-14 15:57:00
MERCH-5871,Health Express 5871,health,US,2020-06-02 13:46:00
MERCH-5872,Services Top 5872,services,BR,2022-02-12 02:05:00
MERCH-5873,Retail Prime 5873,retail,UK,2021-04-15 16:30:00
MERCH-5874,Food Express 5874,food,US,2018-07-13 18:51:00
MERCH-5875,Electronics Max 5875,electronics,US,2018-07-30 03:40:00
MERCH-5876,Travel Prime 5876,travel,BR,2019-12-23 00:04:00
MERCH-5877,Entertainment Express 5877,entertainment,UK,2023-01-07 01:05:00
MERCH-5878,Health Nova 5878,health,BR,2020-08-12 12:10:00
MERCH-5879,Services Plus 5879,services,FR,2018-03-26 22:47:00
MERCH-5880,Retail Max 5880,retail,FR,2018-01-21 16:41:00
MERCH-5881,Food Central 5881,food,US,2020-10-29 09:38:00
MERCH-5882,Electronics Nova 5882,electronics,BR,2023-06-13 05:41:00
MERCH-5883,Travel Central 5883,travel,US,2021-11-12 18:42:00
MERCH-5884,Entertainment Top 5884,entertainment,UK,2020-06-28 22:34:00
MERCH-5885,Health Plus 5885,health,BR,2022-02-16 18:51:00
MERCH-5886,Services Prime 5886,services,UK,2019-10-20 19:42:00
MERCH-5887,Retail Global 5887,retail,BR,2018-12-13 10:44:00
MERCH-5888,Food Plus 5888,food,BR,2021-06-23 02:10:00
MERCH-5889,Electronics Plus 5889,electronics,BR,2022-04-10 13:22:00
MERCH-5890,Travel Global 5890,travel,UK,2020-10-16 21:05:00
MERCH-5891,Entertainment Nova 5891,entertainment,BR,2022-04-24 18:45:00
MERCH-5892,Health Express 5892,health,BR,2020-01-17 00:11:00
MERCH-5893,Services Express 5893,services,UK,2020-04-15 18:23:00
MERCH-5894,Retail Prime 5894,retail,BR,2021-01-31 22:23:00
MERCH-5895,Food Global 5895,food,BR,2020-11-27 22:37:00
MERCH-5896,Electronics Nova 5896,electronics,US,2018-11-11 05:37:00
MERCH-5897,Travel Top 5897,travel,BR,2023-08-02 09:14:00
MERCH-5898,Entertainment Nova 5898,entertainment,BR,2021-04-01 14:12:00
MERCH-5899,Health Nova 5899,health,BR,2018-10-15 12:04:00
MERCH-5900,Services Prime 5900,services,FR,2018-04-05 23:06:00
MERCH-5901,Retail Prime 5901,retail,FR,2020-05-03 03:16:00
MERCH-5902,Food Plus 5902,food,UK,2019-10-10 18:00:00
MERCH-5903,Electronics Prime 5903,electronics,BR,2023-01-08 03:08:00
MERCH-5904,Travel Global 5904,travel,UK,2020-07-01 19:01:00
MERCH-5905,Entertainment Nova 5905,entertainment,UK,2020-03-31 14:24:00
MERCH-5906,Health Central 5906,health,BR,2023-05-18 18:02:00
MERCH-5907,Services Express 5907,services,US,2021-08-29 00:26:00
MERCH-5908,Retail Prime 5908,retail,US,2019-01-30 13:31:00
MERCH-5909,Food Plus 5909,food,BR,2023-07-25 01:19:00
MERCH-5910,Electronics Max 5910,electronics,FR,2021-01-26 21:45:00
MERCH-5911,Travel Max 5911,travel,UK,2019-07-21 22:00:00
MERCH-5912,Entertainment Central 5912,entertainment,BR,2022-09-17 08:58:00
MERCH-5913,Health Plus 5913,health,BR,2020-03-31 18:08:00
MERCH-5914,Services Plus 5914,services,BR,2022-07-19 00:25:00
MERCH-5915,Retail Central 5915,retail,BR,2022-03-13 13:18:00
MERCH-5916,Food Global 5916,food,UK,2018-03-25 20:58:00
MERCH-5917,Electronics Express 5917,electronics,UK,2019-05-01 04:23:00
MERCH-5918,Travel Central 5918,travel,BR,2021-03-17 22:43:00
MERCH-5919,Entertainment Prime 5919,entertainment,UK,2022-10-29 06:05:00
MERCH-5920,Health Top 5920,health,UK,2020-08-06 22:34:00
MERCH-5921,Services Nova 5921,services,BR,2018-04-06 22:25:00
MERCH-5922,Retail Global 5922,retail,US,2021-09-15 04:44:00
MERCH-5923,Food Nova 5923,food,BR,2020-07-26 18:05:00
MERCH-5924,Electronics Top 5924,electronics,BR,2023-02-08 00:07:00
MERCH-5925,Travel Plus 5925,travel,UK,2019-01-13 04:23:00
MERCH-5926,Entertainment Central 5926,entertainment,BR,2019-05-07 02:00:00
MERCH-5927,Health Top 5927,health,US,2020-07-21 18:52:00
MERCH-5928,Services Express 5928,services,BR,2021-04-21 00:30:00
MERCH-5929,Retail Central 5929,retail,BR,2022-06-03 21:01:00
MERCH-5930,Food Max 5930,food,UK,2022-08-16 05:58:00
MERCH-5931,Electronics Central 5931,electronics,BR,2023-05-03 23:23:00
MERCH-5932,Travel Central 5932,travel,FR,2018-01-21 04:13:00
MERCH-5933,Entertainment Global 5933,entertainment,BR,2018-01-01 03:33:00
MERCH-5934,Health Max 5934,health,US,2019-07-23 07:40:00
MERCH-5935,Services Express 5935,services,US,2022-05-10 18:58:00
MERCH-5936,Retail Plus 5936,retail,BR,2023-01-08 22:14:00
MERCH-5937,Food Express 5937,food,BR,2018-05-29 21:16:00
MERCH-5938,Electronics Central 5938,electronics,BR,2021-08-16 06:06:00
MERCH-5939,Travel Central 5939,travel,BR,2022-04-29 20:02:00
MERCH-5940,Entertainment Top 5940,entertainment,FR,2022-07-22 11:00:00
MERCH-5941,Health Express 5941,health,BR,2019-04-30 09:24:00
MERCH-5942,Services Plus 5942,services,FR,2021-01-07 08:23:00
MERCH-5943,Retail Top 5943,retail,BR,2019-05-03 09:33:00
MERCH-5944,Food Max 5944,food,BR,2020-02-23 20:25:00
MERCH-5945,Electronics Max 5945,electronics,BR,2023-07-23 15:15:00
MERCH-5946,Travel Central 5946,travel,BR,2021-07-21 03:34:00
MERCH-5947,Entertainment Express 5947,entertainment,FR,2021-08-16 08:52:00
MERCH-5948,Health Express 5948,health,FR,2022-12-10 20:42:00
MERCH-5949,Services Express 5949,services,UK,2023-07-16 23:31:00
MERCH-5950,Retail Nova 5950,retail,FR,2019-03-27 13:11:00
MERCH-5951,Food Top 5951,food,BR,2019-09-24 01:38:00
MERCH-5952,Electronics Global 5952,electronics,UK,2020-06-11 07:30:00
MERCH-5953,Travel Express 5953,travel,US,2023-08-12 01:25:00
MERCH-5954,Entertainment Global 5954,entertainment,UK,2022-06-18 12:05:00
MERCH-5955,Health Plus 5955,health,FR,2023-02-22 07:21:00
MERCH-5956,Services Nova 5956,services,BR,2022-11-29 13:08:00
MERCH-5957,Retail Max 5957,retail,BR,2022-11-09 20:40:00
MERCH-5958,Food Central 5958,food,BR,2022-11-10 22:24:00
MERCH-5959,Electronics Global 5959,electronics,BR,2019-11-30 08:22:00
MERCH-5960,Travel Max 5960,travel,UK,2022-03-08 15:21:00
MERCH-5961,Entertainment Max 5961,entertainment,BR,2021-08-19 20:30:00
MERCH-5962,Health Global 5962,health,US,2020-02-04 17:11:00
MERCH-5963,Services Global 5963,services,UK,2023-03-02 09:16:00
MERCH-5964,Retail Prime 5964,retail,BR,2021-06-20 02:01:00
MERCH-5965,Food Central 5965,food,BR,2020-10-16 20:53:00
MERCH-5966,Electronics Plus 5966,electronics,BR,2020-12-01 02:46:00
MERCH-5967,Travel Central 5967,travel,FR,2023-07-27 15:45:00
MERCH-5968,Entertainment Express 5968,entertainment,US,2022-09-06 19:36:00
MERCH-5969,Health Prime 5969,health,FR,2020-03-02 21:21:00
MERCH-5970,Services Central 5970,services,UK,2023-05-25 11:41:00
MERCH-5971,Retail Nova 5971,retail,US,2018-07-07 19:46:00
MERCH-5972,Food Plus 5972,food,BR,2022-07-08 11:22:00
MERCH-5973,Electronics Express 5973,electronics,BR,2023-03-15 07:53:00
MERCH-5974,Travel Express 5974,travel,UK,2021-09-14 02:02:00
MERCH-5975,Entertainment Prime 5975,entertainment,BR,2020-03-11 12:36:00
MERCH-5976,Health Nova 5976,health,BR,2022-04-26 23:18:00
MERCH-5977,Services Prime 5977,services,UK,2022-06-27 04:18:00
MERCH-5978,Retail Prime 5978,retail,FR,2021-10-10 07:29:00
MERCH-5979,Food Express 5979,food,BR,2022-02-04 03:53:00
MERCH-5980,Electronics Max 5980,electronics,BR,2022-02-12 04:57:00
MERCH-5981,Travel Plus 5981,travel,UK,2020-02-27 17:48:00
MERCH-5982,Entertainment Nova 5982,entertainment,BR,2018-05-06 00:47:00
MERCH-5983,Health Express 5983,health,BR,2021-05-10 22:13:00
MERCH-5984,Services Top 5984,services,FR,2020-10-06 12:43:00
MERCH-5985,Retail Central 5985,retail,FR,2021-12-07 16:38:00
MERCH-5986,Food Express 5986,food,BR,2018-03-04 08:25:00
MERCH-5987,Electronics Central 5987,electronics,US,2020-11-01 10:44:00
MERCH-5988,Travel Central 5988,travel,UK,2018-08-22 23:43:00
MERCH-5989,Entertainment Plus 5989,entertainment,BR,2020-04-10 18:38:00
MERCH-5990,Health Max 5990,health,BR,2021-07-24 03:04:00
MERCH-5991,Services Express 5991,services,UK,2023-03-31 09:16:00
MERCH-5992,Retail Express 5992,retail,BR,2020-08-19 16:57:00
MERCH-5993,Food Max 5993,food,US,2023-01-28 09:28:00
MERCH-5994,Electronics Central 5994,electronics,FR,2023-08-08 07:31:00
MERCH-5995,Travel Nova 5995,travel,UK,2021-05-21 00:02:00
MERCH-5996,Entertainment Central 5996,entertainment,BR,2018-01-05 04:23:00
MERCH-5997,Health Max 5997,health,FR,2023-07-17 01:23:00
MERCH-5998,Services Prime 5998,services,BR,2019-01-07 23:50:00
MERCH-5999,Retail Top 5999,retail,BR,2019-03-20 17:42:00
MERCH-6000,Food Express 6000,food,UK,2020-05-04 13:57:00
MERCH-6001,Electronics Nova 6001,electronics,FR,2021-11-09 06:50:00
MERCH-6002,Travel Central 6002,travel,BR,2018-01-14 14:22:00
MERCH-6003,Entertainment Max 6003,entertainment,UK,2018-12-05 03:13:00
MERCH-6004,Health Central 6004,health,FR,2021-02-19 02:55:00
MERCH-6005,Services Plus 6005,services,BR,2019-02-09 19:26:00
MERCH-6006,Retail Nova 6006,retail,BR,2021-05-22 19:32:00
MERCH-6007,Food Max 6007,food,FR,2021-10-09 19:45:00
MERCH-6008,Electronics Plus 6008,electronics,BR,2019-04-10 02:22:00
MERCH-6009,Travel Plus 6009,travel,BR,2021-11-11 21:51:00
MERCH-6010,Entertainment Plus 6010,entertainment,BR,2021-01-30 07:02:00
MERCH-6011,Health Central 6011,health,UK,2023-06-22 16:39:00
MERCH-6012,Services Global 6012,services,US,2020-08-28 19:23:00
MERCH-6013,Retail Express 6013,retail,UK,2023-05-04 15:52:00
MERCH-6014,Food Central 6014,food,BR,2022-12-05 23:24:00
MERCH-6015,Electronics Central 6015,electronics,FR,2018-04-18 15:14:00
MERCH-6016,Travel Top 6016,travel,BR,2019-12-29 17:29:00
MERCH-6017,Entertainment Plus 6017,entertainment,FR,2020-06-14 08:26:00
MERCH-6018,Health Prime 6018,health,BR,2022-01-10 14:22:00
MERCH-6019,Services Nova 6019,services,BR,2019-01-28 02:14:00
MERCH-6020,Retail Express 6020,retail,BR,2019-04-02 23:19:00
MERCH-6021,Food Central 6021,food,UK,2020-07-09 12:12:00
MERCH-6022,Electronics Plus 6022,electronics,US,2020-09-29 16:25:00
MERCH-6023,Travel Global 6023,travel,US,2019-09-18 15:30:00
MERCH-6024,Entertainment Express 6024,entertainment,US,2021-12-30 23:55:00
MERCH-6025,Health Top 6025,health,US,2020-09-29 14:52:00
MERCH-6026,Services Max 6026,services,BR,2023-10-21 11:40:00
MERCH-6027,Retail Max 6027,retail,BR,2019-02-09 05:35:00
MERCH-6028,Food Top 6028,food,BR,2022-06-12 16:29:00
MERCH-6029,Electronics Top 6029,electronics,BR,2022-04-24 15:07:00
MERCH-6030,Travel Central 6030,travel,US,2023-10-12 21:26:00
MERCH-6031,Entertainment Top 6031,entertainment,UK,2020-02-18 18:44:00
MERCH-6032,Health Plus 6032,health,BR,2022-03-10 14:10:00
MERCH-6033,Services Top 6033,services,UK,2020-06-21 14:10:00
MERCH-6034,Retail Plus 6034,retail,BR,2018-11-21 23:04:00
MERCH-6035,Food Central 6035,food,BR,2018-05-30 08:09:00
MERCH-6036,Electronics Express 6036,electronics,BR,2020-09-27 05:42:00
MERCH-6037,Travel Nova 6037,travel,FR,2021-03-26 06:11:00
MERCH-6038,Entertainment Nova 6038,entertainment,BR,2020-09-18 23:42:00
MERCH-6039,Health Global 6039,health,US,2020-04-12 04:52:00
MERCH-6040,Services Max 6040,services,UK,2019-02-01 19:16:00
MERCH-6041,Retail Nova 6041,retail,FR,2023-01-25 20:06:00
MERCH-6042,Food Nova 6042,food,US,2020-04-18 08:37:00
MERCH-6043,Electronics Central 6043,electronics,BR,2020-04-14 21:54:00
MERCH-6044,Travel Nova 6044,travel,BR,2020-12-19 04:07:00
MERCH-6045,Entertainment Max 6045,entertainment,FR,2023-04-25 21:49:00
MERCH-6046,Health Top 6046,health,BR,2019-09-10 12:26:00
MERCH-6047,Services Plus 6047,services,US,2018-04-28 14:12:00
MERCH-6048,Retail Max 6048,retail,BR,2023-03-05 15:36:00
MERCH-6049,Food Prime 6049,food,BR,2022-03-03 02:39:00
MERCH-6050,Electronics Top 6050,electronics,BR,2023-03-04 09:42:00
MERCH-6051,Travel Global 6051,travel,FR,2022-04-07 18:25:00
MERCH-6052,Entertainment Plus 6052,entertainment,FR,2020-11-26 03:28:00
MERCH-6053,Health Max 6053,health,UK,2020-08-06 15:32:00
MERCH-6054,Services Nova 6054,services,BR,2019-04-22 07:43:00
MERCH-6055,Retail Prime 6055,retail,BR,2023-04-22 10:51:00
MERCH-6056,Food Global 6056,food,BR,2023-03-02 12:35:00
MERCH-6057,Electronics Nova 6057,electronics,UK,2018-08-11 23:43:00
MERCH-6058,Travel Plus 6058,travel,FR,2021-09-07 17:24:00
MERCH-6059,Entertainment Prime 6059,entertainment,UK,2018-08-24 20:56:00
MERCH-6060,Health Central 6060,health,FR,2018-11-11 09:52:00
MERCH-6061,Services Top 6061,services,FR,2021-07-09 22:08:00
MERCH-6062,Retail Plus 6062,retail,BR,2020-05-07 19:53:00
MERCH-6063,Food Top 6063,food,BR,2018-05-31 07:14:00
MERCH-6064,Electronics Central 6064,electronics,UK,2022-09-24 14:36:00
MERCH-6065,Travel Max 6065,travel,BR,2022-10-25 03:43:00
MERCH-6066,Entertainment Plus 6066,entertainment,BR,2018-10-17 09:52:00
MERCH-6067,Health Global 6067,health,US,2023-06-17 14:38:00
MERCH-6068,Services Nova 6068,services,BR,2021-10-01 22:22:00
MERCH-6069,Retail Global 6069,retail,BR,2023-01-27 02:13:00
MERCH-6070,Food Plus 6070,food,FR,2021-02-11 05:25:00
MERCH-6071,Electronics Global 6071,electronics,UK,2023-09-15 13:08:00
MERCH-6072,Travel Top 6072,travel,US,2018-08-26 08:57:00
MERCH-6073,Entertainment Prime 6073,entertainment,UK,2023-08-03 16:15:00
MERCH-6074,Health Plus 6074,health,US,2021-08-31 02:48:00
MERCH-6075,Services Nova 6075,services,BR,2023-10-20 01:11:00
MERCH-6076,Retail Central 6076,retail,BR,2022-04-21 21:26:00
MERCH-6077,Food Global 6077,food,UK,2018-08-25 18:53:00
MERCH-6078,Electronics Top 6078,electronics,BR,2023-01-23 01:19:00
MERCH-6079,Travel Express 6079,travel,BR,2023-10-15 13:29:00
MERCH-6080,Entertainment Plus 6080,entertainment,FR,2022-07-02 21:22:00
MERCH-6081,Health Central 6081,health,BR,2023-02-08 16:46:00
MERCH-6082,Services Max 6082,services,FR,2019-07-19 05:42:00
MERCH-6083,Retail Prime 6083,retail,US,2019-01-26 18:47:00
MERCH-6084,Food Central 6084,food,BR,2020-12-15 04:28:00
MERCH-6085,Electronics Plus 6085,electronics,BR,2020-05-21 11:01:00
MERCH-6086,Travel Express 6086,travel,UK,2023-01-04 19:34:00
MERCH-6087,Entertainment Nova 6087,entertainment,UK,2020-09-05 16:50:00
MERCH-6088,Health Max 6088,health,US,2022-04-16 07:36:00
MERCH-6089,Services Top 6089,services,BR,2022-07-28 15:22:00
MERCH-6090,Retail Max 6090,retail,BR,2022-07-05 11:53:00
MERCH-6091,Food Express 6091,food,UK,2021-04-25 23:46:00
MERCH-6092,Electronics Prime 6092,electronics,BR,2019-10-24 14:50:00
MERCH-6093,Travel Plus 6093,travel,BR,2022-02-19 00:49:00
MERCH-6094,Entertainment Plus 6094,entertainment,BR,2019-09-03 19:24:00
MERCH-6095,Health Global 6095,health,UK,2020-10-12 05:39:00
MERCH-6096,Services Nova 6096,services,BR,2018-11-14 19:33:00
MERCH-6097,Retail Global 6097,retail,BR,2023-12-06 19:15:00
MERCH-6098,Food Max 6098,food,FR,2022-08-26 02:43:00
MERCH-6099,Electronics Express 6099,electronics,BR,2019-08-11 20:17:00
MERCH-6100,Travel Max 6100,travel,UK,2023-07-12 14:45:00
MERCH-6101,Entertainment Central 6101,entertainment,BR,2023-12-23 00:58:00
MERCH-6102,Health Nova 6102,health,BR,2020-10-09 06:01:00
MERCH-6103,Services Plus 6103,services,BR,2018-08-14 21:53:00
MERCH-6104,Retail Top 6104,retail,FR,2019-06-06 18:44:00
MERCH-6105,Food Plus 6105,food,BR,2020-02-26 09:44:00
MERCH-6106,Electronics Max 6106,electronics,BR,2018-10-27 02:08:00
MERCH-6107,Travel Express 6107,travel,US,2022-02-07 01:51:00
MERCH-6108,Entertainment Global 6108,entertainment,US,2019-01-25 17:08:00
MERCH-6109,Health Central 6109,health,BR,2019-03-25 03:29:00
MERCH-6110,Services Prime 6110,services,BR,2021-09-15 10:55:00
MERCH-6111,Retail Central 6111,retail,UK,2019-01-13 19:28:00
MERCH-6112,Food Prime 6112,food,US,2018-05-10 12:47:00
MERCH-6113,Electronics Central 6113,electronics,US,2023-01-13 20:36:00
MERCH-6114,Travel Top 6114,travel,BR,2019-11-08 23:03:00
MERCH-6115,Entertainment Nova 6115,entertainment,BR,2019-08-29 08:59:00
MERCH-6116,Health Nova 6116,health,US,2023-06-03 20:06:00
MERCH-6117,Services Central 6117,services,FR,2019-06-13 12:49:00
MERCH-6118,Retail Top 6118,retail,BR,2019-08-30 00:26:00
MERCH-6119,Food Max 6119,food,BR,2021-03-05 11:45:00
MERCH-6120,Electronics Prime 6120,electronics,US,2023-09-01 01:04:00
MERCH-6121,Travel Express 6121,travel,UK,2022-09-22 13:02:00
MERCH-6122,Entertainment Plus 6122,entertainment,BR,2018-04-20 21:28:00
MERCH-6123,Health Max 6123,health,BR,2019-03-16 02:01:00
MERCH-6124,Services Max 6124,services,FR,2023-10-02 08:05:00
MERCH-6125,Retail Prime 6125,retail,FR,2020-02-23 11:20:00
MERCH-6126,Food Global 6126,food,BR,2020-10-19 08:57:00
MERCH-6127,Electronics Plus 6127,electronics,FR,2019-01-16 17:02:00
MERCH-6128,Travel Global 6128,travel,US,2023-05-02 07:00:00
MERCH-6129,Entertainment Max 6129,entertainment,BR,2018-05-07 20:50:00
MERCH-6130,Health Nova 6130,health,BR,2022-04-11 04:00:00
MERCH-6131,Services Express 6131,services,BR,2021-02-05 11:19:00
MERCH-6132,Retail Express 6132,retail,BR,2023-10-06 04:59:00
MERCH-6133,Food Max 6133,food,FR,2020-04-16 20:03:00
MERCH-6134,Electronics Plus 6134,electronics,BR,2019-03-24 20:57:00
MERCH-6135,Travel Nova 6135,travel,BR,2018-04-14 11:49:00
MERCH-6136,Entertainment Max 6136,entertainment,BR,2019-11-22 18:27:00
MERCH-6137,Health Top 6137,health,BR,2018-08-12 20:50:00
MERCH-6138,Services Global 6138,services,BR,2022-11-20 22:21:00
MERCH-6139,Retail Central 6139,retail,BR,2020-02-15 18:39:00
MERCH-6140,Food Express 6140,food,BR,2021-10-10 12:01:00
MERCH-6141,Electronics Express 6141,electronics,BR,2019-07-26 19:50:00
MERCH-6142,Travel Central 6142,travel,US,2022-01-15 12:35:00
MERCH-6143,Entertainment Central 6143,entertainment,US,2020-12-25 11:48:00
MERCH-6144,Health Global 6144,health,BR,2019-09-30 16:36:00
MERCH-6145,Services Max 6145,services,US,2020-11-07 21:44:00
MERCH-6146,Retail Global 6146,retail,BR,2022-01-22 21:59:00
MERCH-6147,Food Prime 6147,food,BR,2022-03-12 13:11:00
MERCH-6148,Electronics Nova 6148,electronics,UK,2019-09-04 08:46:00
MERCH-6149,Travel Plus 6149,travel,UK,2020-05-15 07:57:00
MERCH-6150,Entertainment Top 6150,entertainment,UK,2022-08-16 22:21:00
MERCH-6151,Health Central 6151,health,BR,2018-05-08 13:31:00
MERCH-6152,Services Max 6152,services,FR,2021-11-23 08:49:00
MERCH-6153,Retail Global 6153,retail,UK,2019-08-13 15:29:00
MERCH-6154,Food Central 6154,food,UK,2021-09-04 07:42:00
MERCH-6155,Electronics Express 6155,electronics,FR,2021-03-28 17:22:00
MERCH-6156,Travel Top 6156,travel,UK,2018-01-03 19:44:00
MERCH-6157,Entertainment Nova 6157,entertainment,BR,2018-01-30 05:54:00
MERCH-6158,Health Nova 6158,health,BR,2021-08-21 01:18:00
MERCH-6159,Services Central 6159,services,US,2018-10-26 19:33:00
MERCH-6160,Retail Max 6160,retail,BR,2018-02-15 04:52:00
MERCH-6161,Food Top 6161,food,US,2023-06-02 22:02:00
MERCH-6162,Electronics Max 6162,electronics,UK,2020-07-30 12:12:00
MERCH-6163,Travel Central 6163,travel,US,2023-02-24 05:31:00
MERCH-6164,Entertainment Max 6164,entertainment,US,2022-04-08 00:44:00
MERCH-6165,Health Plus 6165,health,FR,2023-12-21 19:46:00
MERCH-6166,Services Express 6166,services,BR,2019-04-23 02:47:00
MERCH-6167,Retail Express 6167,retail,BR,2020-04-23 03:38:00
MERCH-6168,Food Central 6168,food,BR,2020-01-05 04:05:00
MERCH-6169,Electronics Central 6169,electronics,US,2018-06-28 10:16:00
MERCH-6170,Travel Global 6170,travel,BR,2023-07-04 08:30:00
MERCH-6171,Entertainment Prime 6171,entertainment,US,2018-04-19 06:57:00
MERCH-6172,Health Plus 6172,health,FR,2018-10-21 09:32:00
MERCH-6173,Services Global 6173,services,BR,2021-01-17 01:51:00
MERCH-6174,Retail Max 6174,retail,BR,2022-09-20 13:17:00
MERCH-6175,Food Prime 6175,food,FR,2020-05-27 08:56:00
MERCH-6176,Electronics Express 6176,electronics,BR,2018-05-24 22:08:00
MERCH-6177,Travel Top 6177,travel,BR,2018-11-13 22:25:00
MERCH-6178,Entertainment Express 6178,entertainment,BR,2019-09-23 00:19:00
MERCH-6179,Health Top 6179,health,BR,2023-06-02 16:19:00
MERCH-6180,Services Nova 6180,services,FR,2018-01-06 18:19:00
MERCH-6181,Retail Express 6181,retail,BR,2023-01-27 12:42:00
MERCH-6182,Food Max 6182,food,BR,2020-05-17 19:58:00
MERCH-6183,Electronics Express 6183,electronics,FR,2020-01-31 22:32:00
MERCH-6184,Travel Express 6184,travel,BR,2019-05-13 12:26:00
MERCH-6185,Entertainment Global 6185,entertainment,BR,2018-03-07 03:01:00
MERCH-6186,Health Global 6186,health,BR,2023-07-07 16:37:00
MERCH-6187,Services Central 6187,services,BR,2018-02-13 21:52:00
MERCH-6188,Retail Prime 6188,retail,BR,2019-07-10 09:35:00
MERCH-6189,Food Plus 6189,food,UK,2022-03-14 07:52:00
MERCH-6190,Electronics Express 6190,electronics,FR,2022-05-06 04:25:00
MERCH-6191,Travel Express 6191,travel,FR,2020-02-11 03:52:00
MERCH-6192,Entertainment Global 6192,entertainment,BR,2020-08-27 16:09:00
MERCH-6193,Health Plus 6193,health,BR,2022-07-11 00:22:00
MERCH-6194,Services Global 6194,services,BR,2020-09-04 15:40:00
MERCH-6195,Retail Express 6195,retail,BR,2022-10-26 18:16:00
MERCH-6196,Food Top 6196,food,FR,2018-12-06 13:07:00
MERCH-6197,Electronics Plus 6197,electronics,BR,2021-04-11 16:06:00
MERCH-6198,Travel Nova 6198,travel,FR,2023-11-16 06:05:00
MERCH-6199,Entertainment Nova 6199,entertainment,FR,2021-04-03 02:11:00
MERCH-6200,Health Plus 6200,health,BR,2020-12-30 17:52:00
MERCH-6201,Services Central 6201,services,UK,2022-04-15 03:53:00
MERCH-6202,Retail Plus 6202,retail,UK,2021-08-28 02:31:00
MERCH-6203,Food Max 6203,food,US,2019-09-20 18:42:00
MERCH-6204,Electronics Prime 6204,electronics,BR,2020-03-12 04:51:00
MERCH-6205,Travel Global 6205,travel,FR,2018-01-01 18:39:00
MERCH-6206,Entertainment Plus 6206,entertainment,UK,2018-04-26 18:15:00
MERCH-6207,Health Central 6207,health,BR,2021-02-16 02:33:00
MERCH-6208,Services Global 6208,services,BR,2021-01-02 06:28:00
MERCH-6209,Retail Express 6209,retail,BR,2021-11-14 02:45:00
MERCH-6210,Food Prime 6210,food,BR,2023-10-02 23:59:00
MERCH-6211,Electronics Top 6211,electronics,FR,2021-09-30 15:12:00
MERCH-6212,Travel Express 6212,travel,BR,2021-05-12 09:46:00
MERCH-6213,Entertainment Plus 6213,entertainment,BR,2023-12-13 13:16:00
MERCH-6214,Health Top 6214,health,UK,2019-06-29 17:34:00
MERCH-6215,Services Express 6215,services,BR,2020-04-28 23:51:00
MERCH-6216,Retail Plus 6216,retail,US,2023-08-24 07:21:00
MERCH-6217,Food Plus 6217,food,UK,2019-07-24 09:12:00
MERCH-6218,Electronics Express 6218,electronics,BR,2023-07-07 07:01:00
MERCH-6219,Travel Global 6219,travel,BR,2022-01-03 11:49:00
MERCH-6220,Entertainment Prime 6220,entertainment,US,2020-03-24 16:54:00
MERCH-6221,Health Express 6221,health,BR,2022-09-27 04:09:00
MERCH-6222,Services Express 6222,services,BR,2019-06-26 23:27:00
MERCH-6223,Retail Global 6223,retail,UK,2019-07-28 04:51:00
MERCH-6224,Food Prime 6224,food,UK,2019-07-28 08:42:00
MERCH-6225,Electronics Max 6225,electronics,FR,2019-05-30 09:21:00
MERCH-6226,Travel Express 6226,travel,BR,2019-09-26 10:17:00
MERCH-6227,Entertainment Central 6227,entertainment,BR,2021-01-25 18:12:00
MERCH-6228,Health Plus 6228,health,BR,2023-06-09 09:37:00
MERCH-6229,Services Nova 6229,services,FR,2018-05-04 09:39:00
MERCH-6230,Retail Prime 6230,retail,BR,2020-03-20 10:38:00
MERCH-6231,Food Prime 6231,food,BR,2019-05-16 07:35:00
MERCH-6232,Electronics Max 6232,electronics,BR,2019-04-13 04:56:00
MERCH-6233,Travel Express 6233,travel,BR,2020-01-03 22:54:00
MERCH-6234,Entertainment Top 6234,entertainment,FR,2021-07-13 16:13:00
MERCH-6235,Health Central 6235,health,FR,2022-03-02 14:33:00
MERCH-6236,Services Global 6236,services,FR,2022-08-03 15:07:00
MERCH-6237,Retail Global 6237,retail,FR,2023-07-25 03:32:00
MERCH-6238,Food Max 6238,food,BR,2018-04-11 19:06:00
MERCH-6239,Electronics Top 6239,electronics,FR,2019-04-01 03:56:00
MERCH-6240,Travel Global 6240,travel,FR,2019-07-27 16:26:00
MERCH-6241,Entertainment Plus 6241,entertainment,BR,2020-03-21 17:00:00
MERCH-6242,Health Max 6242,health,BR,2019-07-28 01:52:00
MERCH-6243,Services Global 6243,services,FR,2019-08-27 13:55:00
MERCH-6244,Retail Plus 6244,retail,FR,2022-01-21 00:14:00
MERCH-6245,Food Max 6245,food,BR,2022-12-23 22:26:00
MERCH-6246,Electronics Central 6246,electronics,BR,2020-09-18 07:52:00
MERCH-6247,Travel Central 6247,travel,FR,2022-08-15 08:24:00
MERCH-6248,Entertainment Nova 6248,entertainment,UK,2020-09-18 03:08:00
MERCH-6249,Health Plus 6249,health,UK,2020-11-18 16:17:00
MERCH-6250,Services Max 6250,services,UK,2018-06-22 10:05:00
MERCH-6251,Retail Express 6251,retail,US,2020-10-02 22:40:00
MERCH-6252,Food Express 6252,food,BR,2019-10-18 08:17:00
MERCH-6253,Electronics Global 6253,electronics,BR,2018-02-10 19:17:00
MERCH-6254,Travel Plus 6254,travel,UK,2018-01-14 01:04:00
MERCH-6255,Entertainment Top 6255,entertainment,UK,2018-07-24 00:03:00
MERCH-6256,Health Top 6256,health,BR,2022-10-23 09:03:00
MERCH-6257,Services Nova 6257,services,FR,2021-02-21 01:42:00
MERCH-6258,Retail Plus 6258,retail,US,2020-04-10 11:56:00
MERCH-6259,Food Max 6259,food,FR,2019-05-05 21:10:00
MERCH-6260,Electronics Prime 6260,electronics,UK,2020-02-23 03:52:00
MERCH-6261,Travel Global 6261,travel,BR,2023-11-26 06:00:00
MERCH-6262,Entertainment Top 6262,entertainment,BR,2020-11-23 11:34:00
MERCH-6263,Health Top 6263,health,BR,2022-07-23 06:05:00
MERCH-6264,Services Express 6264,services,FR,2021-08-27 05:43:00
MERCH-6265,Retail Central 6265,retail,BR,2023-12-14 16:44:00
MERCH-6266,Food Max 6266,food,FR,2019-01-15 04:46:00
MERCH-6267,Electronics Max 6267,electronics,FR,2023-01-24 23:30:00
MERCH-6268,Travel Nova 6268,travel,BR,2022-12-29 01:36:00
MERCH-6269,Entertainment Prime 6269,entertainment,FR,2023-12-13 20:51:00
MERCH-6270,Health Central 6270,health,BR,2023-12-26 19:09:00
MERCH-6271,Services Max 6271,services,US,2023-11-23 02:21:00
MERCH-6272,Retail Express 6272,retail,BR,2023-03-19 00:02:00
MERCH-6273,Food Prime 6273,food,US,2019-02-21 00:52:00
MERCH-6274,Electronics Top 6274,electronics,US,2021-07-22 04:31:00
MERCH-6275,Travel Central 6275,travel,UK,2023-03-01 13:57:00
MERCH-6276,Entertainment Nova 6276,entertainment,FR,2018-05-24 18:06:00
MERCH-6277,Health Max 6277,health,US,2022-07-14 15:43:00
MERCH-6278,Services Nova 6278,services,BR,2021-11-10 09:09:00
MERCH-6279,Retail Global 6279,retail,US,2019-08-07 15:30:00
MERCH-6280,Food Nova 6280,food,BR,2019-05-12 16:35:00
MERCH-6281,Electronics Max 6281,electronics,FR,2019-08-02 11:29:00
MERCH-6282,Travel Express 6282,travel,US,2018-03-10 08:07:00
MERCH-6283,Entertainment Max 6283,entertainment,FR,2020-02-28 08:06:00
MERCH-6284,Health Global 6284,health,US,2019-02-13 10:57:00
MERCH-6285,Services Prime 6285,services,BR,2020-05-09 01:13:00
MERCH-6286,Retail Nova 6286,retail,FR,2018-06-20 20:27:00
MERCH-6287,Food Global 6287,food,BR,2021-10-25 14:28:00
MERCH-6288,Electronics Max 6288,electronics,FR,2019-03-12 00:49:00
MERCH-6289,Travel Nova 6289,travel,BR,2019-07-08 14:27:00
MERCH-6290,Entertainment Central 6290,entertainment,BR,2022-11-08 22:58:00
MERCH-6291,Health Max 6291,health,US,2023-05-23 11:23:00
MERCH-6292,Services Global 6292,services,BR,2023-03-10 20:25:00
MERCH-6293,Retail Max 6293,retail,FR,2019-12-03 07:03:00
MERCH-6294,Food Prime 6294,food,BR,2023-12-18 01:51:00
MERCH-6295,Electronics Express 6295,electronics,BR,2020-11-24 15:03:00
MERCH-6296,Travel Top 6296,travel,UK,2020-03-13 20:18:00
MERCH-6297,Entertainment Plus 6297,entertainment,US,2020-03-31 14:01:00
MERCH-6298,Health Plus 6298,health,US,2018-06-29 19:49:00
MERCH-6299,Services Plus 6299,services,FR,2023-03-10 19:02:00
MERCH-6300,Retail Top 6300,retail,BR,2020-04-26 01:26:00
MERCH-6301,Food Express 6301,food,US,2022-01-14 14:20:00
MERCH-6302,Electronics Global 6302,electronics,US,2018-04-18 19:27:00
MERCH-6303,Travel Central 6303,travel,UK,2021-09-02 10:30:00
MERCH-6304,Entertainment Prime 6304,entertainment,BR,2023-11-10 12:08:00
MERCH-6305,Health Prime 6305,health,BR,2023-11-06 11:46:00
MERCH-6306,Services Prime 6306,services,BR,2019-01-29 19:39:00
MERCH-6307,Retail Nova 6307,retail,BR,2022-03-06 10:04:00
MERCH-6308,Food Max 6308,food,UK,2021-02-14 23:49:00
MERCH-6309,Electronics Nova 6309,electronics,BR,2019-01-11 06:52:00
MERCH-6310,Travel Prime 6310,travel,UK,2023-11-23 04:12:00
MERCH-6311,Entertainment Plus 6311,entertainment,FR,2020-06-14 08:08:00
MERCH-6312,Health Central 6312,health,BR,2018-03-16 07:52:00
MERCH-6313,Services Nova 6313,services,BR,2022-08-29 12:37:00
MERCH-6314,Retail Central 6314,retail,FR,2023-04-01 06:07:00
MERCH-6315,Food Central 6315,food,BR,2021-07-03 14:46:00
MERCH-6316,Electronics Global 6316,electronics,BR,2023-06-27 02:39:00
MERCH-6317,Travel Nova 6317,travel,BR,2022-07-19 06:58:00
MERCH-6318,Entertainment Central 6318,entertainment,UK,2020-04-04 23:09:00
MERCH-6319,Health Global 6319,health,FR,2018-02-17 09:47:00
MERCH-6320,Services Top 6320,services,BR,2020-04-22 05:58:00
MERCH-6321,Retail Nova 6321,retail,BR,2018-09-07 07:46:00
MERCH-6322,Food Prime 6322,food,US,2018-06-21 20:08:00
MERCH-6323,Electronics Central 6323,electronics,BR,2023-05-10 03:25:00
MERCH-6324,Travel Global 6324,travel,BR,2018-08-07 13:40:00
MERCH-6325,Entertainment Max 6325,entertainment,BR,2020-12-15 01:37:00
MERCH-6326,Health Global 6326,health,BR,2018-09-14 19:09:00
MERCH-6327,Services Plus 6327,services,BR,2022-05-20 22:13:00
MERCH-6328,Retail Central 6328,retail,US,2021-02-01 07:52:00
MERCH-6329,Food Central 6329,food,US,2021-06-08 08:48:00
MERCH-6330,Electronics Max 6330,electronics,BR,2023-03-01 22:17:00
MERCH-6331,Travel Nova 6331,travel,BR,2018-12-04 22:05:00
MERCH-6332,Entertainment Global 6332,entertainment,BR,2020-10-03 12:36:00
MERCH-6333,Health Max 6333,health,BR,2021-03-20 05:22:00
MERCH-6334,Services Max 6334,services,BR,2018-12-17 19:24:00
MERCH-6335,Retail Express 6335,retail,US,2021-08-26 12:27:00
MERCH-6336,Food Central 6336,food,BR,2023-06-20 01:54:00
MERCH-6337,Electronics Prime 6337,electronics,BR,2020-09-25 08:45:00
MERCH-6338,Travel Top 6338,travel,BR,2018-12-01 13:10:00
MERCH-6339,Entertainment Max 6339,entertainment,BR,2018-12-22 19:55:00
MERCH-6340,Health Prime 6340,health,US,2023-08-29 03:21:00
MERCH-6341,Services Express 6341,services,US,2023-10-13 10:43:00
MERCH-6342,Retail Prime 6342,retail,BR,2020-01-16 19:30:00
MERCH-6343,Food Max 6343,food,BR,2022-12-01 05:04:00
MERCH-6344,Electronics Nova 6344,electronics,BR,2018-11-22 19:44:00
MERCH-6345,Travel Top 6345,travel,FR,2018-11-02 22:43:00
MERCH-6346,Entertainment Top 6346,entertainment,BR,2020-08-06 10:14:00
MERCH-6347,Health Nova 6347,health,US,2023-07-25 15:37:00
MERCH-6348,Services Express 6348,services,BR,2020-07-14 01:38:00
MERCH-6349,Retail Global 6349,retail,FR,2018-12-20 20:30:00
MERCH-6350,Food Central 6350,food,BR,2021-12-17 23:16:00
MERCH-6351,Electronics Plus 6351,electronics,BR,2018-08-05 15:39:00
MERCH-6352,Travel Express 6352,travel,US,2018-01-21 02:05:00
MERCH-6353,Entertainment Express 6353,entertainment,FR,2020-07-26 14:58:00
MERCH-6354,Health Central 6354,health,FR,2022-05-09 14:00:00
MERCH-6355,Services Nova 6355,services,FR,2020-07-23 15:11:00
MERCH-6356,Retail Express 6356,retail,BR,2020-05-25 16:20:00
MERCH-6357,Food Top 6357,food,BR,2023-09-26 20:27:00
MERCH-6358,Electronics Top 6358,electronics,UK,2023-05-18 21:43:00
MERCH-6359,Travel Express 6359,travel,BR,2020-07-14 01:55:00
MERCH-6360,Entertainment Global 6360,entertainment,BR,2021-04-01 22:58:00
MERCH-6361,Health Prime 6361,health,BR,2023-05-12 18:53:00
MERCH-6362,Services Global 6362,services,UK,2018-08-05 14:58:00
MERCH-6363,Retail Prime 6363,retail,BR,2023-08-16 23:39:00
MERCH-6364,Food Central 6364,food,UK,2018-03-16 23:22:00
MERCH-6365,Electronics Prime 6365,electronics,FR,2019-04-25 20:13:00
MERCH-6366,Travel Plus 6366,travel,BR,2023-08-23 03:19:00
MERCH-6367,Entertainment Express 6367,entertainment,FR,2023-04-12 12:46:00
MERCH-6368,Health Express 6368,health,UK,2022-02-12 23:20:00
MERCH-6369,Services Plus 6369,services,FR,2020-06-10 00:13:00
MERCH-6370,Retail Prime 6370,retail,FR,2020-09-04 00:19:00
MERCH-6371,Food Nova 6371,food,BR,2022-12-19 12:27:00
MERCH-6372,Electronics Max 6372,electronics,FR,2020-02-10 23:03:00
MERCH-6373,Travel Global 6373,travel,FR,2020-05-17 13:26:00
MERCH-6374,Entertainment Max 6374,entertainment,BR,2018-05-09 00:29:00
MERCH-6375,Health Top 6375,health,BR,2021-05-26 21:37:00
MERCH-6376,Services Express 6376,services,BR,2021-10-27 18:45:00
MERCH-6377,Retail Top 6377,retail,UK,2022-12-27 11:14:00
MERCH-6378,Food Top 6378,food,BR,2021-06-27 20:40:00
MERCH-6379,Electronics Prime 6379,electronics,BR,2018-08-30 18:52:00
MERCH-6380,Travel Max 6380,travel,BR,2018-07-24 02:15:00
MERCH-6381,Entertainment Express 6381,entertainment,US,2023-07-29 12:22:00
MERCH-6382,Health Express 6382,health,BR,2020-02-29 14:32:00
MERCH-6383,Services Central 6383,services,US,2023-11-14 13:04:00
MERCH-6384,Retail Plus 6384,retail,US,2021-10-03 03:32:00
MERCH-6385,Food Global 6385,food,US,2023-04-16 18:33:00
MERCH-6386,Electronics Plus 6386,electronics,UK,2021-08-29 06:28:00
MERCH-6387,Travel Prime 6387,travel,US,2018-02-03 16:58:00
MERCH-6388,Entertainment Central 6388,entertainment,FR,2022-01-27 11:09:00
MERCH-6389,Health Express 6389,health,BR,2020-01-03 09:12:00
MERCH-6390,Services Global 6390,services,BR,2023-01-18 21:39:00
MERCH-6391,Retail Prime 6391,retail,FR,2023-09-17 02:07:00
MERCH-6392,Food Global 6392,food,FR,2019-07-11 07:32:00
MERCH-6393,Electronics Prime 6393,electronics,US,2020-11-01 08:48:00
MERCH-6394,Travel Express 6394,travel,UK,2018-06-09 12:10:00
MERCH-6395,Entertainment Express 6395,entertainment,BR,2023-05-11 20:33:00
MERCH-6396,Health Top 6396,health,BR,2021-01-27 09:32:00
MERCH-6397,Services Top 6397,services,BR,2023-02-16 16:12:00
MERCH-6398,Retail Central 6398,retail,US,2018-08-28 20:21:00
MERCH-6399,Food Express 6399,food,BR,2022-09-14 10:09:00
MERCH-6400,Electronics Prime 6400,electronics,BR,2023-06-02 08:09:00
MERCH-6401,Travel Top 6401,travel,US,2023-02-20 23:38:00
MERCH-6402,Entertainment Central 6402,entertainment,UK,2023-06-10 09:44:00
MERCH-6403,Health Top 6403,health,US,2022-09-05 02:19:00
MERCH-6404,Services Prime 6404,services,BR,2018-09-12 16:11:00
MERCH-6405,Retail Nova 6405,retail,FR,2018-01-05 19:01:00
MERCH-6406,Food Global 6406,food,BR,2022-12-25 19:37:00
MERCH-6407,Electronics Express 6407,electronics,FR,2023-04-02 09:44:00
MERCH-6408,Travel Plus 6408,travel,US,2021-02-13 02:29:00
MERCH-6409,Entertainment Global 6409,entertainment,BR,2021-04-15 00:06:00
MERCH-6410,Health Top 6410,health,BR,2019-10-28 15:09:00
MERCH-6411,Services Global 6411,services,UK,2022-08-26 17:40:00
MERCH-6412,Retail Max 6412,retail,US,2018-05-09 06:52:00
MERCH-6413,Food Top 6413,food,US,2023-08-08 07:58:00
MERCH-6414,Electronics Plus 6414,electronics,BR,2021-06-01 05:56:00
MERCH-6415,Travel Max 6415,travel,BR,2020-10-28 17:49:00
MERCH-6416,Entertainment Central 6416,entertainment,BR,2023-03-05 04:48:00
MERCH-6417,Health Max 6417,health,FR,2018-05-22 18:06:00
MERCH-6418,Services Central 6418,services,BR,2022-05-17 07:51:00
MERCH-6419,Retail Central 6419,retail,FR,2021-04-26 22:45:00
MERCH-6420,Food Express 6420,food,BR,2020-11-16 15:15:00
MERCH-6421,Electronics Central 6421,electronics,BR,2020-10-20 18:33:00
MERCH-6422,Travel Top 6422,travel,BR,2020-05-09 05:35:00
MERCH-6423,Entertainment Prime 6423,entertainment,UK,2022-09-01 01:10:00
MERCH-6424,Health Nova 6424,health,BR,2018-07-16 16:39:00
MERCH-6425,Services Nova 6425,services,US,2019-09-08 02:43:00
MERCH-6426,Retail Prime 6426,retail,BR,2021-02-17 01:24:00
MERCH-6427,Food Max 6427,food,FR,2018-02-07 10:23:00
MERCH-6428,Electronics Express 6428,electronics,FR,2022-10-03 15:12:00
MERCH-6429,Travel Central 6429,travel,US,2021-07-06 05:27:00
MERCH-6430,Entertainment Prime 6430,entertainment,BR,2022-08-21 01:05:00
MERCH-6431,Health Prime 6431,health,BR,2023-12-02 03:50:00
MERCH-6432,Services Global 6432,services,US,2021-04-18 02:47:00
MERCH-6433,Retail Nova 6433,retail,BR,2022-11-12 12:05:00
MERCH-6434,Food Global 6434,food,BR,2019-01-26 02:32:00
MERCH-6435,Electronics Plus 6435,electronics,BR,2021-07-12 17:19:00
MERCH-6436,Travel Prime 6436,travel,US,2018-12-13 07:42:00
MERCH-6437,Entertainment Top 6437,entertainment,BR,2021-07-02 08:22:00
MERCH-6438,Health Max 6438,health,FR,2018-03-09 20:07:00
MERCH-6439,Services Central 6439,services,BR,2020-03-23 20:52:00
MERCH-6440,Retail Plus 6440,retail,FR,2020-09-14 09:10:00
MERCH-6441,Food Global 6441,food,BR,2023-11-20 00:41:00
MERCH-6442,Electronics Max 6442,electronics,BR,2021-07-22 09:56:00
MERCH-6443,Travel Express 6443,travel,UK,2019-06-01 14:34:00
MERCH-6444,Entertainment Max 6444,entertainment,FR,2018-06-02 17:37:00
MERCH-6445,Health Global 6445,health,US,2022-06-17 01:17:00
MERCH-6446,Services Central 6446,services,UK,2019-07-31 05:22:00
MERCH-6447,Retail Central 6447,retail,US,2019-09-13 03:23:00
MERCH-6448,Food Plus 6448,food,UK,2020-04-27 23:59:00
MERCH-6449,Electronics Top 6449,electronics,BR,2021-07-11 17:18:00
MERCH-6450,Travel Top 6450,travel,BR,2021-10-06 17:54:00
MERCH-6451,Entertainment Global 6451,entertainment,BR,2020-08-04 14:30:00
MERCH-6452,Health Max 6452,health,BR,2019-12-25 07:44:00
MERCH-6453,Services Plus 6453,services,BR,2020-04-08 12:49:00
MERCH-6454,Retail Express 6454,retail,BR,2021-12-17 01:41:00
MERCH-6455,Food Prime 6455,food,BR,2019-05-13 10:24:00
MERCH-6456,Electronics Plus 6456,electronics,BR,2022-05-09 10:31:00
MERCH-6457,Travel Central 6457,travel,US,2019-08-28 08:29:00
MERCH-6458,Entertainment Prime 6458,entertainment,BR,2018-01-07 05:01:00
MERCH-6459,Health Central 6459,health,FR,2019-12-27 11:49:00
MERCH-6460,Services Express 6460,services,UK,2018-01-17 02:00:00
MERCH-6461,Retail Express 6461,retail,BR,2019-11-29 02:36:00
MERCH-6462,Food Prime 6462,food,BR,2021-03-25 16:34:00
MERCH-6463,Electronics Central 6463,electronics,US,2022-08-08 01:26:00
MERCH-6464,Travel Max 6464,travel,FR,2021-11-25 12:09:00
MERCH-6465,Entertainment Max 6465,entertainment,US,2018-11-28 09:09:00
MERCH-6466,Health Top 6466,health,UK,2018-09-03 17:43:00
MERCH-6467,Services Central 6467,services,US,2021-12-23 12:26:00
MERCH-6468,Retail Nova 6468,retail,BR,2020-06-29 00:26:00
MERCH-6469,Food Central 6469,food,BR,2020-03-28 14:06:00
MERCH-6470,Electronics Nova 6470,electronics,FR,2023-12-10 13:13:00
MERCH-6471,Travel Top 6471,travel,BR,2023-09-21 22:25:00
MERCH-6472,Entertainment Top 6472,entertainment,BR,2023-02-28 02:30:00
MERCH-6473,Health Express 6473,health,BR,2023-07-02 04:55:00
MERCH-6474,Services Plus 6474,services,US,2023-07-03 05:45:00
MERCH-6475,Retail Express 6475,retail,BR,2021-06-10 21:57:00
MERCH-6476,Food Central 6476,food,BR,2020-09-18 17:05:00
MERCH-6477,Electronics Central 6477,electronics,FR,2019-05-09 08:02:00
MERCH-6478,Travel Top 6478,travel,FR,2018-02-26 07:04:00
MERCH-6479,Entertainment Express 6479,entertainment,FR,2022-03-04 23:55:00
MERCH-6480,Health Nova 6480,health,BR,2021-04-15 19:42:00
MERCH-6481,Services Max 6481,services,BR,2022-08-31 03:14:00
MERCH-6482,Retail Prime 6482,retail,UK,2023-08-23 03:11:00
MERCH-6483,Food Max 6483,food,UK,2021-01-20 17:49:00
MERCH-6484,Electronics Top 6484,electronics,UK,2019-12-30 16:31:00
MERCH-6485,Travel Global 6485,travel,FR,2019-07-14 04:02:00
MERCH-6486,Entertainment Plus 6486,entertainment,BR,2020-03-10 07:56:00
MERCH-6487,Health Global 6487,health,BR,2022-11-02 12:40:00
MERCH-6488,Services Central 6488,services,BR,2019-05-29 07:02:00
MERCH-6489,Retail Nova 6489,retail,US,2022-06-09 19:14:00
MERCH-6490,Food Top 6490,food,FR,2018-09-03 10:06:00
MERCH-6491,Electronics Nova 6491,electronics,BR,2020-06-03 11:26:00
MERCH-6492,Travel Global 6492,travel,FR,2023-11-02 20:46:00
MERCH-6493,Entertainment Global 6493,entertainment,FR,2023-05-05 10:13:00
MERCH-6494,Health Plus 6494,health,US,2019-11-07 07:17:00
MERCH-6495,Services Central 6495,services,BR,2022-12-13 06:43:00
MERCH-6496,Retail Max 6496,retail,BR,2021-06-30 19:21:00
MERCH-6497,Food Global 6497,food,US,2023-11-21 01:04:00
MERCH-6498,Electronics Nova 6498,electronics,US,2021-07-13 17:04:00
MERCH-6499,Travel Global 6499,travel,UK,2018-11-01 22:12:00
MERCH-6500,Entertainment Global 6500,entertainment,BR,2023-03-20 16:38:00
MERCH-6501,Health Express 6501,health,UK,2023-09-01 10:11:00
MERCH-6502,Services Central 6502,services,BR,2018-02-07 22:45:00
MERCH-6503,Retail Nova 6503,retail,BR,2022-09-26 02:21:00
MERCH-6504,Food Plus 6504,food,BR,2022-04-14 18:22:00
MERCH-6505,Electronics Express 6505,electronics,BR,2019-08-14 07:08:00
MERCH-6506,Travel Top 6506,travel,FR,2023-10-12 02:23:00
MERCH-6507,Entertainment Prime 6507,entertainment,BR,2020-07-13 08:00:00
MERCH-6508,Health Express 6508,health,US,2018-11-21 08:44:00
MERCH-6509,Services Plus 6509,services,FR,2021-03-20 12:39:00
MERCH-6510,Retail Central 6510,retail,UK,2022-03-04 11:12:00
MERCH-6511,Food Top 6511,food,BR,2018-05-09 19:31:00
MERCH-6512,Electronics Central 6512,electronics,US,2021-01-06 06:42:00
MERCH-6513,Travel Max 6513,travel,UK,2022-01-12 21:12:00
MERCH-6514,Entertainment Plus 6514,entertainment,FR,2022-01-02 06:56:00
MERCH-6515,Health Express 6515,health,BR,2023-08-18 10:40:00
MERCH-6516,Services Express 6516,services,BR,2023-11-11 23:32:00
MERCH-6517,Retail Top 6517,retail,UK,2020-11-16 03:05:00
MERCH-6518,Food Express 6518,food,BR,2022-08-07 13:40:00
MERCH-6519,Electronics Max 6519,electronics,FR,2019-12-31 18:13:00
MERCH-6520,Travel Central 6520,travel,FR,2023-01-04 01:08:00
MERCH-6521,Entertainment Nova 6521,entertainment,BR,2023-10-04 16:23:00
MERCH-6522,Health Max 6522,health,FR,2018-02-21 17:41:00
MERCH-6523,Services Global 6523,services,UK,2022-07-31 15:46:00
MERCH-6524,Retail Top 6524,retail,UK,2019-07-19 00:18:00
MERCH-6525,Food Global 6525,food,BR,2023-12-15 08:21:00
MERCH-6526,Electronics Top 6526,electronics,UK,2021-02-10 02:40:00
MERCH-6527,Travel Central 6527,travel,BR,2022-03-04 20:35:00
MERCH-6528,Entertainment Nova 6528,entertainment,UK,2020-05-06 23:00:00
MERCH-6529,Health Top 6529,health,BR,2018-05-07 20:17:00
MERCH-6530,Services Top 6530,services,BR,2020-08-21 08:29:00
MERCH-6531,Retail Express 6531,retail,UK,2023-06-25 23:57:00
MERCH-6532,Food Global 6532,food,BR,2018-08-12 11:42:00
MERCH-6533,Electronics Global 6533,electronics,US,2018-03-06 13:03:00
MERCH-6534,Travel Central 6534,travel,UK,2021-09-20 04:25:00
MERCH-6535,Entertainment Prime 6535,entertainment,BR,2022-12-05 23:08:00
MERCH-6536,Health Nova 6536,health,UK,2023-08-17 19:34:00
MERCH-6537,Services Plus 6537,services,US,2022-02-13 01:59:00
MERCH-6538,Retail Central 6538,retail,BR,2018-08-09 12:00:00
MERCH-6539,Food Central 6539,food,FR,2022-02-10 20:05:00
MERCH-6540,Electronics Global 6540,electronics,BR,2019-11-27 09:41:00
MERCH-6541,Travel Max 6541,travel,BR,2018-07-25 04:04:00
MERCH-6542,Entertainment Express 6542,entertainment,FR,2022-10-23 01:36:00
MERCH-6543,Health Nova 6543,health,BR,2020-10-07 21:25:00
MERCH-6544,Services Prime 6544,services,BR,2022-01-19 12:26:00
MERCH-6545,Retail Global 6545,retail,UK,2021-12-16 05:03:00
MERCH-6546,Food Prime 6546,food,FR,2020-06-05 09:28:00
MERCH-6547,Electronics Plus 6547,electronics,BR,2023-08-26 14:28:00
MERCH-6548,Travel Express 6548,travel,BR,2020-10-16 14:50:00
MERCH-6549,Entertainment Plus 6549,entertainment,BR,2020-06-17 14:32:00
MERCH-6550,Health Express 6550,health,BR,2018-05-14 11:18:00
MERCH-6551,Services Max 6551,services,BR,2023-05-16 04:17:00
MERCH-6552,Retail Central 6552,retail,UK,2021-07-15 03:45:00
MERCH-6553,Food Top 6553,food,US,2021-07-26 16:11:00
MERCH-6554,Electronics Max 6554,electronics,BR,2020-08-30 23:42:00
MERCH-6555,Travel Central 6555,travel,BR,2020-07-23 13:03:00
MERCH-6556,Entertainment Max 6556,entertainment,FR,2021-11-11 05:22:00
MERCH-6557,Health Top 6557,health,BR,2023-09-08 16:53:00
MERCH-6558,Services Global 6558,services,US,2021-02-17 02:59:00
MERCH-6559,Retail Global 6559,retail,US,2019-09-25 20:45:00
MERCH-6560,Food Prime 6560,food,BR,2020-02-23 21:05:00
MERCH-6561,Electronics Nova 6561,electronics,BR,2021-10-06 02:36:00
MERCH-6562,Travel Prime 6562,travel,BR,2020-11-03 18:21:00
MERCH-6563,Entertainment Top 6563,entertainment,BR,2023-11-10 15:09:00
MERCH-6564,Health Express 6564,health,BR,2022-11-29 16:53:00
MERCH-6565,Services Top 6565,services,FR,2021-04-25 22:33:00
MERCH-6566,Retail Prime 6566,retail,BR,2023-02-11 19:39:00
MERCH-6567,Food Express 6567,food,BR,2023-07-31 07:13:00
MERCH-6568,Electronics Global 6568,electronics,BR,2021-04-28 08:44:00
MERCH-6569,Travel Max 6569,travel,US,2018-08-08 00:24:00
MERCH-6570,Entertainment Express 6570,entertainment,US,2023-07-19 11:04:00
MERCH-6571,Health Max 6571,health,US,2023-12-09 17:55:00
MERCH-6572,Services Plus 6572,services,BR,2019-08-15 04:21:00
MERCH-6573,Retail Top 6573,retail,BR,2018-07-18 23:34:00
MERCH-6574,Food Top 6574,food,BR,2018-03-27 20:59:00
MERCH-6575,Electronics Plus 6575,electronics,BR,2023-05-05 15:20:00
MERCH-6576,Travel Prime 6576,travel,US,2022-10-01 10:06:00
MERCH-6577,Entertainment Nova 6577,entertainment,FR,2018-03-16 17:07:00
MERCH-6578,Health Central 6578,health,FR,2018-06-28 20:19:00
MERCH-6579,Services Express 6579,services,US,2020-08-11 15:11:00
MERCH-6580,Retail Global 6580,retail,BR,2023-05-26 11:51:00
MERCH-6581,Food Top 6581,food,US,2019-01-04 04:17:00
MERCH-6582,Electronics Global 6582,electronics,UK,2022-12-28 23:34:00
MERCH-6583,Travel Plus 6583,travel,US,2021-10-23 01:11:00
MERCH-6584,Entertainment Top 6584,entertainment,BR,2020-08-14 18:43:00
MERCH-6585,Health Central 6585,health,BR,2019-01-26 11:54:00
MERCH-6586,Services Nova 6586,services,BR,2021-10-04 04:11:00
MERCH-6587,Retail Nova 6587,retail,BR,2020-09-30 13:48:00
MERCH-6588,Food Global 6588,food,BR,2021-08-08 16:23:00
MERCH-6589,Electronics Central 6589,electronics,UK,2019-01-07 23:58:00
MERCH-6590,Travel Express 6590,travel,BR,2021-05-02 22:51:00
MERCH-6591,Entertainment Top 6591,entertainment,BR,2020-09-22 15:58:00
MERCH-6592,Health Global 6592,health,US,2023-04-29 14:33:00
MERCH-6593,Services Plus 6593,services,US,2020-11-20 05:47:00
MERCH-6594,Retail Express 6594,retail,BR,2021-08-16 04:08:00
MERCH-6595,Food Nova 6595,food,FR,2020-09-20 09:05:00
MERCH-6596,Electronics Nova 6596,electronics,BR,2018-02-10 10:00:00
MERCH-6597,Travel Nova 6597,travel,FR,2022-08-29 10:46:00
MERCH-6598,Entertainment Global 6598,entertainment,US,2022-10-29 08:30:00
MERCH-6599,Health Max 6599,health,BR,2022-12-12 09:21:00
MERCH-6600,Services Max 6600,services,US,2019-11-21 21:53:00
MERCH-6601,Retail Nova 6601,retail,BR,2023-01-05 06:56:00
MERCH-6602,Food Express 6602,food,BR,2023-06-21 15:37:00
MERCH-6603,Electronics Nova 6603,electronics,BR,2021-06-29 20:48:00
MERCH-6604,Travel Max 6604,travel,BR,2020-01-19 16:20:00
MERCH-6605,Entertainment Plus 6605,entertainment,BR,2021-03-04 10:36:00
MERCH-6606,Health Global 6606,health,FR,2022-11-13 17:26:00
MERCH-6607,Services Central 6607,services,UK,2018-07-18 05:53:00
MERCH-6608,Retail Plus 6608,retail,FR,2021-01-26 15:45:00
MERCH-6609,Food Express 6609,food,BR,2021-07-23 20:53:00
MERCH-6610,Electronics Nova 6610,electronics,UK,2019-12-01 00:59:00
MERCH-6611,Travel Max 6611,travel,BR,2023-10-06 23:59:00
MERCH-6612,Entertainment Plus 6612,entertainment,BR,2018-07-02 20:28:00
MERCH-6613,Health Global 6613,health,FR,2020-03-01 13:35:00
MERCH-6614,Services Nova 6614,services,BR,2019-10-17 12:22:00
MERCH-6615,Retail Express 6615,retail,UK,2022-08-26 02:50:00
MERCH-6616,Food Plus 6616,food,BR,2023-09-19 20:23:00
MERCH-6617,Electronics Max 6617,electronics,BR,2020-06-24 01:44:00
MERCH-6618,Travel Express 6618,travel,BR,2020-03-27 10:20:00
MERCH-6619,Entertainment Express 6619,entertainment,BR,2022-11-28 03:56:00
MERCH-6620,Health Central 6620,health,FR,2020-05-28 07:24:00
MERCH-6621,Services Top 6621,services,UK,2022-02-10 16:22:00
MERCH-6622,Retail Top 6622,retail,FR,2023-08-09 11:49:00
MERCH-6623,Food Central 6623,food,FR,2022-04-20 17:12:00
MERCH-6624,Electronics Plus 6624,electronics,BR,2021-03-12 17:46:00
MERCH-6625,Travel Nova 6625,travel,BR,2023-03-30 03:30:00
MERCH-6626,Entertainment Plus 6626,entertainment,BR,2019-04-28 05:19:00
MERCH-6627,Health Plus 6627,health,BR,2021-09-17 10:18:00
MERCH-6628,Services Prime 6628,services,US,2020-10-19 05:22:00
MERCH-6629,Retail Plus 6629,retail,US,2019-07-18 16:38:00
MERCH-6630,Food Prime 6630,food,US,2020-09-21 08:00:00
MERCH-6631,Electronics Prime 6631,electronics,BR,2021-03-21 17:40:00
MERCH-6632,Travel Prime 6632,travel,US,2023-11-28 00:30:00
MERCH-6633,Entertainment Global 6633,entertainment,US,2021-01-06 06:06:00
MERCH-6634,Health Prime 6634,health,FR,2019-11-15 04:01:00
MERCH-6635,Services Plus 6635,services,BR,2019-07-30 05:26:00
MERCH-6636,Retail Nova 6636,retail,FR,2018-02-28 09:46:00
MERCH-6637,Food Global 6637,food,UK,2018-08-08 12:39:00
MERCH-6638,Electronics Prime 6638,electronics,US,2021-03-04 16:21:00
MERCH-6639,Travel Top 6639,travel,BR,2023-09-24 06:37:00
MERCH-6640,Entertainment Top 6640,entertainment,BR,2019-05-10 01:01:00
MERCH-6641,Health Top 6641,health,FR,2022-12-04 02:25:00
MERCH-6642,Services Top 6642,services,US,2021-10-28 16:46:00
MERCH-6643,Retail Express 6643,retail,BR,2023-11-16 08:36:00
MERCH-6644,Food Express 6644,food,BR,2019-06-09 17:52:00
MERCH-6645,Electronics Plus 6645,electronics,FR,2022-07-17 18:47:00
MERCH-6646,Travel Express 6646,travel,BR,2019-01-02 21:09:00
MERCH-6647,Entertainment Plus 6647,entertainment,FR,2021-03-25 02:53:00
MERCH-6648,Health Top 6648,health,BR,2021-07-05 11:27:00
MERCH-6649,Services Plus 6649,services,US,2018-10-26 13:16:00
MERCH-6650,Retail Plus 6650,retail,FR,2018-09-25 23:25:00
MERCH-6651,Food Nova 6651,food,FR,2022-02-20 03:38:00
MERCH-6652,Electronics Max 6652,electronics,UK,2021-09-02 14:05:00
MERCH-6653,Travel Express 6653,travel,US,2020-08-30 19:04:00
MERCH-6654,Entertainment Max 6654,entertainment,BR,2023-07-09 04:14:00
MERCH-6655,Health Global 6655,health,BR,2020-07-07 19:25:00
MERCH-6656,Services Central 6656,services,UK,2018-03-17 10:02:00
MERCH-6657,Retail Global 6657,retail,BR,2020-05-01 10:14:00
MERCH-6658,Food Global 6658,food,BR,2021-07-09 21:27:00
MERCH-6659,Electronics Nova 6659,electronics,BR,2020-09-20 13:53:00
MERCH-6660,Travel Express 6660,travel,US,2020-04-12 21:28:00
MERCH-6661,Entertainment Prime 6661,entertainment,BR,2018-07-10 17:49:00
MERCH-6662,Health Max 6662,health,BR,2022-02-17 11:25:00
MERCH-6663,Services Express 6663,services,UK,2018-07-12 20:42:00
MERCH-6664,Retail Prime 6664,retail,BR,2022-07-06 23:34:00
MERCH-6665,Food Prime 6665,food,BR,2021-07-19 00:53:00
MERCH-6666,Electronics Central 6666,electronics,BR,2021-08-06 11:28:00
MERCH-6667,Travel Top 6667,travel,US,2021-08-21 19:25:00
MERCH-6668,Entertainment Top 6668,entertainment,UK,2023-04-29 03:25:00
MERCH-6669,Health Global 6669,health,BR,2018-12-07 16:43:00
MERCH-6670,Services Prime 6670,services,BR,2021-02-13 10:36:00
MERCH-6671,Retail Max 6671,retail,UK,2019-12-12 02:03:00
MERCH-6672,Food Global 6672,food,US,2019-07-17 15:06:00
MERCH-6673,Electronics Nova 6673,electronics,BR,2019-04-15 23:20:00
MERCH-6674,Travel Max 6674,travel,BR,2018-01-24 15:25:00
MERCH-6675,Entertainment Max 6675,entertainment,BR,2019-12-15 02:39:00
MERCH-6676,Health Express 6676,health,BR,2023-11-05 08:23:00
MERCH-6677,Services Central 6677,services,BR,2018-10-19 22:45:00
MERCH-6678,Retail Max 6678,retail,FR,2020-05-23 13:13:00
MERCH-6679,Food Top 6679,food,BR,2021-08-07 01:55:00
MERCH-6680,Electronics Prime 6680,electronics,UK,2020-05-01 04:37:00
MERCH-6681,Travel Max 6681,travel,US,2022-07-21 16:41:00
MERCH-6682,Entertainment Plus 6682,entertainment,BR,2018-05-04 03:27:00
MERCH-6683,Health Prime 6683,health,US,2023-08-10 07:00:00
MERCH-6684,Services Central 6684,services,US,2020-11-15 16:04:00
MERCH-6685,Retail Express 6685,retail,UK,2020-12-12 19:15:00
MERCH-6686,Food Global 6686,food,BR,2019-06-28 13:00:00
MERCH-6687,Electronics Prime 6687,electronics,BR,2020-02-14 01:29:00
MERCH-6688,Travel Max 6688,travel,BR,2020-06-12 02:01:00
MERCH-6689,Entertainment Top 6689,entertainment,US,2019-07-17 01:53:00
MERCH-6690,Health Plus 6690,health,UK,2022-11-30 10:57:00
MERCH-6691,Services Global 6691,services,UK,2021-06-26 16:48:00
MERCH-6692,Retail Top 6692,retail,US,2019-11-17 06:45:00
MERCH-6693,Food Nova 6693,food,BR,2023-05-03 18:30:00
MERCH-6694,Electronics Nova 6694,electronics,UK,2022-08-16 01:21:00
MERCH-6695,Travel Prime 6695,travel,FR,2018-03-30 10:10:00
MERCH-6696,Entertainment Top 6696,entertainment,BR,2019-07-20 00:42:00
MERCH-6697,Health Top 6697,health,BR,2021-07-30 06:22:00
MERCH-6698,Services Express 6698,services,BR,2023-01-20 22:58:00
MERCH-6699,Retail Top 6699,retail,BR,2023-08-30 03:38:00
MERCH-6700,Food Nova 6700,food,UK,2019-02-14 12:55:00
MERCH-6701,Electronics Nova 6701,electronics,UK,2019-03-04 15:34:00
MERCH-6702,Travel Express 6702,travel,BR,2018-08-11 10:34:00
MERCH-6703,Entertainment Express 6703,entertainment,US,2020-02-15 19:39:00
MERCH-6704,Health Nova 6704,health,FR,2019-09-11 21:19:00
MERCH-6705,Services Max 6705,services,US,2018-05-27 00:38:00
MERCH-6706,Retail Plus 6706,retail,BR,2022-04-27 05:14:00
MERCH-6707,Food Central 6707,food,UK,2022-08-05 06:55:00
MERCH-6708,Electronics Global 6708,electronics,US,2022-01-04 01:02:00
MERCH-6709,Travel Express 6709,travel,BR,2018-12-12 15:24:00
MERCH-6710,Entertainment Express 6710,entertainment,BR,2018-02-23 22:41:00
MERCH-6711,Health Express 6711,health,UK,2023-10-08 18:01:00
MERCH-6712,Services Global 6712,services,UK,2022-09-08 06:50:00
MERCH-6713,Retail Central 6713,retail,BR,2018-11-02 09:51:00
MERCH-6714,Food Central 6714,food,FR,2023-04-26 05:48:00
MERCH-6715,Electronics Max 6715,electronics,BR,2022-12-16 18:29:00
MERCH-6716,Travel Nova 6716,travel,US,2021-11-28 10:27:00
MERCH-6717,Entertainment Prime 6717,entertainment,UK,2021-06-19 19:06:00
MERCH-6718,Health Central 6718,health,FR,2023-10-08 04:57:00
MERCH-6719,Services Top 6719,services,BR,2022-02-02 19:22:00
MERCH-6720,Retail Global 6720,retail,BR,2018-04-22 00:54:00
MERCH-6721,Food Central 6721,food,BR,2018-01-18 20:39:00
MERCH-6722,Electronics Nova 6722,electronics,UK,2021-05-08 10:08:00
MERCH-6723,Travel Central 6723,travel,FR,2018-08-19 19:36:00
MERCH-6724,Entertainment Global 6724,entertainment,BR,2018-12-12 04:07:00
MERCH-6725,Health Global 6725,health,US,2019-12-01 18:37:00
MERCH-6726,Services Central 6726,services,US,2020-11-07 22:52:00
MERCH-6727,Retail Nova 6727,retail,BR,2019-07-25 23:28:00
MERCH-6728,Food Prime 6728,food,BR,2023-11-12 21:53:00
MERCH-6729,Electronics Prime 6729,electronics,BR,2020-09-29 01:37:00
MERCH-6730,Travel Max 6730,travel,FR,2022-12-10 06:40:00
MERCH-6731,Entertainment Express 6731,entertainment,BR,2022-08-11 07:54:00
MERCH-6732,Health Plus 6732,health,FR,2022-09-30 17:56:00
MERCH-6733,Services Prime 6733,services,US,2022-10-03 21:26:00
MERCH-6734,Retail Central 6734,retail,BR,2022-10-21 05:33:00
MERCH-6735,Food Global 6735,food,BR,2021-01-09 17:16:00
MERCH-6736,Electronics Prime 6736,electronics,FR,2021-11-28 12:49:00
MERCH-6737,Travel Top 6737,travel,FR,2020-07-12 07:30:00
MERCH-6738,Entertainment Express 6738,entertainment,BR,2018-02-22 15:05:00
MERCH-6739,Health Nova 6739,health,FR,2022-04-28 18:52:00
MERCH-6740,Services Global 6740,services,BR,2021-03-05 00:35:00
MERCH-6741,Retail Central 6741,retail,US,2018-08-06 01:50:00
MERCH-6742,Food Central 6742,food,BR,2018-11-09 20:49:00
MERCH-6743,Electronics Max 6743,electronics,BR,2023-04-12 03:42:00
MERCH-6744,Travel Top 6744,travel,UK,2018-02-22 13:24:00
MERCH-6745,Entertainment Top 6745,entertainment,BR,2020-04-30 11:32:00
MERCH-6746,Health Nova 6746,health,FR,2020-11-25 23:45:00
MERCH-6747,Services Global 6747,services,BR,2023-03-24 11:21:00
MERCH-6748,Retail Plus 6748,retail,BR,2019-08-28 14:28:00
MERCH-6749,Food Central 6749,food,UK,2018-01-09 16:29:00
MERCH-6750,Electronics Top 6750,electronics,BR,2018-04-08 04:52:00
MERCH-6751,Travel Max 6751,travel,BR,2019-07-27 04:40:00
MERCH-6752,Entertainment Global 6752,entertainment,BR,2023-01-12 01:43:00
MERCH-6753,Health Max 6753,health,BR,2019-10-05 01:47:00
MERCH-6754,Services Max 6754,services,FR,2021-06-12 10:20:00
MERCH-6755,Retail Express 6755,retail,FR,2020-06-16 21:14:00
MERCH-6756,Food Central 6756,food,UK,2020-05-25 01:40:00
MERCH-6757,Electronics Plus 6757,electronics,BR,2018-05-06 20:43:00
MERCH-6758,Travel Top 6758,travel,UK,2020-03-15 17:02:00
MERCH-6759,Entertainment Max 6759,entertainment,BR,2020-07-28 22:36:00
MERCH-6760,Health Prime 6760,health,US,2023-06-13 19:58:00
MERCH-6761,Services Global 6761,services,FR,2019-04-20 17:22:00
MERCH-6762,Retail Nova 6762,retail,BR,2018-04-03 00:16:00
MERCH-6763,Food Plus 6763,food,BR,2023-05-12 23:22:00
MERCH-6764,Electronics Prime 6764,electronics,FR,2018-08-23 14:58:00
MERCH-6765,Travel Global 6765,travel,BR,2020-12-12 13:16:00
MERCH-6766,Entertainment Prime 6766,entertainment,BR,2022-12-31 14:11:00
MERCH-6767,Health Global 6767,health,FR,2022-02-03 11:47:00
MERCH-6768,Services Prime 6768,services,US,2023-07-14 06:59:00
MERCH-6769,Retail Top 6769,retail,US,2021-12-20 09:43:00
MERCH-6770,Food Central 6770,food,FR,2022-12-24 21:37:00
MERCH-6771,Electronics Max 6771,electronics,BR,2019-03-28 23:25:00
MERCH-6772,Travel Max 6772,travel,UK,2023-05-25 07:22:00
MERCH-6773,Entertainment Top 6773,entertainment,FR,2022-03-26 14:39:00
MERCH-6774,Health Central 6774,health,FR,2020-01-31 16:28:00
MERCH-6775,Services Global 6775,services,BR,2022-11-01 09:57:00
MERCH-6776,Retail Express 6776,retail,BR,2022-09-15 06:03:00
MERCH-6777,Food Central 6777,food,FR,2022-02-08 09:31:00
MERCH-6778,Electronics Express 6778,electronics,UK,2020-08-09 04:21:00
MERCH-6779,Travel Max 6779,travel,UK,2021-11-10 22:50:00
MERCH-6780,Entertainment Global 6780,entertainment,FR,2022-11-09 01:55:00
MERCH-6781,Health Central 6781,health,US,2019-07-13 10:47:00
MERCH-6782,Services Central 6782,services,US,2019-09-17 08:24:00
MERCH-6783,Retail Plus 6783,retail,BR,2019-08-24 10:56:00
MERCH-6784,Food Express 6784,food,BR,2018-05-31 17:05:00
MERCH-6785,Electronics Top 6785,electronics,FR,2022-07-10 03:11:00
MERCH-6786,Travel Nova 6786,travel,BR,2022-02-21 18:01:00
MERCH-6787,Entertainment Global 6787,entertainment,BR,2023-07-09 07:39:00
MERCH-6788,Health Plus 6788,health,UK,2020-01-05 00:42:00
MERCH-6789,Services Plus 6789,services,BR,2022-05-25 12:51:00
MERCH-6790,Retail Global 6790,retail,BR,2020-01-17 15:48:00
MERCH-6791,Food Max 6791,food,FR,2023-07-07 17:39:00
MERCH-6792,Electronics Prime 6792,electronics,BR,2020-03-08 12:01:00
MERCH-6793,Travel Max 6793,travel,FR,2018-06-16 21:08:00
MERCH-6794,Entertainment Prime 6794,entertainment,BR,2022-06-01 08:06:00
MERCH-6795,Health Global 6795,health,FR,2023-09-01 05:44:00
MERCH-6796,Services Top 6796,services,US,2018-08-07 08:26:00
MERCH-6797,Retail Central 6797,retail,BR,2018-01-07 20:38:00
MERCH-6798,Food Nova 6798,food,BR,2022-02-08 04:31:00
MERCH-6799,Electronics Nova 6799,electronics,FR,2023-10-22 21:46:00
MERCH-6800,Travel Prime 6800,travel,FR,2023-10-10 00:40:00
MERCH-6801,Entertainment Express 6801,entertainment,BR,2023-06-10 12:33:00
MERCH-6802,Health Nova 6802,health,BR,2022-01-14 19:28:00
MERCH-6803,Services Central 6803,services,UK,2023-10-14 02:39:00
MERCH-6804,Retail Nova 6804,retail,BR,2023-05-30 22:30:00
MERCH-6805,Food Express 6805,food,BR,2020-07-16 04:37:00
MERCH-6806,Electronics Global 6806,electronics,UK,2023-08-01 01:51:00
MERCH-6807,Travel Top 6807,travel,BR,2019-03-02 13:40:00
MERCH-6808,Entertainment Max 6808,entertainment,BR,2021-06-10 10:29:00
MERCH-6809,Health Nova 6809,health,BR,2020-02-23 07:34:00
MERCH-6810,Services Express 6810,services,FR,2023-04-16 14:25:00
MERCH-6811,Retail Plus 6811,retail,BR,2018-06-28 09:22:00
MERCH-6812,Food Central 6812,food,BR,2022-11-19 00:34:00
MERCH-6813,Electronics Express 6813,electronics,BR,2018-12-19 21:31:00
MERCH-6814,Travel Express 6814,travel,BR,2022-09-12 01:01:00
MERCH-6815,Entertainment Prime 6815,entertainment,US,2021-12-16 10:34:00
MERCH-6816,Health Prime 6816,health,BR,2018-11-19 09:17:00
MERCH-6817,Services Nova 6817,services,BR,2022-02-09 08:33:00
MERCH-6818,Retail Express 6818,retail,FR,2019-12-31 14:53:00
MERCH-6819,Food Central 6819,food,US,2022-10-11 10:57:00
MERCH-6820,Electronics Max 6820,electronics,FR,2019-01-30 17:50:00
MERCH-6821,Travel Top 6821,travel,BR,2018-08-11 12:25:00
MERCH-6822,Entertainment Prime 6822,entertainment,US,2021-02-04 03:47:00
MERCH-6823,Health Nova 6823,health,BR,2022-02-12 17:31:00
MERCH-6824,Services Central 6824,services,BR,2018-01-06 09:03:00
MERCH-6825,Retail Prime 6825,retail,FR,2019-04-25 17:09:00
MERCH-6826,Food Global 6826,food,FR,2019-10-01 14:44:00
MERCH-6827,Electronics Central 6827,electronics,US,2018-12-23 23:44:00
MERCH-6828,Travel Plus 6828,travel,US,2022-08-16 12:13:00
MERCH-6829,Entertainment Max 6829,entertainment,FR,2020-12-09 20:30:00
MERCH-6830,Health Top 6830,health,US,2023-03-10 19:56:00
MERCH-6831,Services Global 6831,services,BR,2019-06-28 23:27:00
MERCH-6832,Retail Global 6832,retail,UK,2021-02-04 19:17:00
MERCH-6833,Food Nova 6833,food,BR,2018-10-17 15:25:00
MERCH-6834,Electronics Global 6834,electronics,BR,2020-06-14 00:34:00
MERCH-6835,Travel Top 6835,travel,BR,2019-05-10 18:30:00
MERCH-6836,Entertainment Central 6836,entertainment,US,2023-12-25 10:29:00
MERCH-6837,Health Nova 6837,health,UK,2023-04-14 13:19:00
MERCH-6838,Services Central 6838,services,BR,2020-07-02 22:57:00
MERCH-6839,Retail Central 6839,retail,FR,2020-09-25 07:11:00
MERCH-6840,Food Max 6840,food,UK,2018-01-22 13:52:00
MERCH-6841,Electronics Nova 6841,electronics,UK,2019-04-17 07:23:00
MERCH-6842,Travel Prime 6842,travel,UK,2021-06-23 22:07:00
MERCH-6843,Entertainment Global 6843,entertainment,BR,2021-03-03 01:59:00
MERCH-6844,Health Max 6844,health,US,2021-07-21 22:33:00
MERCH-6845,Services Express 6845,services,BR,2018-09-07 20:45:00
MERCH-6846,Retail Plus 6846,retail,US,2019-06-23 22:11:00
MERCH-6847,Food Nova 6847,food,BR,2018-12-23 06:16:00
MERCH-6848,Electronics Max 6848,electronics,BR,2022-08-26 03:09:00
MERCH-6849,Travel Max 6849,travel,US,2023-11-29 18:37:00
MERCH-6850,Entertainment Prime 6850,entertainment,BR,2020-12-22 19:23:00
MERCH-6851,Health Max 6851,health,UK,2018-09-23 06:39:00
MERCH-6852,Services Nova 6852,services,BR,2022-09-24 02:36:00
MERCH-6853,Retail Max 6853,retail,UK,2019-05-03 18:44:00
MERCH-6854,Food Top 6854,food,BR,2020-01-16 14:40:00
MERCH-6855,Electronics Max 6855,electronics,BR,2019-02-14 09:55:00
MERCH-6856,Travel Prime 6856,travel,BR,2021-11-10 12:01:00
MERCH-6857,Entertainment Express 6857,entertainment,BR,2022-05-26 21:56:00
MERCH-6858,Health Express 6858,health,UK,2020-02-10 09:06:00
MERCH-6859,Services Plus 6859,services,FR,2023-02-17 04:38:00
MERCH-6860,Retail Express 6860,retail,UK,2022-07-09 02:56:00
MERCH-6861,Food Central 6861,food,BR,2023-04-16 13:51:00
MERCH-6862,Electronics Central 6862,electronics,UK,2019-03-28 05:24:00
MERCH-6863,Travel Prime 6863,travel,US,2023-02-18 11:31:00
MERCH-6864,Entertainment Express 6864,entertainment,BR,2021-01-23 08:38:00
MERCH-6865,Health Prime 6865,health,FR,2023-03-20 05:55:00
MERCH-6866,Services Global 6866,services,BR,2023-09-26 05:19:00
MERCH-6867,Retail Express 6867,retail,BR,2018-04-06 09:28:00
MERCH-6868,Food Max 6868,food,UK,2021-11-30 02:19:00
MERCH-6869,Electronics Prime 6869,electronics,BR,2019-12-13 08:34:00
MERCH-6870,Travel Nova 6870,travel,US,2020-11-23 00:22:00
MERCH-6871,Entertainment Express 6871,entertainment,BR,2023-10-04 00:09:00
MERCH-6872,Health Global 6872,health,BR,2018-06-26 09:14:00
MERCH-6873,Services Central 6873,services,BR,2019-02-08 09:26:00
MERCH-6874,Retail Prime 6874,retail,BR,2019-10-02 15:32:00
MERCH-6875,Food Central 6875,food,BR,2018-12-03 14:46:00
MERCH-6876,Electronics Global 6876,electronics,BR,2018-07-11 23:33:00
MERCH-6877,Travel Top 6877,travel,BR,2020-05-30 17:01:00
MERCH-6878,Entertainment Express 6878,entertainment,BR,2018-09-01 15:31:00
MERCH-6879,Health Global 6879,health,FR,2021-09-16 07:55:00
MERCH-6880,Services Plus 6880,services,FR,2022-01-02 16:25:00
MERCH-6881,Retail Central 6881,retail,BR,2020-12-17 12:23:00
MERCH-6882,Food Express 6882,food,BR,2023-11-23 10:48:00
MERCH-6883,Electronics Plus 6883,electronics,BR,2021-10-13 08:57:00
MERCH-6884,Travel Express 6884,travel,BR,2021-05-29 22:56:00
MERCH-6885,Entertainment Nova 6885,entertainment,US,2022-06-29 21:56:00
MERCH-6886,Health Top 6886,health,FR,2022-12-20 11:21:00
MERCH-6887,Services Plus 6887,services,UK,2022-11-20 06:06:00
MERCH-6888,Retail Plus 6888,retail,BR,2023-07-20 18:08:00
MERCH-6889,Food Max 6889,food,FR,2021-03-19 08:55:00
MERCH-6890,Electronics Top 6890,electronics,BR,2023-03-03 08:05:00
MERCH-6891,Travel Prime 6891,travel,BR,2018-07-05 08:38:00
MERCH-6892,Entertainment Max 6892,entertainment,US,2018-02-14 21:45:00
MERCH-6893,Health Top 6893,health,UK,2020-04-24 13:27:00
MERCH-6894,Services Top 6894,services,BR,2021-08-08 16:07:00
MERCH-6895,Retail Plus 6895,retail,US,2023-08-20 23:12:00
MERCH-6896,Food Global 6896,food,UK,2019-09-27 06:57:00
MERCH-6897,Electronics Top 6897,electronics,BR,2022-01-13 22:01:00
MERCH-6898,Travel Central 6898,travel,BR,2021-07-14 00:26:00
MERCH-6899,Entertainment Prime 6899,entertainment,BR,2022-11-30 02:27:00
MERCH-6900,Health Plus 6900,health,BR,2020-07-04 02:38:00
MERCH-6901,Services Max 6901,services,BR,2023-01-24 13:33:00
MERCH-6902,Retail Express 6902,retail,BR,2018-05-13 11:17:00
MERCH-6903,Food Prime 6903,food,US,2019-02-24 12:40:00
MERCH-6904,Electronics Central 6904,electronics,BR,2023-11-03 18:01:00
MERCH-6905,Travel Express 6905,travel,FR,2019-01-10 12:51:00
MERCH-6906,Entertainment Max 6906,entertainment,FR,2022-07-19 00:13:00
MERCH-6907,Health Global 6907,health,FR,2019-11-17 20:31:00
MERCH-6908,Services Express 6908,services,UK,2019-09-05 08:02:00
MERCH-6909,Retail Prime 6909,retail,BR,2020-06-06 00:32:00
MERCH-6910,Food Global 6910,food,US,2018-11-22 08:57:00
MERCH-6911,Electronics Prime 6911,electronics,US,2021-06-10 11:41:00
MERCH-6912,Travel Plus 6912,travel,FR,2020-06-14 08:59:00
MERCH-6913,Entertainment Nova 6913,entertainment,UK,2021-04-18 20:59:00
MERCH-6914,Health Plus 6914,health,US,2018-04-26 13:01:00
MERCH-6915,Services Prime 6915,services,UK,2018-11-23 05:44:00
MERCH-6916,Retail Max 6916,retail,BR,2018-07-17 21:31:00
MERCH-6917,Food Prime 6917,food,US,2020-12-13 21:57:00
MERCH-6918,Electronics Plus 6918,electronics,BR,2019-01-09 22:36:00
MERCH-6919,Travel Central 6919,travel,US,2019-07-29 13:03:00
MERCH-6920,Entertainment Prime 6920,entertainment,FR,2020-07-26 19:04:00
MERCH-6921,Health Max 6921,health,US,2022-02-11 07:39:00
MERCH-6922,Services Central 6922,services,US,2019-06-14 10:29:00
MERCH-6923,Retail Nova 6923,retail,BR,2019-01-15 07:34:00
MERCH-6924,Food Top 6924,food,FR,2019-06-02 17:26:00
MERCH-6925,Electronics Nova 6925,electronics,UK,2020-09-14 04:06:00
MERCH-6926,Travel Nova 6926,travel,US,2023-09-03 16:44:00
MERCH-6927,Entertainment Global 6927,entertainment,BR,2021-07-23 00:15:00
MERCH-6928,Health Nova 6928,health,FR,2021-09-06 18:13:00
MERCH-6929,Services Plus 6929,services,BR,2020-10-05 22:51:00
MERCH-6930,Retail Central 6930,retail,FR,2020-11-05 18:25:00
MERCH-6931,Food Plus 6931,food,BR,2023-01-01 11:31:00
MERCH-6932,Electronics Prime 6932,electronics,UK,2021-12-20 17:06:00
MERCH-6933,Travel Nova 6933,travel,BR,2023-01-16 05:14:00
MERCH-6934,Entertainment Nova 6934,entertainment,BR,2018-05-23 23:05:00
MERCH-6935,Health Express 6935,health,US,2023-11-06 21:13:00
MERCH-6936,Services Nova 6936,services,UK,2022-01-22 10:46:00
MERCH-6937,Retail Nova 6937,retail,BR,2019-05-11 02:49:00
MERCH-6938,Food Nova 6938,food,US,2019-11-05 00:11:00
MERCH-6939,Electronics Global 6939,electronics,US,2021-03-28 14:25:00
MERCH-6940,Travel Top 6940,travel,BR,2018-06-01 22:15:00
MERCH-6941,Entertainment Nova 6941,entertainment,US,2022-04-19 04:09:00
MERCH-6942,Health Plus 6942,health,BR,2018-12-06 23:51:00
MERCH-6943,Services Prime 6943,services,BR,2021-03-31 19:35:00
MERCH-6944,Retail Express 6944,retail,US,2023-11-25 21:38:00
MERCH-6945,Food Plus 6945,food,BR,2023-02-21 13:57:00
MERCH-6946,Electronics Nova 6946,electronics,US,2021-07-21 07:45:00
MERCH-6947,Travel Nova 6947,travel,US,2022-09-10 00:37:00
MERCH-6948,Entertainment Plus 6948,entertainment,FR,2022-02-17 10:27:00
MERCH-6949,Health Nova 6949,health,FR,2020-12-27 23:14:00
MERCH-6950,Services Express 6950,services,BR,2021-09-10 00:56:00
MERCH-6951,Retail Global 6951,retail,FR,2023-02-14 14:20:00
MERCH-6952,Food Prime 6952,food,UK,2023-02-09 20:19:00
MERCH-6953,Electronics Prime 6953,electronics,US,2020-07-14 05:10:00
MERCH-6954,Travel Plus 6954,travel,BR,2020-08-10 17:23:00
MERCH-6955,Entertainment Prime 6955,entertainment,BR,2019-09-15 05:19:00
MERCH-6956,Health Nova 6956,health,FR,2023-01-03 19:16:00
MERCH-6957,Services Max 6957,services,FR,2020-09-27 13:48:00
MERCH-6958,Retail Plus 6958,retail,US,2022-10-06 09:22:00
MERCH-6959,Food Central 6959,food,US,2023-10-10 10:54:00
MERCH-6960,Electronics Central 6960,electronics,US,2021-10-18 23:49:00
MERCH-6961,Travel Central 6961,travel,FR,2020-06-18 06:49:00
MERCH-6962,Entertainment Max 6962,entertainment,BR,2020-09-09 17:17:00
MERCH-6963,Health Central 6963,health,BR,2018-02-27 09:41:00
MERCH-6964,Services Plus 6964,services,BR,2019-07-25 10:11:00
MERCH-6965,Retail Nova 6965,retail,BR,2018-10-31 21:10:00
MERCH-6966,Food Plus 6966,food,BR,2019-05-17 05:51:00
MERCH-6967,Electronics Express 6967,electronics,FR,2018-11-12 20:43:00
MERCH-6968,Travel Express 6968,travel,FR,2022-08-01 22:25:00
MERCH-6969,Entertainment Max 6969,entertainment,US,2021-01-17 08:33:00
MERCH-6970,Health Express 6970,health,BR,2020-01-23 10:46:00
MERCH-6971,Services Max 6971,services,BR,2020-12-02 03:09:00
MERCH-6972,Retail Express 6972,retail,BR,2020-08-09 01:06:00
MERCH-6973,Food Plus 6973,food,BR,2021-09-28 11:42:00
MERCH-6974,Electronics Max 6974,electronics,BR,2021-06-09 13:58:00
MERCH-6975,Travel Express 6975,travel,US,2023-03-09 12:06:00
MERCH-6976,Entertainment Nova 6976,entertainment,FR,2019-03-30 12:07:00
MERCH-6977,Health Nova 6977,health,US,2019-09-22 05:20:00
MERCH-6978,Services Nova 6978,services,UK,2019-03-26 21:06:00
MERCH-6979,Retail Express 6979,retail,BR,2019-03-25 08:25:00
MERCH-6980,Food Express 6980,food,BR,2019-01-06 10:49:00
MERCH-6981,Electronics Nova 6981,electronics,BR,2018-08-01 04:10:00
MERCH-6982,Travel Top 6982,travel,UK,2020-05-02 04:09:00
MERCH-6983,Entertainment Top 6983,entertainment,US,2018-05-03 05:25:00
MERCH-6984,Health Express 6984,health,BR,2020-12-31 03:41:00
MERCH-6985,Services Express 6985,services,BR,2023-09-11 21:09:00
MERCH-6986,Retail Prime 6986,retail,BR,2023-10-11 07:51:00
MERCH-6987,Food Plus 6987,food,BR,2021-05-06 12:18:00
MERCH-6988,Electronics Top 6988,electronics,BR,2021-08-07 20:15:00
MERCH-6989,Travel Plus 6989,travel,BR,2019-05-11 20:41:00
MERCH-6990,Entertainment Central 6990,entertainment,UK,2018-06-10 00:58:00
MERCH-6991,Health Global 6991,health,BR,2019-04-14 08:23:00
MERCH-6992,Services Max 6992,services,FR,2021-02-09 03:38:00
MERCH-6993,Retail Global 6993,retail,BR,2019-06-07 11:08:00
MERCH-6994,Food Max 6994,food,BR,2023-11-04 11:16:00
MERCH-6995,Electronics Top 6995,electronics,BR,2023-10-23 07:02:00
MERCH-6996,Travel Central 6996,travel,UK,2021-03-02 05:35:00
MERCH-6997,Entertainment Top 6997,entertainment,BR,2023-01-05 05:59:00
MERCH-6998,Health Max 6998,health,UK,2022-04-25 19:12:00
MERCH-6999,Services Nova 6999,services,FR,2020-03-04 19:15:00
MERCH-7000,Retail Max 7000,retail,BR,2019-01-04 18:23:00
MERCH-7001,Food Top 7001,food,UK,2019-12-30 07:24:00
MERCH-7002,Electronics Nova 7002,electronics,BR,2018-07-30 06:27:00
MERCH-7003,Travel Central 7003,travel,FR,2018-04-07 20:07:00
MERCH-7004,Entertainment Express 7004,entertainment,UK,2018-04-07 15:57:00
MERCH-7005,Health Top 7005,health,US,2021-12-03 02:33:00
MERCH-7006,Services Central 7006,services,BR,2020-05-16 11:04:00
MERCH-7007,Retail Top 7007,retail,BR,2019-02-23 19:08:00
MERCH-7008,Food Express 7008,food,BR,2018-10-09 08:13:00
MERCH-7009,Electronics Prime 7009,electronics,US,2023-07-22 18:44:00
MERCH-7010,Travel Max 7010,travel,UK,2018-12-29 22:47:00
MERCH-7011,Entertainment Top 7011,entertainment,UK,2021-10-09 01:28:00
MERCH-7012,Health Express 7012,health,US,2022-08-07 09:49:00
MERCH-7013,Services Central 7013,services,UK,2020-09-09 12:37:00
MERCH-7014,Retail Top 7014,retail,BR,2020-10-27 01:37:00
MERCH-7015,Food Prime 7015,food,FR,2020-02-28 05:05:00
MERCH-7016,Electronics Global 7016,electronics,BR,2020-02-27 20:07:00
MERCH-7017,Travel Express 7017,travel,US,2018-04-06 13:19:00
MERCH-7018,Entertainment Central 7018,entertainment,BR,2020-04-15 08:52:00
MERCH-7019,Health Prime 7019,health,BR,2023-06-18 16:07:00
MERCH-7020,Services Plus 7020,services,BR,2021-08-25 07:29:00
MERCH-7021,Retail Express 7021,retail,UK,2019-02-22 16:55:00
MERCH-7022,Food Plus 7022,food,UK,2020-01-10 05:45:00
MERCH-7023,Electronics Max 7023,electronics,UK,2022-01-15 18:12:00
MERCH-7024,Travel Global 7024,travel,US,2023-11-08 13:23:00
MERCH-7025,Entertainment Plus 7025,entertainment,BR,2020-05-03 14:11:00
MERCH-7026,Health Top 7026,health,BR,2018-04-07 01:21:00
MERCH-7027,Services Plus 7027,services,FR,2021-02-15 10:26:00
MERCH-7028,Retail Plus 7028,retail,UK,2023-04-29 18:11:00
MERCH-7029,Food Plus 7029,food,UK,2019-09-14 15:28:00
MERCH-7030,Electronics Central 7030,electronics,BR,2018-12-10 22:41:00
MERCH-7031,Travel Prime 7031,travel,BR,2019-08-25 19:16:00
MERCH-7032,Entertainment Max 7032,entertainment,FR,2019-05-17 08:21:00
MERCH-7033,Health Express 7033,health,UK,2019-08-29 11:43:00
MERCH-7034,Services Global 7034,services,BR,2020-11-26 13:07:00
MERCH-7035,Retail Express 7035,retail,US,2019-09-05 18:12:00
MERCH-7036,Food Plus 7036,food,BR,2020-09-03 23:56:00
MERCH-7037,Electronics Nova 7037,electronics,UK,2020-04-14 13:26:00
MERCH-7038,Travel Central 7038,travel,FR,2021-03-03 21:34:00
MERCH-7039,Entertainment Global 7039,entertainment,BR,2023-01-07 15:03:00
MERCH-7040,Health Nova 7040,health,UK,2020-03-22 15:32:00
MERCH-7041,Services Top 7041,services,BR,2022-05-18 18:04:00
MERCH-7042,Retail Top 7042,retail,BR,2018-04-11 21:44:00
MERCH-7043,Food Prime 7043,food,BR,2023-09-08 11:54:00
MERCH-7044,Electronics Top 7044,electronics,US,2018-11-02 08:09:00
MERCH-7045,Travel Max 7045,travel,FR,2020-08-04 06:55:00
MERCH-7046,Entertainment Nova 7046,entertainment,US,2019-01-14 01:27:00
MERCH-7047,Health Global 7047,health,FR,2019-07-27 00:29:00
MERCH-7048,Services Plus 7048,services,BR,2018-06-12 05:07:00
MERCH-7049,Retail Prime 7049,retail,FR,2020-05-17 12:09:00
MERCH-7050,Food Top 7050,food,FR,2018-08-14 10:36:00
MERCH-7051,Electronics Top 7051,electronics,FR,2022-11-20 11:49:00
MERCH-7052,Travel Central 7052,travel,US,2020-06-27 09:17:00
MERCH-7053,Entertainment Top 7053,entertainment,BR,2018-08-01 05:18:00
MERCH-7054,Health Express 7054,health,US,2022-11-14 20:14:00
MERCH-7055,Services Max 7055,services,BR,2020-02-07 14:37:00
MERCH-7056,Retail Prime 7056,retail,FR,2022-09-06 18:19:00
MERCH-7057,Food Central 7057,food,BR,2020-02-12 09:41:00
MERCH-7058,Electronics Plus 7058,electronics,BR,2021-09-16 04:09:00
MERCH-7059,Travel Express 7059,travel,FR,2022-12-05 21:29:00
MERCH-7060,Entertainment Top 7060,entertainment,BR,2021-08-28 04:37:00
MERCH-7061,Health Max 7061,health,BR,2018-01-31 21:43:00
MERCH-7062,Services Max 7062,services,BR,2021-04-19 13:29:00
MERCH-7063,Retail Global 7063,retail,BR,2021-08-06 22:25:00
MERCH-7064,Food Nova 7064,food,FR,2021-03-02 07:40:00
MERCH-7065,Electronics Nova 7065,electronics,US,2020-08-06 01:56:00
MERCH-7066,Travel Central 7066,travel,UK,2020-05-06 15:30:00
MERCH-7067,Entertainment Max 7067,entertainment,BR,2018-09-09 17:18:00
MERCH-7068,Health Central 7068,health,BR,2021-03-24 11:34:00
MERCH-7069,Services Top 7069,services,BR,2023-11-03 05:55:00
MERCH-7070,Retail Express 7070,retail,FR,2019-06-27 03:48:00
MERCH-7071,Food Top 7071,food,UK,2021-11-14 07:13:00
MERCH-7072,Electronics Prime 7072,electronics,BR,2018-12-03 00:08:00
MERCH-7073,Travel Plus 7073,travel,BR,2022-01-21 15:19:00
MERCH-7074,Entertainment Prime 7074,entertainment,BR,2019-06-08 10:20:00
MERCH-7075,Health Express 7075,health,US,2023-06-09 05:11:00
MERCH-7076,Services Express 7076,services,BR,2022-08-22 09:10:00
MERCH-7077,Retail Top 7077,retail,BR,2022-10-05 11:08:00
MERCH-7078,Food Express 7078,food,BR,2019-03-01 18:30:00
MERCH-7079,Electronics Express 7079,electronics,BR,2020-10-11 01:31:00
MERCH-7080,Travel Nova 7080,travel,UK,2018-07-25 21:30:00
MERCH-7081,Entertainment Plus 7081,entertainment,US,2020-08-20 05:04:00
MERCH-7082,Health Top 7082,health,US,2018-09-10 08:29:00
MERCH-7083,Services Top 7083,services,FR,2020-12-26 10:08:00
MERCH-7084,Retail Plus 7084,retail,BR,2019-04-17 06:23:00
MERCH-7085,Food Nova 7085,food,UK,2020-11-26 08:15:00
MERCH-7086,Electronics Global 7086,electronics,US,2021-06-23 22:26:00
MERCH-7087,Travel Central 7087,travel,UK,2021-12-26 08:08:00
MERCH-7088,Entertainment Global 7088,entertainment,FR,2019-11-16 04:41:00
MERCH-7089,Health Nova 7089,health,UK,2018-05-19 19:03:00
MERCH-7090,Services Global 7090,services,BR,2023-11-06 05:56:00
MERCH-7091,Retail Plus 7091,retail,BR,2022-01-29 02:35:00
MERCH-7092,Food Top 7092,food,BR,2023-01-26 01:20:00
MERCH-7093,Electronics Max 7093,electronics,UK,2023-01-23 04:03:00
MERCH-7094,Travel Express 7094,travel,US,2021-02-07 05:21:00
MERCH-7095,Entertainment Top 7095,entertainment,FR,2021-01-19 05:43:00
MERCH-7096,Health Central 7096,health,BR,2022-04-28 23:08:00
MERCH-7097,Services Plus 7097,services,BR,2022-09-12 02:59:00
MERCH-7098,Retail Top 7098,retail,BR,2020-09-05 09:13:00
MERCH-7099,Food Central 7099,food,BR,2018-03-15 12:41:00
MERCH-7100,Electronics Express 7100,electronics,US,2019-02-21 20:50:00
MERCH-7101,Travel Max 7101,travel,UK,2018-02-09 09:09:00
MERCH-7102,Entertainment Global 7102,entertainment,US,2023-07-09 08:57:00
MERCH-7103,Health Central 7103,health,US,2020-03-29 05:16:00
MERCH-7104,Services Central 7104,services,BR,2022-12-08 08:41:00
MERCH-7105,Retail Central 7105,retail,BR,2019-11-16 02:04:00
MERCH-7106,Food Plus 7106,food,BR,2018-09-11 09:26:00
MERCH-7107,Electronics Express 7107,electronics,BR,2023-06-11 02:16:00
MERCH-7108,Travel Global 7108,travel,BR,2021-10-07 14:10:00
MERCH-7109,Entertainment Plus 7109,entertainment,US,2019-05-30 05:21:00
MERCH-7110,Health Global 7110,health,BR,2022-08-13 19:57:00
MERCH-7111,Services Express 7111,services,US,2023-06-19 21:39:00
MERCH-7112,Retail Nova 7112,retail,BR,2022-07-20 22:16:00
MERCH-7113,Food Nova 7113,food,US,2019-04-05 15:13:00
MERCH-7114,Electronics Top 7114,electronics,BR,2023-11-30 13:30:00
MERCH-7115,Travel Global 7115,travel,FR,2023-10-25 04:12:00
MERCH-7116,Entertainment Global 7116,entertainment,FR,2021-02-25 03:54:00
MERCH-7117,Health Global 7117,health,BR,2019-02-16 14:14:00
MERCH-7118,Services Central 7118,services,US,2023-06-01 20:46:00
MERCH-7119,Retail Express 7119,retail,BR,2022-02-09 05:23:00
MERCH-7120,Food Max 7120,food,UK,2022-11-17 18:12:00
MERCH-7121,Electronics Prime 7121,electronics,FR,2023-01-11 19:52:00
MERCH-7122,Travel Top 7122,travel,FR,2018-08-08 08:15:00
MERCH-7123,Entertainment Central 7123,entertainment,UK,2022-09-14 02:45:00
MERCH-7124,Health Central 7124,health,UK,2022-10-14 00:58:00
MERCH-7125,Services Central 7125,services,BR,2020-02-05 09:11:00
MERCH-7126,Retail Global 7126,retail,US,2019-11-05 04:46:00
MERCH-7127,Food Express 7127,food,BR,2021-06-28 13:51:00
MERCH-7128,Electronics Nova 7128,electronics,BR,2020-05-30 00:32:00
MERCH-7129,Travel Express 7129,travel,US,2019-06-25 19:51:00
MERCH-7130,Entertainment Max 7130,entertainment,BR,2022-10-21 07:22:00
MERCH-7131,Health Express 7131,health,US,2021-02-09 02:35:00
MERCH-7132,Services Global 7132,services,FR,2019-01-25 20:48:00
MERCH-7133,Retail Plus 7133,retail,BR,2019-06-07 16:24:00
MERCH-7134,Food Express 7134,food,BR,2018-10-24 19:55:00
MERCH-7135,Electronics Max 7135,electronics,BR,2019-11-25 13:16:00
MERCH-7136,Travel Max 7136,travel,BR,2018-05-27 04:09:00
MERCH-7137,Entertainment Top 7137,entertainment,UK,2022-12-07 12:14:00
MERCH-7138,Health Global 7138,health,UK,2019-06-26 11:43:00
MERCH-7139,Services Plus 7139,services,BR,2020-01-09 16:05:00
MERCH-7140,Retail Prime 7140,retail,FR,2018-09-06 14:00:00
MERCH-7141,Food Top 7141,food,FR,2020-09-12 05:30:00
MERCH-7142,Electronics Prime 7142,electronics,BR,2021-05-14 09:44:00
MERCH-7143,Travel Top 7143,travel,BR,2019-05-21 07:50:00
MERCH-7144,Entertainment Max 7144,entertainment,BR,2018-11-06 10:42:00
MERCH-7145,Health Global 7145,health,US,2022-08-20 11:08:00
MERCH-7146,Services Top 7146,services,BR,2023-10-03 16:00:00
MERCH-7147,Retail Max 7147,retail,BR,2021-09-14 08:10:00
MERCH-7148,Food Express 7148,food,UK,2023-02-12 05:41:00
MERCH-7149,Electronics Top 7149,electronics,FR,2021-02-24 20:35:00
MERCH-7150,Travel Nova 7150,travel,BR,2021-10-26 21:42:00
MERCH-7151,Entertainment Prime 7151,entertainment,BR,2022-01-31 09:55:00
MERCH-7152,Health Global 7152,health,FR,2019-01-28 01:45:00
MERCH-7153,Services Central 7153,services,BR,2021-08-13 20:09:00
MERCH-7154,Retail Global 7154,retail,UK,2023-11-17 03:20:00
MERCH-7155,Food Prime 7155,food,FR,2022-08-25 23:13:00
MERCH-7156,Electronics Prime 7156,electronics,BR,2022-04-15 02:38:00
MERCH-7157,Travel Top 7157,travel,BR,2020-08-18 01:50:00
MERCH-7158,Entertainment Central 7158,entertainment,BR,2021-04-11 12:17:00
MERCH-7159,Health Top 7159,health,FR,2022-08-18 05:48:00
MERCH-7160,Services Max 7160,services,US,2018-07-04 12:33:00
MERCH-7161,Retail Plus 7161,retail,US,2023-11-18 21:00:00
MERCH-7162,Food Max 7162,food,UK,2020-10-31 13:53:00
MERCH-7163,Electronics Prime 7163,electronics,US,2022-10-05 17:31:00
MERCH-7164,Travel Top 7164,travel,US,2022-09-01 19:32:00
MERCH-7165,Entertainment Top 7165,entertainment,FR,2018-06-28 23:06:00
MERCH-7166,Health Express 7166,health,BR,2019-02-06 16:43:00
MERCH-7167,Services Top 7167,services,BR,2020-03-11 05:38:00
MERCH-7168,Retail Max 7168,retail,BR,2023-06-22 22:36:00
MERCH-7169,Food Nova 7169,food,US,2019-11-15 00:29:00
MERCH-7170,Electronics Central 7170,electronics,BR,2023-11-20 10:36:00
MERCH-7171,Travel Global 7171,travel,BR,2023-06-04 06:16:00
MERCH-7172,Entertainment Express 7172,entertainment,UK,2020-05-14 08:52:00
MERCH-7173,Health Prime 7173,health,BR,2021-05-02 18:41:00
MERCH-7174,Services Top 7174,services,BR,2019-07-30 08:29:00
MERCH-7175,Retail Plus 7175,retail,US,2021-09-24 21:50:00
MERCH-7176,Food Nova 7176,food,BR,2023-08-25 18:56:00
MERCH-7177,Electronics Express 7177,electronics,BR,2019-06-12 12:15:00
MERCH-7178,Travel Prime 7178,travel,FR,2019-06-26 13:26:00
MERCH-7179,Entertainment Nova 7179,entertainment,FR,2019-01-18 02:49:00
MERCH-7180,Health Prime 7180,health,UK,2023-09-19 07:17:00
MERCH-7181,Services Plus 7181,services,UK,2019-07-13 15:43:00
MERCH-7182,Retail Prime 7182,retail,FR,2023-05-01 03:16:00
MERCH-7183,Food Central 7183,food,BR,2019-11-09 10:08:00
MERCH-7184,Electronics Plus 7184,electronics,BR,2019-08-18 04:48:00
MERCH-7185,Travel Plus 7185,travel,BR,2020-08-09 11:24:00
MERCH-7186,Entertainment Central 7186,entertainment,BR,2023-04-12 03:40:00
MERCH-7187,Health Max 7187,health,BR,2022-04-24 04:07:00
MERCH-7188,Services Max 7188,services,UK,2018-02-12 22:31:00
MERCH-7189,Retail Global 7189,retail,BR,2019-11-16 22:10:00
MERCH-7190,Food Plus 7190,food,BR,2018-10-22 12:54:00
MERCH-7191,Electronics Nova 7191,electronics,BR,2020-07-03 19:16:00
MERCH-7192,Travel Max 7192,travel,BR,2018-09-13 02:03:00
MERCH-7193,Entertainment Max 7193,entertainment,US,2023-03-09 19:27:00
MERCH-7194,Health Global 7194,health,FR,2023-05-12 13:39:00
MERCH-7195,Services Nova 7195,services,BR,2019-10-18 20:43:00
MERCH-7196,Retail Plus 7196,retail,UK,2018-08-15 18:01:00
MERCH-7197,Food Prime 7197,food,BR,2021-01-13 22:03:00
MERCH-7198,Electronics Global 7198,electronics,BR,2020-10-11 07:30:00
MERCH-7199,Travel Plus 7199,travel,BR,2023-01-04 19:38:00
MERCH-7200,Entertainment Max 7200,entertainment,BR,2020-01-29 16:04:00
MERCH-7201,Health Global 7201,health,FR,2023-02-05 00:40:00
MERCH-7202,Services Express 7202,services,BR,2020-07-31 16:32:00
MERCH-7203,Retail Prime 7203,retail,US,2021-11-12 23:30:00
MERCH-7204,Food Express 7204,food,FR,2023-07-01 20:12:00
MERCH-7205,Electronics Express 7205,electronics,US,2018-04-05 23:18:00
MERCH-7206,Travel Express 7206,travel,FR,2022-07-18 02:45:00
MERCH-7207,Entertainment Nova 7207,entertainment,UK,2020-09-20 05:03:00
MERCH-7208,Health Central 7208,health,UK,2019-05-22 00:12:00
MERCH-7209,Services Nova 7209,services,US,2020-10-06 11:06:00
MERCH-7210,Retail Prime 7210,retail,UK,2023-05-18 23:40:00
MERCH-7211,Food Top 7211,food,FR,2022-07-27 16:52:00
MERCH-7212,Electronics Prime 7212,electronics,FR,2022-07-02 07:40:00
MERCH-7213,Travel Prime 7213,travel,FR,2021-05-29 08:51:00
MERCH-7214,Entertainment Express 7214,entertainment,BR,2020-12-11 05:15:00
MERCH-7215,Health Global 7215,health,BR,2018-11-08 00:20:00
MERCH-7216,Services Max 7216,services,FR,2019-12-26 16:50:00
MERCH-7217,Retail Top 7217,retail,BR,2020-09-13 13:41:00
MERCH-7218,Food Global 7218,food,UK,2019-09-25 00:20:00
MERCH-7219,Electronics Top 7219,electronics,BR,2018-11-20 05:59:00
MERCH-7220,Travel Top 7220,travel,FR,2021-09-19 03:58:00
MERCH-7221,Entertainment Nova 7221,entertainment,BR,2021-01-29 09:26:00
MERCH-7222,Health Top 7222,health,US,2018-10-20 15:09:00
MERCH-7223,Services Central 7223,services,BR,2020-07-17 07:57:00
MERCH-7224,Retail Global 7224,retail,US,2019-10-22 18:40:00
MERCH-7225,Food Central 7225,food,FR,2021-11-11 01:01:00
MERCH-7226,Electronics Global 7226,electronics,US,2021-01-19 06:24:00
MERCH-7227,Travel Prime 7227,travel,US,2019-01-06 01:41:00
MERCH-7228,Entertainment Nova 7228,entertainment,BR,2021-11-10 09:51:00
MERCH-7229,Health Top 7229,health,BR,2022-10-30 13:45:00
MERCH-7230,Services Global 7230,services,BR,2018-08-16 11:52:00
MERCH-7231,Retail Prime 7231,retail,UK,2021-08-13 17:01:00
MERCH-7232,Food Nova 7232,food,FR,2018-01-02 04:34:00
MERCH-7233,Electronics Top 7233,electronics,US,2022-12-17 02:29:00
MERCH-7234,Travel Express 7234,travel,US,2022-09-27 09:16:00
MERCH-7235,Entertainment Plus 7235,entertainment,BR,2019-02-15 03:18:00
MERCH-7236,Health Nova 7236,health,UK,2018-09-17 10:38:00
MERCH-7237,Services Top 7237,services,UK,2019-05-10 07:07:00
MERCH-7238,Retail Global 7238,retail,UK,2018-07-09 20:40:00
MERCH-7239,Food Prime 7239,food,US,2023-02-22 07:08:00
MERCH-7240,Electronics Plus 7240,electronics,FR,2022-05-27 16:22:00
MERCH-7241,Travel Plus 7241,travel,FR,2020-07-02 04:45:00
MERCH-7242,Entertainment Top 7242,entertainment,BR,2023-07-04 11:54:00
MERCH-7243,Health Plus 7243,health,BR,2020-01-23 21:33:00
MERCH-7244,Services Prime 7244,services,BR,2022-11-05 13:37:00
MERCH-7245,Retail Max 7245,retail,BR,2020-09-30 11:42:00
MERCH-7246,Food Prime 7246,food,BR,2021-08-12 14:34:00
MERCH-7247,Electronics Max 7247,electronics,BR,2018-01-04 12:37:00
MERCH-7248,Travel Top 7248,travel,US,2018-10-27 10:43:00
MERCH-7249,Entertainment Prime 7249,entertainment,FR,2020-05-09 03:12:00
MERCH-7250,Health Global 7250,health,FR,2022-04-27 05:44:00
MERCH-7251,Services Nova 7251,services,BR,2018-05-23 07:46:00
MERCH-7252,Retail Plus 7252,retail,US,2019-01-02 03:05:00
MERCH-7253,Food Plus 7253,food,BR,2020-09-06 13:03:00
MERCH-7254,Electronics Max 7254,electronics,US,2021-07-05 14:43:00
MERCH-7255,Travel Central 7255,travel,BR,2022-08-22 19:47:00
MERCH-7256,Entertainment Prime 7256,entertainment,BR,2020-01-22 11:24:00
MERCH-7257,Health Max 7257,health,BR,2023-04-07 14:50:00
MERCH-7258,Services Max 7258,services,BR,2021-02-16 16:57:00
MERCH-7259,Retail Top 7259,retail,FR,2023-05-27 13:21:00
MERCH-7260,Food Central 7260,food,UK,2019-09-28 04:04:00
MERCH-7261,Electronics Max 7261,electronics,BR,2023-02-26 13:26:00
MERCH-7262,Travel Express 7262,travel,UK,2022-01-17 00:15:00
MERCH-7263,Entertainment Express 7263,entertainment,BR,2019-07-07 22:01:00
MERCH-7264,Health Global 7264,health,UK,2019-03-09 17:43:00
MERCH-7265,Services Top 7265,services,UK,2021-11-17 03:17:00
MERCH-7266,Retail Global 7266,retail,BR,2020-06-18 02:08:00
MERCH-7267,Food Max 7267,food,FR,2022-04-10 13:50:00
MERCH-7268,Electronics Max 7268,electronics,UK,2022-12-04 20:50:00
MERCH-7269,Travel Prime 7269,travel,US,2022-11-02 11:34:00
MERCH-7270,Entertainment Plus 7270,entertainment,BR,2021-04-07 03:40:00
MERCH-7271,Health Max 7271,health,US,2022-01-30 18:24:00
MERCH-7272,Services Express 7272,services,BR,2019-02-17 21:41:00
MERCH-7273,Retail Nova 7273,retail,US,2019-10-22 23:14:00
MERCH-7274,Food Top 7274,food,US,2019-07-26 07:44:00
MERCH-7275,Electronics Top 7275,electronics,UK,2019-05-30 11:42:00
MERCH-7276,Travel Plus 7276,travel,BR,2018-10-10 09:32:00
MERCH-7277,Entertainment Plus 7277,entertainment,US,2018-12-04 12:13:00
MERCH-7278,Health Max 7278,health,FR,2019-09-11 00:34:00
MERCH-7279,Services Max 7279,services,BR,2022-10-05 19:08:00
MERCH-7280,Retail Max 7280,retail,UK,2019-07-23 18:30:00
MERCH-7281,Food Nova 7281,food,BR,2020-12-11 16:04:00
MERCH-7282,Electronics Top 7282,electronics,UK,2023-04-23 08:19:00
MERCH-7283,Travel Max 7283,travel,FR,2022-01-03 18:59:00
MERCH-7284,Entertainment Express 7284,entertainment,BR,2022-11-03 18:32:00
MERCH-7285,Health Top 7285,health,BR,2019-11-17 20:40:00
MERCH-7286,Services Plus 7286,services,BR,2023-08-13 04:37:00
MERCH-7287,Retail Max 7287,retail,FR,2020-08-05 10:05:00
MERCH-7288,Food Nova 7288,food,US,2018-12-20 14:32:00
MERCH-7289,Electronics Global 7289,electronics,UK,2023-08-04 06:02:00
MERCH-7290,Travel Nova 7290,travel,BR,2019-10-01 20:54:00
MERCH-7291,Entertainment Nova 7291,entertainment,FR,2022-07-07 12:20:00
MERCH-7292,Health Prime 7292,health,BR,2020-02-06 22:36:00
MERCH-7293,Services Prime 7293,services,BR,2020-11-03 13:47:00
MERCH-7294,Retail Nova 7294,retail,BR,2023-10-05 14:09:00
MERCH-7295,Food Top 7295,food,US,2021-09-09 10:54:00
MERCH-7296,Electronics Express 7296,electronics,BR,2020-06-25 16:10:00
MERCH-7297,Travel Max 7297,travel,BR,2021-12-11 16:41:00
MERCH-7298,Entertainment Central 7298,entertainment,BR,2020-06-19 17:16:00
MERCH-7299,Health Max 7299,health,FR,2019-04-08 18:49:00
MERCH-7300,Services Plus 7300,services,FR,2023-01-29 06:53:00
MERCH-7301,Retail Plus 7301,retail,BR,2018-02-27 11:28:00
MERCH-7302,Food Max 7302,food,US,2020-01-03 12:15:00
MERCH-7303,Electronics Top 7303,electronics,BR,2021-01-12 21:04:00
MERCH-7304,Travel Central 7304,travel,FR,2021-08-11 19:24:00
MERCH-7305,Entertainment Plus 7305,entertainment,UK,2022-07-20 05:33:00
MERCH-7306,Health Plus 7306,health,BR,2020-07-22 10:34:00
MERCH-7307,Services Central 7307,services,BR,2022-08-25 11:11:00
MERCH-7308,Retail Top 7308,retail,FR,2023-08-13 12:40:00
MERCH-7309,Food Max 7309,food,UK,2018-10-14 18:41:00
MERCH-7310,Electronics Nova 7310,electronics,US,2018-03-09 07:47:00
MERCH-7311,Travel Express 7311,travel,BR,2019-10-28 10:50:00
MERCH-7312,Entertainment Top 7312,entertainment,BR,2018-10-26 16:25:00
MERCH-7313,Health Central 7313,health,BR,2020-03-03 02:24:00
MERCH-7314,Services Prime 7314,services,BR,2021-12-24 12:20:00
MERCH-7315,Retail Express 7315,retail,BR,2022-06-30 13:46:00
MERCH-7316,Food Express 7316,food,UK,2018-06-03 08:24:00
MERCH-7317,Electronics Express 7317,electronics,BR,2020-07-14 09:30:00
MERCH-7318,Travel Global 7318,travel,BR,2022-12-06 14:13:00
MERCH-7319,Entertainment Central 7319,entertainment,UK,2019-06-07 08:32:00
MERCH-7320,Health Max 7320,health,BR,2018-05-11 09:07:00
MERCH-7321,Services Prime 7321,services,US,2020-06-04 00:40:00
MERCH-7322,Retail Nova 7322,retail,US,2023-05-19 10:52:00
MERCH-7323,Food Express 7323,food,UK,2022-12-02 20:28:00
MERCH-7324,Electronics Central 7324,electronics,BR,2023-08-26 01:18:00
MERCH-7325,Travel Max 7325,travel,BR,2020-07-26 21:32:00
MERCH-7326,Entertainment Global 7326,entertainment,UK,2021-11-03 17:07:00
MERCH-7327,Health Global 7327,health,UK,2023-07-16 01:49:00
MERCH-7328,Services Central 7328,services,UK,2020-01-06 07:50:00
MERCH-7329,Retail Plus 7329,retail,US,2020-10-01 16:29:00
MERCH-7330,Food Nova 7330,food,US,2020-07-01 13:49:00
MERCH-7331,Electronics Nova 7331,electronics,BR,2020-04-05 21:47:00
MERCH-7332,Travel Top 7332,travel,BR,2019-11-07 10:18:00
MERCH-7333,Entertainment Global 7333,entertainment,FR,2019-12-17 10:53:00
MERCH-7334,Health Nova 7334,health,US,2023-10-29 03:48:00
MERCH-7335,Services Max 7335,services,UK,2018-07-12 20:24:00
MERCH-7336,Retail Central 7336,retail,FR,2019-08-27 10:41:00
MERCH-7337,Food Nova 7337,food,BR,2022-06-24 08:27:00
MERCH-7338,Electronics Central 7338,electronics,BR,2022-06-17 15:40:00
MERCH-7339,Travel Nova 7339,travel,BR,2018-09-17 19:13:00
MERCH-7340,Entertainment Central 7340,entertainment,US,2018-12-09 06:29:00
MERCH-7341,Health Central 7341,health,FR,2021-03-27 08:37:00
MERCH-7342,Services Nova 7342,services,FR,2023-04-11 16:52:00
MERCH-7343,Retail Nova 7343,retail,BR,2022-08-22 04:39:00
MERCH-7344,Food Global 7344,food,FR,2020-12-02 11:03:00
MERCH-7345,Electronics Global 7345,electronics,BR,2020-04-26 14:27:00
MERCH-7346,Travel Plus 7346,travel,US,2023-06-12 22:40:00
MERCH-7347,Entertainment Global 7347,entertainment,BR,2019-08-17 20:57:00
MERCH-7348,Health Global 7348,health,FR,2023-12-28 06:37:00
MERCH-7349,Services Central 7349,services,US,2023-08-12 05:09:00
MERCH-7350,Retail Prime 7350,retail,FR,2022-05-13 09:26:00
MERCH-7351,Food Express 7351,food,FR,2018-10-18 21:35:00
MERCH-7352,Electronics Express 7352,electronics,US,2018-09-26 00:48:00
MERCH-7353,Travel Central 7353,travel,FR,2021-06-17 15:09:00
MERCH-7354,Entertainment Global 7354,entertainment,BR,2022-07-16 06:23:00
MERCH-7355,Health Global 7355,health,UK,2018-07-15 05:38:00
MERCH-7356,Services Top 7356,services,FR,2021-09-05 15:36:00
MERCH-7357,Retail Prime 7357,retail,BR,2023-05-21 13:12:00
MERCH-7358,Food Central 7358,food,BR,2022-05-04 14:15:00
MERCH-7359,Electronics Express 7359,electronics,UK,2019-11-18 01:16:00
MERCH-7360,Travel Global 7360,travel,UK,2021-03-08 12:17:00
MERCH-7361,Entertainment Plus 7361,entertainment,FR,2018-01-19 06:16:00
MERCH-7362,Health Express 7362,health,BR,2023-05-06 21:20:00
MERCH-7363,Services Plus 7363,services,BR,2022-11-07 08:41:00
MERCH-7364,Retail Global 7364,retail,US,2020-11-07 21:34:00
MERCH-7365,Food Nova 7365,food,FR,2020-02-27 16:33:00
MERCH-7366,Electronics Prime 7366,electronics,UK,2018-07-22 10:58:00
MERCH-7367,Travel Global 7367,travel,BR,2020-10-12 14:28:00
MERCH-7368,Entertainment Plus 7368,entertainment,BR,2023-07-15 07:37:00
MERCH-7369,Health Top 7369,health,UK,2019-12-27 07:17:00
MERCH-7370,Services Top 7370,services,BR,2019-04-19 10:26:00
MERCH-7371,Retail Central 7371,retail,BR,2023-04-17 18:21:00
MERCH-7372,Food Global 7372,food,FR,2022-01-02 18:15:00
MERCH-7373,Electronics Nova 7373,electronics,BR,2022-12-20 15:19:00
MERCH-7374,Travel Central 7374,travel,BR,2019-10-19 18:04:00
MERCH-7375,Entertainment Plus 7375,entertainment,BR,2023-01-20 17:07:00
MERCH-7376,Health Prime 7376,health,BR,2020-02-01 05:27:00
MERCH-7377,Services Central 7377,services,BR,2022-11-04 14:41:00
MERCH-7378,Retail Central 7378,retail,BR,2023-03-23 12:34:00
MERCH-7379,Food Max 7379,food,BR,2021-10-27 22:31:00
MERCH-7380,Electronics Top 7380,electronics,BR,2022-11-29 09:30:00
MERCH-7381,Travel Max 7381,travel,UK,2019-11-18 02:33:00
MERCH-7382,Entertainment Prime 7382,entertainment,US,2018-03-13 12:46:00
MERCH-7383,Health Plus 7383,health,BR,2019-10-22 16:07:00
MERCH-7384,Services Global 7384,services,BR,2022-02-22 17:36:00
MERCH-7385,Retail Plus 7385,retail,BR,2021-01-23 11:27:00
MERCH-7386,Food Global 7386,food,UK,2020-05-10 16:03:00
MERCH-7387,Electronics Central 7387,electronics,FR,2019-06-03 11:27:00
MERCH-7388,Travel Nova 7388,travel,US,2022-08-07 03:01:00
MERCH-7389,Entertainment Top 7389,entertainment,UK,2022-02-26 21:57:00
MERCH-7390,Health Express 7390,health,UK,2019-11-17 20:33:00
MERCH-7391,Services Max 7391,services,BR,2022-05-15 16:55:00
MERCH-7392,Retail Max 7392,retail,BR,2023-11-23 17:20:00
MERCH-7393,Food Central 7393,food,BR,2018-08-02 20:52:00
MERCH-7394,Electronics Prime 7394,electronics,FR,2023-01-23 00:14:00
MERCH-7395,Travel Max 7395,travel,BR,2023-05-31 10:18:00
MERCH-7396,Entertainment Nova 7396,entertainment,UK,2020-06-16 14:56:00
MERCH-7397,Health Nova 7397,health,UK,2021-12-01 23:28:00
MERCH-7398,Services Express 7398,services,US,2018-01-12 09:34:00
MERCH-7399,Retail Nova 7399,retail,BR,2018-06-15 20:35:00
MERCH-7400,Food Prime 7400,food,FR,2023-10-21 21:56:00
MERCH-7401,Electronics Plus 7401,electronics,BR,2018-02-10 13:13:00
MERCH-7402,Travel Express 7402,travel,BR,2019-05-11 08:09:00
MERCH-7403,Entertainment Plus 7403,entertainment,BR,2021-08-21 23:07:00
MERCH-7404,Health Central 7404,health,BR,2019-01-26 03:37:00
MERCH-7405,Services Nova 7405,services,FR,2023-12-20 07:54:00
MERCH-7406,Retail Global 7406,retail,BR,2022-07-31 09:27:00
MERCH-7407,Food Central 7407,food,BR,2019-09-01 04:25:00
MERCH-7408,Electronics Central 7408,electronics,BR,2023-07-07 01:57:00
MERCH-7409,Travel Prime 7409,travel,BR,2023-10-08 04:43:00
MERCH-7410,Entertainment Global 7410,entertainment,US,2023-02-07 20:32:00
MERCH-7411,Health Express 7411,health,BR,2022-01-20 05:42:00
MERCH-7412,Services Central 7412,services,UK,2019-03-14 10:24:00
MERCH-7413,Retail Plus 7413,retail,UK,2019-05-17 22:13:00
MERCH-7414,Food Max 7414,food,BR,2021-07-29 00:59:00
MERCH-7415,Electronics Max 7415,electronics,BR,2018-11-30 06:47:00
MERCH-7416,Travel Top 7416,travel,US,2019-09-18 01:59:00
MERCH-7417,Entertainment Central 7417,entertainment,BR,2023-02-18 14:26:00
MERCH-7418,Health Plus 7418,health,US,2022-11-04 17:48:00
MERCH-7419,Services Global 7419,services,FR,2019-08-29 09:38:00
MERCH-7420,Retail Central 7420,retail,BR,2019-06-11 06:38:00
MERCH-7421,Food Max 7421,food,US,2018-10-29 09:26:00
MERCH-7422,Electronics Top 7422,electronics,US,2021-06-04 18:24:00
MERCH-7423,Travel Express 7423,travel,BR,2018-12-10 22:21:00
MERCH-7424,Entertainment Plus 7424,entertainment,US,2020-04-12 01:53:00
MERCH-7425,Health Express 7425,health,BR,2018-10-15 08:24:00
MERCH-7426,Services Global 7426,services,BR,2020-06-01 05:53:00
MERCH-7427,Retail Max 7427,retail,BR,2022-06-25 02:52:00
MERCH-7428,Food Max 7428,food,BR,2021-03-04 20:42:00
MERCH-7429,Electronics Top 7429,electronics,BR,2019-04-10 22:10:00
MERCH-7430,Travel Express 7430,travel,FR,2022-10-08 14:13:00
MERCH-7431,Entertainment Max 7431,entertainment,BR,2022-10-09 13:38:00
MERCH-7432,Health Nova 7432,health,BR,2020-05-15 01:04:00
MERCH-7433,Services Nova 7433,services,BR,2021-12-22 20:43:00
MERCH-7434,Retail Global 7434,retail,US,2021-07-02 15:47:00
MERCH-7435,Food Global 7435,food,UK,2021-08-09 02:45:00
MERCH-7436,Electronics Express 7436,electronics,US,2020-10-13 02:24:00
MERCH-7437,Travel Nova 7437,travel,BR,2022-01-19 19:23:00
MERCH-7438,Entertainment Top 7438,entertainment,US,2020-06-26 23:45:00
MERCH-7439,Health Top 7439,health,UK,2021-05-01 14:52:00
MERCH-7440,Services Max 7440,services,BR,2023-04-19 03:19:00
MERCH-7441,Retail Plus 7441,retail,FR,2021-11-16 20:53:00
MERCH-7442,Food Central 7442,food,BR,2020-07-25 14:27:00
MERCH-7443,Electronics Top 7443,electronics,BR,2020-11-30 04:15:00
MERCH-7444,Travel Top 7444,travel,UK,2021-09-13 09:05:00
MERCH-7445,Entertainment Top 7445,entertainment,BR,2020-03-26 16:57:00
MERCH-7446,Health Prime 7446,health,BR,2018-10-17 15:02:00
MERCH-7447,Services Central 7447,services,UK,2020-06-30 17:21:00
MERCH-7448,Retail Express 7448,retail,US,2020-08-23 04:57:00
MERCH-7449,Food Plus 7449,food,BR,2018-01-09 02:11:00
MERCH-7450,Electronics Express 7450,electronics,BR,2021-05-22 04:15:00
MERCH-7451,Travel Top 7451,travel,US,2022-11-13 18:57:00
MERCH-7452,Entertainment Max 7452,entertainment,FR,2018-05-16 02:38:00
MERCH-7453,Health Central 7453,health,FR,2020-05-22 01:52:00
MERCH-7454,Services Top 7454,services,BR,2021-04-01 03:34:00
MERCH-7455,Retail Top 7455,retail,UK,2019-10-04 21:07:00
MERCH-7456,Food Express 7456,food,BR,2022-01-09 13:15:00
MERCH-7457,Electronics Central 7457,electronics,BR,2023-09-17 13:50:00
MERCH-7458,Travel Prime 7458,travel,BR,2021-05-01 03:26:00
MERCH-7459,Entertainment Plus 7459,entertainment,BR,2020-08-19 21:26:00
MERCH-7460,Health Express 7460,health,FR,2018-03-22 09:34:00
MERCH-7461,Services Express 7461,services,BR,2019-06-10 18:55:00
MERCH-7462,Retail Express 7462,retail,BR,2018-11-17 02:50:00
MERCH-7463,Food Global 7463,food,BR,2022-06-23 06:09:00
MERCH-7464,Electronics Express 7464,electronics,FR,2022-08-19 20:24:00
MERCH-7465,Travel Nova 7465,travel,FR,2020-02-13 04:36:00
MERCH-7466,Entertainment Top 7466,entertainment,US,2019-01-27 12:17:00
MERCH-7467,Health Top 7467,health,BR,2019-12-11 04:33:00
MERCH-7468,Services Prime 7468,services,UK,2020-05-05 07:13:00
MERCH-7469,Retail Plus 7469,retail,UK,2020-02-07 15:51:00
MERCH-7470,Food Plus 7470,food,BR,2023-01-10 03:21:00
MERCH-7471,Electronics Max 7471,electronics,BR,2023-05-07 14:21:00
MERCH-7472,Travel Express 7472,travel,UK,2023-05-15 00:54:00
MERCH-7473,Entertainment Max 7473,entertainment,BR,2020-03-14 07:42:00
MERCH-7474,Health Global 7474,health,UK,2023-10-28 15:35:00
MERCH-7475,Services Max 7475,services,FR,2019-10-14 07:03:00
MERCH-7476,Retail Global 7476,retail,UK,2020-08-23 13:17:00
MERCH-7477,Food Nova 7477,food,UK,2022-07-20 15:28:00
MERCH-7478,Electronics Prime 7478,electronics,UK,2021-06-15 22:52:00
MERCH-7479,Travel Max 7479,travel,BR,2019-10-12 01:41:00
MERCH-7480,Entertainment Max 7480,entertainment,BR,2019-02-21 23:06:00
MERCH-7481,Health Plus 7481,health,FR,2023-03-15 21:23:00
MERCH-7482,Services Max 7482,services,BR,2018-08-19 14:13:00
MERCH-7483,Retail Central 7483,retail,FR,2022-07-23 03:41:00
MERCH-7484,Food Central 7484,food,UK,2018-07-11 11:44:00
MERCH-7485,Electronics Prime 7485,electronics,FR,2021-12-17 06:37:00
MERCH-7486,Travel Nova 7486,travel,US,2022-08-03 06:59:00
MERCH-7487,Entertainment Global 7487,entertainment,BR,2018-07-04 06:54:00
MERCH-7488,Health Prime 7488,health,UK,2020-04-16 07:53:00
MERCH-7489,Services Top 7489,services,BR,2019-11-27 14:29:00
MERCH-7490,Retail Top 7490,retail,UK,2018-03-16 03:28:00
MERCH-7491,Food Prime 7491,food,BR,2018-06-06 16:47:00
MERCH-7492,Electronics Central 7492,electronics,FR,2020-03-31 21:37:00
MERCH-7493,Travel Max 7493,travel,US,2022-10-29 16:05:00
MERCH-7494,Entertainment Prime 7494,entertainment,FR,2022-12-07 08:53:00
MERCH-7495,Health Plus 7495,health,BR,2023-03-05 21:09:00
MERCH-7496,Services Central 7496,services,FR,2018-03-23 13:14:00
MERCH-7497,Retail Max 7497,retail,US,2022-12-03 03:57:00
MERCH-7498,Food Max 7498,food,BR,2022-02-23 02:13:00
MERCH-7499,Electronics Nova 7499,electronics,BR,2023-05-13 11:20:00
MERCH-7500,Travel Max 7500,travel,FR,2022-10-15 21:09:00
MERCH-7501,Entertainment Nova 7501,entertainment,BR,2019-05-05 10:08:00
MERCH-7502,Health Central 7502,health,BR,2023-09-17 18:00:00
MERCH-7503,Services Express 7503,services,FR,2018-02-18 15:06:00
MERCH-7504,Retail Nova 7504,retail,UK,2018-09-19 13:47:00
MERCH-7505,Food Express 7505,food,FR,2022-05-08 10:15:00
MERCH-7506,Electronics Top 7506,electronics,BR,2020-07-22 15:13:00
MERCH-7507,Travel Central 7507,travel,UK,2021-09-17 00:49:00
MERCH-7508,Entertainment Plus 7508,entertainment,BR,2019-05-23 00:15:00
MERCH-7509,Health Max 7509,health,FR,2018-04-12 10:44:00
MERCH-7510,Services Max 7510,services,BR,2020-06-24 08:45:00
MERCH-7511,Retail Max 7511,retail,UK,2018-12-18 20:20:00
MERCH-7512,Food Central 7512,food,BR,2022-07-30 05:07:00
MERCH-7513,Electronics Plus 7513,electronics,US,2020-12-12 17:48:00
MERCH-7514,Travel Plus 7514,travel,US,2018-01-07 11:41:00
MERCH-7515,Entertainment Top 7515,entertainment,BR,2023-03-30 17:23:00
MERCH-7516,Health Top 7516,health,FR,2018-09-27 22:31:00
MERCH-7517,Services Top 7517,services,BR,2022-09-06 15:32:00
MERCH-7518,Retail Prime 7518,retail,BR,2019-09-08 07:45:00
MERCH-7519,Food Prime 7519,food,UK,2019-05-16 12:10:00
MERCH-7520,Electronics Nova 7520,electronics,BR,2022-06-10 05:22:00
MERCH-7521,Travel Top 7521,travel,BR,2022-10-17 09:13:00
MERCH-7522,Entertainment Max 7522,entertainment,BR,2022-09-09 13:54:00
MERCH-7523,Health Express 7523,health,US,2021-11-11 20:28:00
MERCH-7524,Services Central 7524,services,US,2023-07-13 00:24:00
MERCH-7525,Retail Express 7525,retail,US,2019-02-02 11:33:00
MERCH-7526,Food Prime 7526,food,US,2020-12-27 01:37:00
MERCH-7527,Electronics Nova 7527,electronics,BR,2022-10-08 21:24:00
MERCH-7528,Travel Top 7528,travel,UK,2018-03-02 17:06:00
MERCH-7529,Entertainment Express 7529,entertainment,US,2021-12-19 13:57:00
MERCH-7530,Health Prime 7530,health,BR,2018-02-26 14:45:00
MERCH-7531,Services Express 7531,services,BR,2023-09-04 19:18:00
MERCH-7532,Retail Max 7532,retail,FR,2018-08-13 03:43:00
MERCH-7533,Food Express 7533,food,UK,2018-03-21 00:11:00
MERCH-7534,Electronics Nova 7534,electronics,UK,2020-11-30 10:05:00
MERCH-7535,Travel Top 7535,travel,BR,2022-08-27 16:13:00
MERCH-7536,Entertainment Max 7536,entertainment,BR,2021-09-29 01:01:00
MERCH-7537,Health Nova 7537,health,BR,2022-10-17 06:01:00
MERCH-7538,Services Global 7538,services,BR,2022-06-27 07:26:00
MERCH-7539,Retail Top 7539,retail,BR,2019-08-07 19:38:00
MERCH-7540,Food Plus 7540,food,UK,2020-11-10 06:42:00
MERCH-7541,Electronics Nova 7541,electronics,FR,2022-09-22 01:44:00
MERCH-7542,Travel Prime 7542,travel,FR,2019-12-09 00:55:00
MERCH-7543,Entertainment Plus 7543,entertainment,UK,2023-08-21 12:18:00
MERCH-7544,Health Plus 7544,health,BR,2018-01-08 22:02:00
MERCH-7545,Services Prime 7545,services,FR,2023-01-09 15:52:00
MERCH-7546,Retail Prime 7546,retail,FR,2018-12-16 11:38:00
MERCH-7547,Food Global 7547,food,US,2019-11-12 13:16:00
MERCH-7548,Electronics Max 7548,electronics,BR,2023-05-02 03:38:00
MERCH-7549,Travel Global 7549,travel,BR,2019-08-12 11:23:00
MERCH-7550,Entertainment Nova 7550,entertainment,BR,2019-11-16 20:40:00
MERCH-7551,Health Nova 7551,health,FR,2018-08-26 11:53:00
MERCH-7552,Services Plus 7552,services,FR,2018-02-06 06:27:00
MERCH-7553,Retail Plus 7553,retail,BR,2018-10-14 06:37:00
MERCH-7554,Food Plus 7554,food,US,2022-01-05 17:54:00
MERCH-7555,Electronics Top 7555,electronics,BR,2019-12-01 00:28:00
MERCH-7556,Travel Plus 7556,travel,FR,2022-12-01 01:23:00
MERCH-7557,Entertainment Central 7557,entertainment,FR,2022-02-02 06:22:00
MERCH-7558,Health Prime 7558,health,FR,2019-07-14 04:30:00
MERCH-7559,Services Express 7559,services,FR,2019-05-18 22:59:00
MERCH-7560,Retail Central 7560,retail,BR,2022-01-18 04:08:00
MERCH-7561,Food Express 7561,food,BR,2018-06-07 19:19:00
MERCH-7562,Electronics Nova 7562,electronics,BR,2022-02-20 20:52:00
MERCH-7563,Travel Global 7563,travel,BR,2020-07-15 09:48:00
MERCH-7564,Entertainment Plus 7564,entertainment,UK,2022-02-08 18:37:00
MERCH-7565,Health Prime 7565,health,BR,2021-04-24 21:26:00
MERCH-7566,Services Max 7566,services,BR,2021-10-17 21:35:00
MERCH-7567,Retail Central 7567,retail,BR,2020-04-27 08:09:00
MERCH-7568,Food Max 7568,food,UK,2022-12-18 03:56:00
MERCH-7569,Electronics Central 7569,electronics,FR,2018-02-13 06:45:00
MERCH-7570,Travel Express 7570,travel,BR,2022-01-29 00:11:00
MERCH-7571,Entertainment Express 7571,entertainment,BR,2019-01-23 17:08:00
MERCH-7572,Health Prime 7572,health,BR,2021-12-23 04:05:00
MERCH-7573,Services Prime 7573,services,FR,2022-04-20 11:04:00
MERCH-7574,Retail Global 7574,retail,BR,2022-12-31 17:44:00
MERCH-7575,Food Global 7575,food,US,2021-12-11 02:45:00
MERCH-7576,Electronics Nova 7576,electronics,BR,2019-09-03 12:59:00
MERCH-7577,Travel Central 7577,travel,BR,2019-10-15 22:16:00
MERCH-7578,Entertainment Max 7578,entertainment,FR,2023-11-23 02:01:00
MERCH-7579,Health Plus 7579,health,BR,2022-07-30 19:38:00
MERCH-7580,Services Max 7580,services,FR,2023-08-22 21:31:00
MERCH-7581,Retail Prime 7581,retail,BR,2021-12-21 13:47:00
MERCH-7582,Food Global 7582,food,BR,2019-12-18 07:40:00
MERCH-7583,Electronics Prime 7583,electronics,US,2019-11-09 14:52:00
MERCH-7584,Travel Express 7584,travel,BR,2019-04-18 14:20:00
MERCH-7585,Entertainment Prime 7585,entertainment,BR,2023-01-04 16:18:00
MERCH-7586,Health Express 7586,health,FR,2022-11-22 01:42:00
MERCH-7587,Services Plus 7587,services,US,2022-12-01 00:20:00
MERCH-7588,Retail Max 7588,retail,US,2020-04-18 03:22:00
MERCH-7589,Food Express 7589,food,BR,2018-08-25 21:36:00
MERCH-7590,Electronics Top 7590,electronics,BR,2021-08-08 14:57:00
MERCH-7591,Travel Central 7591,travel,BR,2021-04-29 18:45:00
MERCH-7592,Entertainment Central 7592,entertainment,BR,2022-02-06 14:09:00
MERCH-7593,Health Prime 7593,health,BR,2019-01-22 13:43:00
MERCH-7594,Services Central 7594,services,FR,2021-08-24 06:54:00
MERCH-7595,Retail Top 7595,retail,BR,2021-06-14 08:27:00
MERCH-7596,Food Max 7596,food,BR,2023-04-30 03:53:00
MERCH-7597,Electronics Top 7597,electronics,UK,2019-03-20 19:08:00
MERCH-7598,Travel Express 7598,travel,FR,2018-12-05 15:57:00
MERCH-7599,Entertainment Global 7599,entertainment,BR,2023-10-10 01:42:00
MERCH-7600,Health Central 7600,health,BR,2023-01-18 16:56:00
MERCH-7601,Services Prime 7601,services,BR,2019-11-30 12:44:00
MERCH-7602,Retail Nova 7602,retail,US,2022-10-31 08:24:00
MERCH-7603,Food Max 7603,food,UK,2018-03-20 19:31:00
MERCH-7604,Electronics Express 7604,electronics,BR,2022-06-30 01:54:00
MERCH-7605,Travel Nova 7605,travel,UK,2022-01-21 19:06:00
MERCH-7606,Entertainment Nova 7606,entertainment,BR,2020-11-02 20:13:00
MERCH-7607,Health Nova 7607,health,UK,2023-11-12 16:14:00
MERCH-7608,Services Plus 7608,services,BR,2019-02-15 02:37:00
MERCH-7609,Retail Nova 7609,retail,BR,2021-09-19 21:22:00
MERCH-7610,Food Central 7610,food,US,2020-04-21 07:41:00
MERCH-7611,Electronics Nova 7611,electronics,BR,2020-06-12 03:19:00
MERCH-7612,Travel Prime 7612,travel,BR,2021-07-28 05:16:00
MERCH-7613,Entertainment Top 7613,entertainment,UK,2019-11-04 15:21:00
MERCH-7614,Health Nova 7614,health,BR,2022-09-06 04:19:00
MERCH-7615,Services Nova 7615,services,BR,2021-01-24 06:44:00
MERCH-7616,Retail Prime 7616,retail,BR,2020-04-05 18:12:00
MERCH-7617,Food Nova 7617,food,US,2020-06-07 20:20:00
MERCH-7618,Electronics Max 7618,electronics,BR,2021-11-13 15:18:00
MERCH-7619,Travel Prime 7619,travel,FR,2020-05-01 16:49:00
MERCH-7620,Entertainment Max 7620,entertainment,BR,2019-04-12 04:22:00
MERCH-7621,Health Express 7621,health,UK,2023-08-11 13:02:00
MERCH-7622,Services Top 7622,services,US,2020-05-17 23:04:00
MERCH-7623,Retail Max 7623,retail,UK,2018-02-20 00:34:00
MERCH-7624,Food Global 7624,food,BR,2018-03-14 11:45:00
MERCH-7625,Electronics Global 7625,electronics,US,2018-08-28 11:11:00
MERCH-7626,Travel Nova 7626,travel,BR,2019-03-29 05:08:00
MERCH-7627,Entertainment Global 7627,entertainment,BR,2022-10-02 20:04:00
MERCH-7628,Health Global 7628,health,FR,2021-06-26 11:09:00
MERCH-7629,Services Plus 7629,services,BR,2020-09-18 00:00:00
MERCH-7630,Retail Global 7630,retail,BR,2022-11-28 00:51:00
MERCH-7631,Food Plus 7631,food,US,2021-11-13 08:31:00
MERCH-7632,Electronics Express 7632,electronics,US,2023-12-20 21:13:00
MERCH-7633,Travel Prime 7633,travel,BR,2020-11-20 13:04:00
MERCH-7634,Entertainment Express 7634,entertainment,BR,2019-04-21 10:33:00
MERCH-7635,Health Prime 7635,health,BR,2019-04-24 04:10:00
MERCH-7636,Services Central 7636,services,BR,2023-09-19 04:26:00
MERCH-7637,Retail Global 7637,retail,BR,2020-03-12 03:41:00
MERCH-7638,Food Express 7638,food,US,2020-04-18 18:41:00
MERCH-7639,Electronics Express 7639,electronics,BR,2019-06-10 12:48:00
MERCH-7640,Travel Plus 7640,travel,BR,2019-03-02 22:47:00
MERCH-7641,Entertainment Plus 7641,entertainment,BR,2020-05-16 14:18:00
MERCH-7642,Health Plus 7642,health,BR,2020-10-03 10:48:00
MERCH-7643,Services Plus 7643,services,FR,2018-05-24 14:06:00
MERCH-7644,Retail Central 7644,retail,BR,2021-06-05 06:59:00
MERCH-7645,Food Express 7645,food,UK,2019-11-15 17:34:00
MERCH-7646,Electronics Plus 7646,electronics,BR,2021-08-21 08:02:00
MERCH-7647,Travel Global 7647,travel,BR,2020-12-21 22:19:00
MERCH-7648,Entertainment Prime 7648,entertainment,UK,2018-01-02 20:57:00
MERCH-7649,Health Max 7649,health,BR,2022-03-23 02:46:00
MERCH-7650,Services Plus 7650,services,BR,2020-12-01 04:43:00
MERCH-7651,Retail Express 7651,retail,BR,2021-04-23 22:38:00
MERCH-7652,Food Express 7652,food,UK,2018-09-13 04:20:00
MERCH-7653,Electronics Nova 7653,electronics,BR,2020-12-12 10:00:00
MERCH-7654,Travel Central 7654,travel,UK,2022-06-10 17:15:00
MERCH-7655,Entertainment Max 7655,entertainment,UK,2022-01-17 21:50:00
MERCH-7656,Health Prime 7656,health,BR,2022-03-18 05:45:00
MERCH-7657,Services Prime 7657,services,UK,2022-10-19 09:41:00
MERCH-7658,Retail Nova 7658,retail,UK,2019-06-13 04:51:00
MERCH-7659,Food Prime 7659,food,FR,2021-12-18 08:57:00
MERCH-7660,Electronics Global 7660,electronics,BR,2020-04-11 00:30:00
MERCH-7661,Travel Central 7661,travel,BR,2021-04-14 06:35:00
MERCH-7662,Entertainment Global 7662,entertainment,FR,2019-08-07 22:09:00
MERCH-7663,Health Max 7663,health,BR,2020-09-15 13:55:00
MERCH-7664,Services Nova 7664,services,BR,2019-07-24 08:05:00
MERCH-7665,Retail Nova 7665,retail,FR,2022-07-01 07:08:00
MERCH-7666,Food Plus 7666,food,BR,2023-09-06 16:28:00
MERCH-7667,Electronics Plus 7667,electronics,FR,2019-01-07 17:09:00
MERCH-7668,Travel Central 7668,travel,BR,2020-02-27 13:32:00
MERCH-7669,Entertainment Global 7669,entertainment,BR,2019-06-24 13:29:00
MERCH-7670,Health Express 7670,health,BR,2020-03-17 21:49:00
MERCH-7671,Services Central 7671,services,UK,2018-03-13 03:01:00
MERCH-7672,Retail Prime 7672,retail,FR,2023-06-06 15:35:00
MERCH-7673,Food Plus 7673,food,BR,2019-10-18 06:39:00
MERCH-7674,Electronics Top 7674,electronics,BR,2019-07-16 07:46:00
MERCH-7675,Travel Express 7675,travel,FR,2020-05-04 13:27:00
MERCH-7676,Entertainment Global 7676,entertainment,FR,2018-01-12 01:36:00
MERCH-7677,Health Plus 7677,health,BR,2019-05-13 05:17:00
MERCH-7678,Services Nova 7678,services,UK,2021-10-30 10:55:00
MERCH-7679,Retail Global 7679,retail,FR,2022-07-27 12:11:00
MERCH-7680,Food Central 7680,food,BR,2021-11-16 09:38:00
MERCH-7681,Electronics Express 7681,electronics,BR,2018-09-01 09:19:00
MERCH-7682,Travel Max 7682,travel,UK,2021-12-15 00:02:00
MERCH-7683,Entertainment Top 7683,entertainment,BR,2022-10-15 00:26:00
MERCH-7684,Health Central 7684,health,BR,2019-03-03 16:19:00
MERCH-7685,Services Prime 7685,services,UK,2022-07-16 01:06:00
MERCH-7686,Retail Express 7686,retail,BR,2021-10-03 04:26:00
MERCH-7687,Food Nova 7687,food,FR,2020-04-27 05:54:00
MERCH-7688,Electronics Max 7688,electronics,BR,2019-05-30 00:59:00
MERCH-7689,Travel Plus 7689,travel,UK,2021-01-23 04:37:00
MERCH-7690,Entertainment Prime 7690,entertainment,BR,2020-11-01 22:36:00
MERCH-7691,Health Global 7691,health,BR,2018-09-06 08:06:00
MERCH-7692,Services Plus 7692,services,UK,2021-12-06 23:28:00
MERCH-7693,Retail Max 7693,retail,US,2018-11-07 21:44:00
MERCH-7694,Food Top 7694,food,BR,2020-11-09 13:23:00
MERCH-7695,Electronics Prime 7695,electronics,BR,2022-04-07 21:40:00
MERCH-7696,Travel Central 7696,travel,BR,2020-12-20 19:03:00
MERCH-7697,Entertainment Nova 7697,entertainment,BR,2018-03-02 16:51:00
MERCH-7698,Health Plus 7698,health,US,2021-06-28 12:51:00
MERCH-7699,Services Central 7699,services,FR,2018-12-08 04:16:00
MERCH-7700,Retail Express 7700,retail,BR,2019-10-10 09:56:00
MERCH-7701,Food Top 7701,food,BR,2019-02-05 20:02:00
MERCH-7702,Electronics Plus 7702,electronics,BR,2020-12-07 13:31:00
MERCH-7703,Travel Central 7703,travel,BR,2018-04-08 22:54:00
MERCH-7704,Entertainment Global 7704,entertainment,US,2021-01-29 02:51:00
MERCH-7705,Health Max 7705,health,BR,2021-10-05 06:35:00
MERCH-7706,Services Global 7706,services,US,2022-09-02 15:27:00
MERCH-7707,Retail Global 7707,retail,BR,2022-05-18 04:15:00
MERCH-7708,Food Plus 7708,food,BR,2023-02-04 21:42:00
MERCH-7709,Electronics Nova 7709,electronics,UK,2020-12-02 08:24:00
MERCH-7710,Travel Prime 7710,travel,BR,2021-02-05 07:34:00
MERCH-7711,Entertainment Central 7711,entertainment,BR,2019-05-29 16:16:00
MERCH-7712,Health Express 7712,health,BR,2022-09-22 00:46:00
MERCH-7713,Services Express 7713,services,US,2019-07-14 05:48:00
MERCH-7714,Retail Global 7714,retail,BR,2021-10-14 07:29:00
MERCH-7715,Food Max 7715,food,BR,2018-11-26 18:05:00
MERCH-7716,Electronics Express 7716,electronics,FR,2022-10-02 06:11:00
MERCH-7717,Travel Central 7717,travel,BR,2023-12-07 20:55:00
MERCH-7718,Entertainment Prime 7718,entertainment,BR,2018-06-03 13:15:00
MERCH-7719,Health Top 7719,health,BR,2019-03-22 07:27:00
MERCH-7720,Services Plus 7720,services,BR,2018-03-13 17:43:00
MERCH-7721,Retail Central 7721,retail,US,2021-01-22 07:05:00
MERCH-7722,Food Nova 7722,food,FR,2022-06-11 08:41:00
MERCH-7723,Electronics Express 7723,electronics,BR,2023-05-25 10:00:00
MERCH-7724,Travel Express 7724,travel,UK,2019-03-20 21:59:00
MERCH-7725,Entertainment Express 7725,entertainment,BR,2020-08-07 13:38:00
MERCH-7726,Health Top 7726,health,FR,2020-09-07 14:40:00
MERCH-7727,Services Nova 7727,services,US,2021-12-10 18:55:00
MERCH-7728,Retail Global 7728,retail,US,2018-08-12 21:44:00
MERCH-7729,Food Prime 7729,food,BR,2020-05-14 18:26:00
MERCH-7730,Electronics Max 7730,electronics,BR,2022-09-30 13:13:00
MERCH-7731,Travel Global 7731,travel,BR,2021-01-26 00:52:00
MERCH-7732,Entertainment Global 7732,entertainment,FR,2020-10-31 00:16:00
MERCH-7733,Health Nova 7733,health,BR,2019-04-07 19:52:00
MERCH-7734,Services Plus 7734,services,BR,2019-04-09 17:23:00
MERCH-7735,Retail Top 7735,retail,US,2021-05-20 09:28:00
MERCH-7736,Food Top 7736,food,BR,2023-12-12 00:09:00
MERCH-7737,Electronics Express 7737,electronics,FR,2021-04-07 07:12:00
MERCH-7738,Travel Plus 7738,travel,BR,2021-02-09 11:49:00
MERCH-7739,Entertainment Plus 7739,entertainment,FR,2020-06-04 20:22:00
MERCH-7740,Health Plus 7740,health,BR,2022-09-09 18:59:00
MERCH-7741,Services Nova 7741,services,BR,2020-11-01 22:32:00
MERCH-7742,Retail Express 7742,retail,BR,2019-02-20 23:39:00
MERCH-7743,Food Express 7743,food,BR,2023-07-09 20:10:00
MERCH-7744,Electronics Max 7744,electronics,US,2022-10-06 23:18:00
MERCH-7745,Travel Nova 7745,travel,BR,2019-03-06 02:25:00
MERCH-7746,Entertainment Nova 7746,entertainment,US,2022-10-27 02:49:00
MERCH-7747,Health Central 7747,health,BR,2020-12-29 13:14:00
MERCH-7748,Services Global 7748,services,BR,2021-11-05 18:16:00
MERCH-7749,Retail Top 7749,retail,FR,2018-04-27 12:19:00
MERCH-7750,Food Global 7750,food,UK,2020-04-24 20:00:00
MERCH-7751,Electronics Plus 7751,electronics,BR,2019-10-09 22:56:00
MERCH-7752,Travel Prime 7752,travel,BR,2021-06-01 05:15:00
MERCH-7753,Entertainment Prime 7753,entertainment,US,2020-10-10 13:22:00
MERCH-7754,Health Max 7754,health,UK,2019-11-15 04:21:00
MERCH-7755,Services Max 7755,services,BR,2019-06-24 05:27:00
MERCH-7756,Retail Prime 7756,retail,FR,2023-12-02 16:28:00
MERCH-7757,Food Max 7757,food,BR,2020-03-26 10:34:00
MERCH-7758,Electronics Nova 7758,electronics,BR,2018-01-15 01:42:00
MERCH-7759,Travel Max 7759,travel,FR,2018-03-08 17:49:00
MERCH-7760,Entertainment Nova 7760,entertainment,FR,2019-09-15 09:03:00
MERCH-7761,Health Plus 7761,health,BR,2022-11-15 20:34:00
MERCH-7762,Services Top 7762,services,BR,2022-05-16 08:07:00
MERCH-7763,Retail Global 7763,retail,UK,2020-09-12 16:03:00
MERCH-7764,Food Max 7764,food,UK,2020-10-23 03:01:00
MERCH-7765,Electronics Global 7765,electronics,BR,2021-05-29 04:33:00
MERCH-7766,Travel Max 7766,travel,FR,2020-02-05 18:47:00
MERCH-7767,Entertainment Plus 7767,entertainment,UK,2020-12-22 14:34:00
MERCH-7768,Health Plus 7768,health,UK,2022-08-01 05:40:00
MERCH-7769,Services Plus 7769,services,BR,2020-01-28 03:12:00
MERCH-7770,Retail Max 7770,retail,BR,2023-11-07 21:54:00
MERCH-7771,Food Express 7771,food,UK,2023-01-15 23:17:00
MERCH-7772,Electronics Central 7772,electronics,BR,2023-10-31 19:49:00
MERCH-7773,Travel Global 7773,travel,UK,2021-01-25 04:56:00
MERCH-7774,Entertainment Express 7774,entertainment,BR,2021-10-22 15:03:00
MERCH-7775,Health Top 7775,health,BR,2022-02-09 10:17:00
MERCH-7776,Services Plus 7776,services,UK,2023-05-12 00:44:00
MERCH-7777,Retail Max 7777,retail,FR,2018-06-29 19:17:00
MERCH-7778,Food Plus 7778,food,FR,2022-03-02 21:09:00
MERCH-7779,Electronics Top 7779,electronics,BR,2021-11-02 14:55:00
MERCH-7780,Travel Max 7780,travel,BR,2019-11-09 09:45:00
MERCH-7781,Entertainment Prime 7781,entertainment,UK,2020-08-29 12:52:00
MERCH-7782,Health Central 7782,health,US,2022-05-02 13:46:00
MERCH-7783,Services Plus 7783,services,FR,2022-03-02 17:05:00
MERCH-7784,Retail Nova 7784,retail,BR,2020-12-22 19:51:00
MERCH-7785,Food Prime 7785,food,BR,2022-10-21 18:15:00
MERCH-7786,Electronics Express 7786,electronics,US,2020-04-05 11:20:00
MERCH-7787,Travel Plus 7787,travel,FR,2018-07-26 21:11:00
MERCH-7788,Entertainment Express 7788,entertainment,BR,2021-09-13 23:10:00
MERCH-7789,Health Express 7789,health,US,2019-09-23 04:47:00
MERCH-7790,Services Prime 7790,services,BR,2018-03-01 01:07:00
MERCH-7791,Retail Express 7791,retail,UK,2023-10-22 23:58:00
MERCH-7792,Food Max 7792,food,FR,2022-11-19 20:20:00
MERCH-7793,Electronics Top 7793,electronics,BR,2019-07-09 23:14:00
MERCH-7794,Travel Prime 7794,travel,US,2022-06-18 15:21:00
MERCH-7795,Entertainment Max 7795,entertainment,BR,2021-08-10 16:47:00
MERCH-7796,Health Max 7796,health,BR,2019-08-17 22:19:00
MERCH-7797,Services Central 7797,services,FR,2022-06-28 00:33:00
MERCH-7798,Retail Global 7798,retail,BR,2020-12-31 23:12:00
MERCH-7799,Food Global 7799,food,FR,2023-06-16 07:22:00
MERCH-7800,Electronics Central 7800,electronics,BR,2018-07-09 14:55:00
MERCH-7801,Travel Nova 7801,travel,BR,2021-04-01 11:50:00
MERCH-7802,Entertainment Prime 7802,entertainment,US,2022-12-17 01:26:00
MERCH-7803,Health Express 7803,health,UK,2023-08-31 03:40:00
MERCH-7804,Services Nova 7804,services,FR,2018-07-26 17:56:00
MERCH-7805,Retail Central 7805,retail,US,2019-09-08 12:51:00
MERCH-7806,Food Plus 7806,food,UK,2020-08-13 16:22:00
MERCH-7807,Electronics Central 7807,electronics,UK,2021-02-02 23:33:00
MERCH-7808,Travel Global 7808,travel,FR,2019-03-24 15:57:00
MERCH-7809,Entertainment Nova 7809,entertainment,BR,2018-04-26 22:24:00
MERCH-7810,Health Prime 7810,health,BR,2021-08-21 09:00:00
MERCH-7811,Services Global 7811,services,BR,2018-04-09 15:10:00
MERCH-7812,Retail Plus 7812,retail,UK,2018-03-23 10:21:00
MERCH-7813,Food Plus 7813,food,UK,2018-10-23 04:16:00
MERCH-7814,Electronics Nova 7814,electronics,US,2021-04-15 08:27:00
MERCH-7815,Travel Central 7815,travel,US,2022-05-27 11:50:00
MERCH-7816,Entertainment Plus 7816,entertainment,BR,2023-07-27 04:19:00
MERCH-7817,Health Plus 7817,health,FR,2019-09-22 13:41:00
MERCH-7818,Services Prime 7818,services,UK,2021-04-27 02:59:00
MERCH-7819,Retail Express 7819,retail,BR,2021-07-27 05:43:00
MERCH-7820,Food Express 7820,food,BR,2021-11-29 05:08:00
MERCH-7821,Electronics Top 7821,electronics,BR,2018-05-18 19:10:00
MERCH-7822,Travel Central 7822,travel,US,2018-02-17 06:08:00
MERCH-7823,Entertainment Plus 7823,entertainment,BR,2021-10-02 20:43:00
MERCH-7824,Health Central 7824,health,UK,2018-01-05 17:12:00
MERCH-7825,Services Plus 7825,services,BR,2018-06-10 08:00:00
MERCH-7826,Retail Global 7826,retail,BR,2019-01-21 06:00:00
MERCH-7827,Food Top 7827,food,FR,2021-01-15 13:12:00
MERCH-7828,Electronics Prime 7828,electronics,BR,2022-05-05 00:50:00
MERCH-7829,Travel Top 7829,travel,BR,2018-10-01 01:41:00
MERCH-7830,Entertainment Max 7830,entertainment,US,2019-12-11 18:04:00
MERCH-7831,Health Central 7831,health,US,2018-01-19 20:30:00
MERCH-7832,Services Central 7832,services,BR,2018-03-02 05:45:00
MERCH-7833,Retail Central 7833,retail,BR,2019-03-12 22:26:00
MERCH-7834,Food Express 7834,food,BR,2023-10-13 10:17:00
MERCH-7835,Electronics Express 7835,electronics,US,2023-08-08 09:48:00
MERCH-7836,Travel Global 7836,travel,BR,2022-11-24 13:02:00
MERCH-7837,Entertainment Max 7837,entertainment,FR,2018-10-07 00:47:00
MERCH-7838,Health Central 7838,health,BR,2018-12-22 01:03:00
MERCH-7839,Services Prime 7839,services,US,2023-11-08 18:01:00
MERCH-7840,Retail Global 7840,retail,FR,2020-02-22 09:07:00
MERCH-7841,Food Prime 7841,food,US,2018-01-16 02:53:00
MERCH-7842,Electronics Plus 7842,electronics,UK,2021-06-25 00:29:00
MERCH-7843,Travel Plus 7843,travel,BR,2018-07-08 16:14:00
MERCH-7844,Entertainment Prime 7844,entertainment,UK,2020-03-31 06:08:00
MERCH-7845,Health Nova 7845,health,BR,2018-08-20 03:26:00
MERCH-7846,Services Top 7846,services,BR,2019-10-31 02:16:00
MERCH-7847,Retail Express 7847,retail,BR,2023-12-07 03:19:00
MERCH-7848,Food Max 7848,food,UK,2018-11-23 10:31:00
MERCH-7849,Electronics Top 7849,electronics,BR,2020-01-20 09:57:00
MERCH-7850,Travel Max 7850,travel,FR,2022-01-16 08:44:00
MERCH-7851,Entertainment Top 7851,entertainment,US,2018-12-21 00:27:00
MERCH-7852,Health Plus 7852,health,BR,2019-03-01 19:55:00
MERCH-7853,Services Prime 7853,services,BR,2021-11-12 17:43:00
MERCH-7854,Retail Express 7854,retail,BR,2020-08-09 18:12:00
MERCH-7855,Food Nova 7855,food,US,2022-09-30 06:08:00
MERCH-7856,Electronics Max 7856,electronics,BR,2020-08-09 23:44:00
MERCH-7857,Travel Express 7857,travel,BR,2023-08-19 16:37:00
MERCH-7858,Entertainment Express 7858,entertainment,BR,2023-09-17 12:13:00
MERCH-7859,Health Express 7859,health,BR,2020-08-06 09:03:00
MERCH-7860,Services Central 7860,services,FR,2020-08-23 01:58:00
MERCH-7861,Retail Plus 7861,retail,UK,2020-10-02 17:33:00
MERCH-7862,Food Max 7862,food,BR,2018-01-06 17:58:00
MERCH-7863,Electronics Nova 7863,electronics,BR,2019-02-17 14:06:00
MERCH-7864,Travel Express 7864,travel,BR,2021-05-05 05:20:00
MERCH-7865,Entertainment Global 7865,entertainment,BR,2020-12-27 16:21:00
MERCH-7866,Health Global 7866,health,FR,2018-12-03 00:50:00
MERCH-7867,Services Plus 7867,services,BR,2023-01-08 03:14:00
MERCH-7868,Retail Nova 7868,retail,US,2022-01-05 15:16:00
MERCH-7869,Food Plus 7869,food,FR,2018-12-30 22:27:00
MERCH-7870,Electronics Global 7870,electronics,BR,2019-03-24 11:44:00
MERCH-7871,Travel Express 7871,travel,US,2018-02-18 10:41:00
MERCH-7872,Entertainment Prime 7872,entertainment,BR,2023-07-04 08:50:00
MERCH-7873,Health Express 7873,health,BR,2018-02-11 18:53:00
MERCH-7874,Services Prime 7874,services,US,2022-03-07 07:00:00
MERCH-7875,Retail Plus 7875,retail,FR,2021-05-23 19:25:00
MERCH-7876,Food Plus 7876,food,BR,2020-03-26 18:38:00
MERCH-7877,Electronics Express 7877,electronics,UK,2019-06-03 03:10:00
MERCH-7878,Travel Plus 7878,travel,BR,2022-06-04 12:06:00
MERCH-7879,Entertainment Plus 7879,entertainment,UK,2019-07-23 20:36:00
MERCH-7880,Health Central 7880,health,BR,2018-05-08 20:37:00
MERCH-7881,Services Top 7881,services,BR,2019-11-03 01:31:00
MERCH-7882,Retail Top 7882,retail,US,2021-04-30 19:40:00
MERCH-7883,Food Plus 7883,food,BR,2021-06-26 20:04:00
MERCH-7884,Electronics Top 7884,electronics,FR,2018-04-03 04:14:00
MERCH-7885,Travel Express 7885,travel,UK,2023-08-28 06:47:00
MERCH-7886,Entertainment Top 7886,entertainment,BR,2023-03-11 10:18:00
MERCH-7887,Health Prime 7887,health,BR,2023-01-31 16:02:00
MERCH-7888,Services Nova 7888,services,US,2023-09-13 22:05:00
MERCH-7889,Retail Prime 7889,retail,BR,2021-04-23 20:30:00
MERCH-7890,Food Max 7890,food,BR,2020-01-19 15:48:00
MERCH-7891,Electronics Nova 7891,electronics,BR,2023-11-05 18:01:00
MERCH-7892,Travel Top 7892,travel,US,2020-09-29 11:23:00
MERCH-7893,Entertainment Plus 7893,entertainment,BR,2023-09-20 07:35:00
MERCH-7894,Health Global 7894,health,FR,2023-06-27 13:20:00
MERCH-7895,Services Plus 7895,services,BR,2018-11-21 01:40:00
MERCH-7896,Retail Global 7896,retail,BR,2020-01-12 18:28:00
MERCH-7897,Food Plus 7897,food,FR,2022-01-02 03:19:00
MERCH-7898,Electronics Global 7898,electronics,BR,2023-01-26 08:30:00
MERCH-7899,Travel Plus 7899,travel,BR,2019-09-19 04:08:00
MERCH-7900,Entertainment Express 7900,entertainment,US,2021-09-26 10:18:00
MERCH-7901,Health Top 7901,health,BR,2020-07-22 06:30:00
MERCH-7902,Services Nova 7902,services,US,2019-01-09 02:08:00
MERCH-7903,Retail Nova 7903,retail,BR,2022-09-27 06:31:00
MERCH-7904,Food Top 7904,food,BR,2023-06-29 16:08:00
MERCH-7905,Electronics Max 7905,electronics,BR,2023-01-04 05:10:00
MERCH-7906,Travel Central 7906,travel,FR,2019-07-05 19:22:00
MERCH-7907,Entertainment Central 7907,entertainment,BR,2023-09-29 09:14:00
MERCH-7908,Health Express 7908,health,BR,2023-02-17 10:58:00
MERCH-7909,Services Nova 7909,services,US,2019-11-12 15:27:00
MERCH-7910,Retail Top 7910,retail,UK,2020-08-08 14:05:00
MERCH-7911,Food Nova 7911,food,BR,2020-11-11 23:09:00
MERCH-7912,Electronics Express 7912,electronics,BR,2019-09-19 11:06:00
MERCH-7913,Travel Global 7913,travel,BR,2020-06-09 07:00:00
MERCH-7914,Entertainment Global 7914,entertainment,BR,2019-09-29 00:41:00
MERCH-7915,Health Top 7915,health,UK,2021-04-30 06:49:00
MERCH-7916,Services Express 7916,services,UK,2019-01-21 22:50:00
MERCH-7917,Retail Top 7917,retail,US,2020-11-28 16:28:00
MERCH-7918,Food Max 7918,food,UK,2020-06-02 07:49:00
MERCH-7919,Electronics Express 7919,electronics,BR,2023-04-20 14:38:00
MERCH-7920,Travel Global 7920,travel,UK,2023-08-01 10:20:00
MERCH-7921,Entertainment Central 7921,entertainment,BR,2018-11-26 06:11:00
MERCH-7922,Health Global 7922,health,US,2023-01-26 04:47:00
MERCH-7923,Services Top 7923,services,UK,2018-08-02 06:48:00
MERCH-7924,Retail Prime 7924,retail,FR,2020-11-30 09:05:00
MERCH-7925,Food Plus 7925,food,BR,2021-11-04 09:44:00
MERCH-7926,Electronics Prime 7926,electronics,BR,2020-06-23 23:56:00
MERCH-7927,Travel Prime 7927,travel,BR,2018-08-19 01:30:00
MERCH-7928,Entertainment Prime 7928,entertainment,US,2023-01-29 13:08:00
MERCH-7929,Health Express 7929,health,BR,2019-09-10 02:21:00
MERCH-7930,Services Max 7930,services,UK,2019-12-10 19:20:00
MERCH-7931,Retail Nova 7931,retail,UK,2019-04-13 08:49:00
MERCH-7932,Food Prime 7932,food,BR,2018-11-26 14:05:00
MERCH-7933,Electronics Plus 7933,electronics,US,2023-10-06 04:55:00
MERCH-7934,Travel Max 7934,travel,UK,2018-04-24 17:57:00
MERCH-7935,Entertainment Prime 7935,entertainment,BR,2021-01-01 06:22:00
MERCH-7936,Health Plus 7936,health,BR,2023-02-01 02:38:00
MERCH-7937,Services Central 7937,services,US,2020-12-11 03:37:00
MERCH-7938,Retail Express 7938,retail,BR,2018-12-18 18:13:00
MERCH-7939,Food Prime 7939,food,FR,2018-04-23 01:25:00
MERCH-7940,Electronics Prime 7940,electronics,BR,2018-06-30 22:32:00
MERCH-7941,Travel Nova 7941,travel,BR,2020-05-08 23:01:00
MERCH-7942,Entertainment Central 7942,entertainment,BR,2018-04-14 09:05:00
MERCH-7943,Health Plus 7943,health,BR,2021-11-22 18:11:00
MERCH-7944,Services Express 7944,services,BR,2023-12-25 13:50:00
MERCH-7945,Retail Top 7945,retail,US,2020-09-05 08:58:00
MERCH-7946,Food Nova 7946,food,US,2019-03-02 08:39:00
MERCH-7947,Electronics Top 7947,electronics,BR,2023-01-05 15:57:00
MERCH-7948,Travel Central 7948,travel,UK,2023-01-18 11:06:00
MERCH-7949,Entertainment Express 7949,entertainment,BR,2021-01-19 13:02:00
MERCH-7950,Health Express 7950,health,US,2021-02-20 08:55:00
MERCH-7951,Services Top 7951,services,BR,2023-11-16 11:17:00
MERCH-7952,Retail Prime 7952,retail,BR,2018-09-13 11:56:00
MERCH-7953,Food Global 7953,food,FR,2018-08-19 13:44:00
MERCH-7954,Electronics Central 7954,electronics,BR,2021-08-29 07:58:00
MERCH-7955,Travel Global 7955,travel,UK,2022-10-05 02:12:00
MERCH-7956,Entertainment Plus 7956,entertainment,BR,2018-08-17 08:03:00
MERCH-7957,Health Prime 7957,health,BR,2020-02-15 04:10:00
MERCH-7958,Services Top 7958,services,BR,2023-10-02 16:00:00
MERCH-7959,Retail Express 7959,retail,BR,2022-09-21 02:11:00
MERCH-7960,Food Central 7960,food,FR,2021-01-01 08:00:00
MERCH-7961,Electronics Nova 7961,electronics,US,2023-10-29 20:12:00
MERCH-7962,Travel Prime 7962,travel,BR,2020-03-30 07:25:00
MERCH-7963,Entertainment Global 7963,entertainment,UK,2023-10-21 21:48:00
MERCH-7964,Health Prime 7964,health,US,2021-04-18 00:52:00
MERCH-7965,Services Nova 7965,services,FR,2023-08-27 04:09:00
MERCH-7966,Retail Express 7966,retail,UK,2023-07-05 07:19:00
MERCH-7967,Food Max 7967,food,BR,2020-06-23 19:09:00
MERCH-7968,Electronics Max 7968,electronics,BR,2022-03-31 10:36:00
MERCH-7969,Travel Plus 7969,travel,BR,2020-01-27 00:53:00
MERCH-7970,Entertainment Nova 7970,entertainment,BR,2021-11-24 01:28:00
MERCH-7971,Health Express 7971,health,UK,2022-01-20 12:43:00
MERCH-7972,Services Plus 7972,services,FR,2019-04-17 16:04:00
MERCH-7973,Retail Nova 7973,retail,UK,2020-08-30 01:24:00
MERCH-7974,Food Plus 7974,food,UK,2022-07-01 12:57:00
MERCH-7975,Electronics Express 7975,electronics,BR,2019-06-30 01:43:00
MERCH-7976,Travel Max 7976,travel,FR,2020-10-01 08:54:00
MERCH-7977,Entertainment Nova 7977,entertainment,FR,2018-03-18 20:07:00
MERCH-7978,Health Nova 7978,health,BR,2019-03-17 22:06:00
MERCH-7979,Services Central 7979,services,BR,2018-01-28 10:46:00
MERCH-7980,Retail Nova 7980,retail,UK,2023-01-28 00:04:00
MERCH-7981,Food Top 7981,food,BR,2018-12-12 00:28:00
MERCH-7982,Electronics Plus 7982,electronics,UK,2021-07-21 16:19:00
MERCH-7983,Travel Max 7983,travel,BR,2020-03-25 21:01:00
MERCH-7984,Entertainment Global 7984,entertainment,FR,2022-07-07 05:14:00
MERCH-7985,Health Central 7985,health,BR,2023-10-02 22:28:00
MERCH-7986,Services Plus 7986,services,UK,2023-08-11 23:41:00
MERCH-7987,Retail Top 7987,retail,BR,2021-01-24 11:06:00
MERCH-7988,Food Top 7988,food,BR,2022-09-28 18:25:00
MERCH-7989,Electronics Global 7989,electronics,UK,2019-11-22 01:31:00
MERCH-7990,Travel Max 7990,travel,FR,2019-12-04 15:51:00
MERCH-7991,Entertainment Central 7991,entertainment,FR,2018-04-05 17:56:00
MERCH-7992,Health Express 7992,health,BR,2023-03-21 22:40:00
MERCH-7993,Services Max 7993,services,UK,2019-07-23 22:38:00
MERCH-7994,Retail Max 7994,retail,BR,2023-04-03 19:08:00
MERCH-7995,Food Max 7995,food,FR,2021-03-11 23:47:00
MERCH-7996,Electronics Global 7996,electronics,US,2021-08-16 14:59:00
MERCH-7997,Travel Global 7997,travel,BR,2018-11-04 07:44:00
MERCH-7998,Entertainment Max 7998,entertainment,BR,2019-04-06 13:15:00
MERCH-7999,Health Max 7999,health,FR,2022-03-27 04:03:00
MERCH-8000,Services Plus 8000,services,BR,2018-04-04 01:25:00
MERCH-8001,Retail Global 8001,retail,FR,2018-10-04 14:57:00
MERCH-8002,Food Prime 8002,food,US,2018-07-02 01:48:00
MERCH-8003,Electronics Max 8003,electronics,US,2018-12-22 02:56:00
MERCH-8004,Travel Global 8004,travel,BR,2023-04-27 21:08:00
MERCH-8005,Entertainment Max 8005,entertainment,BR,2022-06-11 21:59:00
MERCH-8006,Health Top 8006,health,BR,2019-02-18 19:21:00
MERCH-8007,Services Express 8007,services,BR,2018-12-29 03:24:00
MERCH-8008,Retail Prime 8008,retail,US,2020-09-16 17:16:00
MERCH-8009,Food Nova 8009,food,BR,2020-06-26 05:01:00
MERCH-8010,Electronics Plus 8010,electronics,US,2022-05-15 02:43:00
MERCH-8011,Travel Prime 8011,travel,BR,2021-08-25 21:14:00
MERCH-8012,Entertainment Global 8012,entertainment,FR,2020-07-31 17:19:00
MERCH-8013,Health Global 8013,health,FR,2020-10-12 04:43:00
MERCH-8014,Services Prime 8014,services,BR,2018-06-14 07:03:00
MERCH-8015,Retail Nova 8015,retail,BR,2022-04-18 13:03:00
MERCH-8016,Food Max 8016,food,BR,2021-06-15 20:11:00
MERCH-8017,Electronics Plus 8017,electronics,UK,2019-09-13 04:30:00
MERCH-8018,Travel Top 8018,travel,BR,2020-03-28 08:50:00
MERCH-8019,Entertainment Global 8019,entertainment,US,2018-12-30 02:51:00
MERCH-8020,Health Prime 8020,health,BR,2019-03-26 03:52:00
MERCH-8021,Services Express 8021,services,US,2022-05-20 05:13:00
MERCH-8022,Retail Plus 8022,retail,BR,2022-06-15 07:51:00
MERCH-8023,Food Express 8023,food,FR,2023-04-26 17:39:00
MERCH-8024,Electronics Plus 8024,electronics,BR,2021-11-03 05:09:00
MERCH-8025,Travel Prime 8025,travel,BR,2020-07-05 00:31:00
MERCH-8026,Entertainment Top 8026,entertainment,US,2023-03-30 13:16:00
MERCH-8027,Health Express 8027,health,FR,2018-05-18 07:17:00
MERCH-8028,Services Plus 8028,services,BR,2023-12-21 13:04:00
MERCH-8029,Retail Central 8029,retail,US,2021-01-22 23:30:00
MERCH-8030,Food Prime 8030,food,FR,2023-06-16 11:47:00
MERCH-8031,Electronics Express 8031,electronics,UK,2023-11-05 11:42:00
MERCH-8032,Travel Max 8032,travel,US,2023-11-21 06:08:00
MERCH-8033,Entertainment Max 8033,entertainment,BR,2022-07-05 18:28:00
MERCH-8034,Health Nova 8034,health,US,2018-08-18 07:00:00
MERCH-8035,Services Nova 8035,services,BR,2022-07-24 15:45:00
MERCH-8036,Retail Global 8036,retail,BR,2018-10-17 09:01:00
MERCH-8037,Food Prime 8037,food,US,2020-07-20 14:33:00
MERCH-8038,Electronics Max 8038,electronics,BR,2020-06-28 06:40:00
MERCH-8039,Travel Express 8039,travel,FR,2021-01-31 18:06:00
MERCH-8040,Entertainment Express 8040,entertainment,UK,2018-10-17 11:27:00
MERCH-8041,Health Central 8041,health,FR,2021-02-19 05:17:00
MERCH-8042,Services Central 8042,services,BR,2023-09-16 19:41:00
MERCH-8043,Retail Top 8043,retail,BR,2019-12-29 15:53:00
MERCH-8044,Food Global 8044,food,BR,2023-06-18 10:53:00
MERCH-8045,Electronics Prime 8045,electronics,BR,2022-05-21 14:17:00
MERCH-8046,Travel Express 8046,travel,UK,2019-02-26 05:15:00
MERCH-8047,Entertainment Prime 8047,entertainment,BR,2021-05-30 07:15:00
MERCH-8048,Health Top 8048,health,BR,2018-09-29 16:16:00
MERCH-8049,Services Central 8049,services,FR,2021-07-06 05:16:00
MERCH-8050,Retail Global 8050,retail,UK,2022-12-12 05:30:00
MERCH-8051,Food Plus 8051,food,FR,2018-08-17 17:56:00
MERCH-8052,Electronics Nova 8052,electronics,BR,2022-01-28 21:17:00
MERCH-8053,Travel Max 8053,travel,BR,2020-02-29 04:23:00
MERCH-8054,Entertainment Global 8054,entertainment,BR,2018-03-28 09:02:00
MERCH-8055,Health Plus 8055,health,BR,2023-02-24 19:54:00
MERCH-8056,Services Max 8056,services,US,2023-05-22 10:17:00
MERCH-8057,Retail Plus 8057,retail,BR,2021-09-27 16:54:00
MERCH-8058,Food Prime 8058,food,BR,2023-03-04 04:09:00
MERCH-8059,Electronics Top 8059,electronics,BR,2023-12-20 12:06:00
MERCH-8060,Travel Prime 8060,travel,BR,2021-12-31 12:14:00
MERCH-8061,Entertainment Prime 8061,entertainment,BR,2021-03-15 02:09:00
MERCH-8062,Health Global 8062,health,BR,2019-05-25 18:52:00
MERCH-8063,Services Global 8063,services,FR,2019-12-07 12:46:00
MERCH-8064,Retail Top 8064,retail,BR,2019-07-28 09:01:00
MERCH-8065,Food Max 8065,food,FR,2021-08-23 09:44:00
MERCH-8066,Electronics Max 8066,electronics,FR,2021-09-11 13:19:00
MERCH-8067,Travel Top 8067,travel,BR,2021-03-22 08:09:00
MERCH-8068,Entertainment Plus 8068,entertainment,BR,2018-06-19 23:24:00
MERCH-8069,Health Max 8069,health,US,2018-03-09 15:46:00
MERCH-8070,Services Top 8070,services,US,2021-05-30 17:13:00
MERCH-8071,Retail Central 8071,retail,UK,2021-01-30 22:04:00
MERCH-8072,Food Max 8072,food,UK,2018-02-26 03:49:00
MERCH-8073,Electronics Max 8073,electronics,BR,2023-09-05 08:58:00
MERCH-8074,Travel Top 8074,travel,BR,2018-08-27 11:41:00
MERCH-8075,Entertainment Top 8075,entertainment,UK,2022-02-02 22:04:00
MERCH-8076,Health Top 8076,health,BR,2020-12-20 20:17:00
MERCH-8077,Services Global 8077,services,US,2019-01-31 23:14:00
MERCH-8078,Retail Nova 8078,retail,BR,2021-12-17 00:32:00
MERCH-8079,Food Prime 8079,food,FR,2023-03-04 22:05:00
MERCH-8080,Electronics Nova 8080,electronics,BR,2018-07-06 17:42:00
MERCH-8081,Travel Nova 8081,travel,FR,2018-02-10 18:40:00
MERCH-8082,Entertainment Nova 8082,entertainment,UK,2019-07-24 10:02:00
MERCH-8083,Health Top 8083,health,BR,2022-02-24 17:37:00
MERCH-8084,Services Global 8084,services,UK,2020-07-16 06:28:00
MERCH-8085,Retail Top 8085,retail,BR,2018-05-26 21:07:00
MERCH-8086,Food Central 8086,food,UK,2018-07-15 21:27:00
MERCH-8087,Electronics Express 8087,electronics,UK,2018-01-23 12:21:00
MERCH-8088,Travel Plus 8088,travel,US,2018-11-04 19:12:00
MERCH-8089,Entertainment Global 8089,entertainment,UK,2022-03-28 02:58:00
MERCH-8090,Health Prime 8090,health,BR,2022-09-22 12:56:00
MERCH-8091,Services Express 8091,services,BR,2021-10-20 15:35:00
MERCH-8092,Retail Prime 8092,retail,UK,2022-01-13 16:42:00
MERCH-8093,Food Global 8093,food,BR,2022-06-17 07:09:00
MERCH-8094,Electronics Plus 8094,electronics,BR,2022-10-26 01:54:00
MERCH-8095,Travel Prime 8095,travel,BR,2021-04-18 20:50:00
MERCH-8096,Entertainment Central 8096,entertainment,UK,2018-10-11 11:37:00
MERCH-8097,Health Prime 8097,health,FR,2021-09-17 10:46:00
MERCH-8098,Services Max 8098,services,US,2021-08-22 22:38:00
MERCH-8099,Retail Central 8099,retail,UK,2018-10-26 16:29:00
MERCH-8100,Food Central 8100,food,US,2022-02-23 09:17:00
MERCH-8101,Electronics Plus 8101,electronics,BR,2023-06-15 08:18:00
MERCH-8102,Travel Express 8102,travel,US,2019-01-03 09:52:00
MERCH-8103,Entertainment Express 8103,entertainment,UK,2020-06-10 21:50:00
MERCH-8104,Health Prime 8104,health,BR,2020-08-30 05:42:00
MERCH-8105,Services Global 8105,services,UK,2019-05-05 11:54:00
MERCH-8106,Retail Prime 8106,retail,US,2021-03-21 20:54:00
MERCH-8107,Food Max 8107,food,BR,2023-12-23 23:22:00
MERCH-8108,Electronics Plus 8108,electronics,BR,2021-11-26 00:00:00
MERCH-8109,Travel Prime 8109,travel,BR,2019-08-24 16:18:00
MERCH-8110,Entertainment Plus 8110,entertainment,UK,2020-04-23 15:33:00
MERCH-8111,Health Global 8111,health,BR,2018-12-04 01:28:00
MERCH-8112,Services Max 8112,services,FR,2019-02-05 20:33:00
MERCH-8113,Retail Plus 8113,retail,US,2023-05-25 01:29:00
MERCH-8114,Food Express 8114,food,BR,2020-09-30 19:25:00
MERCH-8115,Electronics Global 8115,electronics,US,2021-12-03 15:04:00
MERCH-8116,Travel Max 8116,travel,BR,2018-07-02 08:42:00
MERCH-8117,Entertainment Express 8117,entertainment,US,2020-07-22 11:44:00
MERCH-8118,Health Top 8118,health,BR,2022-12-29 11:29:00
MERCH-8119,Services Prime 8119,services,BR,2021-01-21 15:42:00
MERCH-8120,Retail Prime 8120,retail,BR,2021-08-20 12:01:00
MERCH-8121,Food Plus 8121,food,BR,2018-10-06 13:39:00
MERCH-8122,Electronics Nova 8122,electronics,FR,2022-04-07 17:20:00
MERCH-8123,Travel Global 8123,travel,BR,2021-04-19 03:19:00
MERCH-8124,Entertainment Prime 8124,entertainment,BR,2023-11-20 18:27:00
MERCH-8125,Health Nova 8125,health,BR,2018-12-20 20:20:00
MERCH-8126,Services Max 8126,services,BR,2018-03-10 10:14:00
MERCH-8127,Retail Global 8127,retail,US,2020-04-05 00:39:00
MERCH-8128,Food Central 8128,food,US,2023-09-10 12:46:00
MERCH-8129,Electronics Nova 8129,electronics,US,2022-09-23 12:37:00
MERCH-8130,Travel Plus 8130,travel,US,2020-08-06 20:31:00
MERCH-8131,Entertainment Nova 8131,entertainment,FR,2023-02-24 19:13:00
MERCH-8132,Health Nova 8132,health,FR,2021-05-31 07:58:00
MERCH-8133,Services Max 8133,services,FR,2020-06-06 02:45:00
MERCH-8134,Retail Nova 8134,retail,BR,2022-04-19 12:03:00
MERCH-8135,Food Prime 8135,food,US,2022-02-09 20:49:00
MERCH-8136,Electronics Global 8136,electronics,UK,2022-11-26 16:57:00
MERCH-8137,Travel Express 8137,travel,BR,2018-11-04 23:13:00
MERCH-8138,Entertainment Max 8138,entertainment,UK,2020-08-07 11:42:00
MERCH-8139,Health Plus 8139,health,BR,2021-10-04 02:23:00
MERCH-8140,Services Central 8140,services,BR,2020-10-20 09:55:00
MERCH-8141,Retail Global 8141,retail,BR,2018-07-09 16:31:00
MERCH-8142,Food Prime 8142,food,BR,2019-08-29 20:05:00
MERCH-8143,Electronics Top 8143,electronics,BR,2020-12-23 15:42:00
MERCH-8144,Travel Top 8144,travel,FR,2020-07-30 10:28:00
MERCH-8145,Entertainment Top 8145,entertainment,UK,2022-12-10 21:19:00
MERCH-8146,Health Top 8146,health,FR,2023-07-02 23:50:00
MERCH-8147,Services Global 8147,services,US,2022-05-08 22:07:00
MERCH-8148,Retail Nova 8148,retail,US,2020-05-03 21:03:00
MERCH-8149,Food Plus 8149,food,BR,2018-08-16 19:27:00
MERCH-8150,Electronics Nova 8150,electronics,BR,2018-09-10 18:16:00
MERCH-8151,Travel Max 8151,travel,BR,2023-12-08 19:57:00
MERCH-8152,Entertainment Global 8152,entertainment,BR,2020-02-07 20:29:00
MERCH-8153,Health Central 8153,health,BR,2021-05-19 19:03:00
MERCH-8154,Services Plus 8154,services,UK,2019-01-30 05:00:00
MERCH-8155,Retail Plus 8155,retail,US,2021-05-12 22:39:00
MERCH-8156,Food Max 8156,food,BR,2021-05-13 14:24:00
MERCH-8157,Electronics Central 8157,electronics,US,2021-05-11 05:46:00
MERCH-8158,Travel Central 8158,travel,UK,2019-11-20 07:18:00
MERCH-8159,Entertainment Global 8159,entertainment,US,2019-09-16 07:47:00
MERCH-8160,Health Plus 8160,health,US,2023-06-04 22:27:00
MERCH-8161,Services Plus 8161,services,BR,2020-01-16 10:18:00
MERCH-8162,Retail Prime 8162,retail,FR,2018-04-08 11:50:00
MERCH-8163,Food Nova 8163,food,UK,2019-08-15 04:49:00
MERCH-8164,Electronics Plus 8164,electronics,FR,2018-12-22 08:40:00
MERCH-8165,Travel Prime 8165,travel,BR,2022-02-22 22:41:00
MERCH-8166,Entertainment Central 8166,entertainment,BR,2018-02-05 15:48:00
MERCH-8167,Health Nova 8167,health,UK,2018-04-13 10:47:00
MERCH-8168,Services Global 8168,services,FR,2020-09-03 17:23:00
MERCH-8169,Retail Express 8169,retail,FR,2021-10-22 09:29:00
MERCH-8170,Food Prime 8170,food,BR,2021-11-15 11:53:00
MERCH-8171,Electronics Express 8171,electronics,BR,2018-06-04 07:30:00
MERCH-8172,Travel Prime 8172,travel,BR,2023-04-19 22:45:00
MERCH-8173,Entertainment Top 8173,entertainment,US,2021-03-03 10:58:00
MERCH-8174,Health Nova 8174,health,FR,2021-06-22 17:43:00
MERCH-8175,Services Max 8175,services,UK,2018-10-08 21:55:00
MERCH-8176,Retail Nova 8176,retail,UK,2021-10-15 05:12:00
MERCH-8177,Food Plus 8177,food,FR,2023-09-17 22:10:00
MERCH-8178,Electronics Plus 8178,electronics,UK,2022-03-12 22:46:00
MERCH-8179,Travel Nova 8179,travel,UK,2020-10-15 10:44:00
MERCH-8180,Entertainment Plus 8180,entertainment,FR,2022-12-09 14:30:00
MERCH-8181,Health Max 8181,health,FR,2021-09-17 02:49:00
MERCH-8182,Services Plus 8182,services,BR,2018-09-06 11:03:00
MERCH-8183,Retail Nova 8183,retail,BR,2022-10-11 02:35:00
MERCH-8184,Food Plus 8184,food,BR,2022-10-19 08:00:00
MERCH-8185,Electronics Top 8185,electronics,FR,2018-07-15 06:10:00
MERCH-8186,Travel Central 8186,travel,UK,2020-12-29 22:32:00
MERCH-8187,Entertainment Express 8187,entertainment,FR,2019-10-19 05:45:00
MERCH-8188,Health Max 8188,health,BR,2018-10-08 21:13:00
MERCH-8189,Services Global 8189,services,US,2019-01-23 02:08:00
MERCH-8190,Retail Top 8190,retail,UK,2021-02-17 04:29:00
MERCH-8191,Food Top 8191,food,FR,2022-04-28 16:26:00
MERCH-8192,Electronics Nova 8192,electronics,BR,2019-03-02 13:10:00
MERCH-8193,Travel Central 8193,travel,BR,2019-10-29 22:37:00
MERCH-8194,Entertainment Top 8194,entertainment,BR,2020-08-21 23:42:00
MERCH-8195,Health Global 8195,health,BR,2018-05-25 18:12:00
MERCH-8196,Services Express 8196,services,BR,2020-02-01 18:04:00
MERCH-8197,Retail Prime 8197,retail,BR,2020-03-04 22:48:00
MERCH-8198,Food Central 8198,food,US,2023-11-09 21:38:00
MERCH-8199,Electronics Top 8199,electronics,BR,2020-12-25 02:48:00
MERCH-8200,Travel Global 8200,travel,BR,2019-09-22 03:36:00
MERCH-8201,Entertainment Express 8201,entertainment,BR,2022-06-28 10:11:00
MERCH-8202,Health Max 8202,health,US,2021-10-19 13:50:00
MERCH-8203,Services Central 8203,services,FR,2019-12-26 09:58:00
MERCH-8204,Retail Top 8204,retail,BR,2023-07-01 20:53:00
MERCH-8205,Food Central 8205,food,BR,2022-04-22 16:42:00
MERCH-8206,Electronics Express 8206,electronics,UK,2023-09-24 18:46:00
MERCH-8207,Travel Plus 8207,travel,BR,2018-06-06 12:30:00
MERCH-8208,Entertainment Max 8208,entertainment,UK,2019-08-24 00:59:00
MERCH-8209,Health Top 8209,health,US,2022-04-30 20:41:00
MERCH-8210,Services Top 8210,services,BR,2018-07-23 11:33:00
MERCH-8211,Retail Plus 8211,retail,US,2021-04-12 15:17:00
MERCH-8212,Food Top 8212,food,BR,2019-03-20 17:16:00
MERCH-8213,Electronics Global 8213,electronics,BR,2020-09-03 13:10:00
MERCH-8214,Travel Max 8214,travel,BR,2021-03-22 19:30:00
MERCH-8215,Entertainment Nova 8215,entertainment,BR,2023-10-02 19:35:00
MERCH-8216,Health Prime 8216,health,FR,2020-09-30 06:40:00
MERCH-8217,Services Global 8217,services,UK,2023-04-22 08:45:00
MERCH-8218,Retail Global 8218,retail,BR,2023-06-16 03:57:00
MERCH-8219,Food Max 8219,food,BR,2019-12-15 16:30:00
MERCH-8220,Electronics Express 8220,electronics,BR,2018-05-28 03:49:00
MERCH-8221,Travel Max 8221,travel,BR,2022-08-08 13:40:00
MERCH-8222,Entertainment Nova 8222,entertainment,BR,2018-05-20 00:46:00
MERCH-8223,Health Express 8223,health,BR,2020-03-25 14:09:00
MERCH-8224,Services Plus 8224,services,BR,2018-04-04 05:49:00
MERCH-8225,Retail Top 8225,retail,BR,2023-09-18 15:24:00
MERCH-8226,Food Express 8226,food,US,2019-12-11 16:18:00
MERCH-8227,Electronics Global 8227,electronics,BR,2019-09-27 04:22:00
MERCH-8228,Travel Global 8228,travel,FR,2020-05-20 17:27:00
MERCH-8229,Entertainment Express 8229,entertainment,BR,2020-06-25 18:56:00
MERCH-8230,Health Nova 8230,health,US,2022-12-30 03:58:00
MERCH-8231,Services Prime 8231,services,UK,2022-02-01 23:39:00
MERCH-8232,Retail Plus 8232,retail,BR,2021-02-20 05:37:00
MERCH-8233,Food Prime 8233,food,US,2021-10-31 01:09:00
MERCH-8234,Electronics Nova 8234,electronics,BR,2023-10-21 05:16:00
MERCH-8235,Travel Express 8235,travel,BR,2018-10-15 00:52:00
MERCH-8236,Entertainment Prime 8236,entertainment,BR,2021-12-12 19:49:00
MERCH-8237,Health Plus 8237,health,UK,2020-02-19 08:14:00
MERCH-8238,Services Express 8238,services,FR,2018-08-24 15:49:00
MERCH-8239,Retail Max 8239,retail,US,2018-09-11 02:23:00
MERCH-8240,Food Max 8240,food,FR,2018-02-27 15:07:00
MERCH-8241,Electronics Plus 8241,electronics,UK,2023-06-15 21:01:00
MERCH-8242,Travel Top 8242,travel,BR,2019-11-19 05:40:00
MERCH-8243,Entertainment Global 8243,entertainment,BR,2019-02-23 18:20:00
MERCH-8244,Health Central 8244,health,FR,2023-04-14 11:44:00
MERCH-8245,Services Nova 8245,services,US,2022-09-06 03:00:00
MERCH-8246,Retail Prime 8246,retail,US,2022-12-18 15:07:00
MERCH-8247,Food Max 8247,food,UK,2018-09-26 03:46:00
MERCH-8248,Electronics Top 8248,electronics,BR,2021-02-16 06:35:00
MERCH-8249,Travel Plus 8249,travel,BR,2018-09-25 16:41:00
MERCH-8250,Entertainment Max 8250,entertainment,BR,2021-11-11 10:32:00
MERCH-8251,Health Top 8251,health,FR,2020-07-10 14:56:00
MERCH-8252,Services Top 8252,services,US,2022-01-18 00:44:00
MERCH-8253,Retail Express 8253,retail,US,2019-09-16 20:12:00
MERCH-8254,Food Max 8254,food,US,2023-07-22 02:41:00
MERCH-8255,Electronics Plus 8255,electronics,FR,2018-10-09 03:53:00
MERCH-8256,Travel Plus 8256,travel,BR,2018-12-25 04:47:00
MERCH-8257,Entertainment Prime 8257,entertainment,UK,2022-08-03 10:56:00
MERCH-8258,Health Global 8258,health,FR,2023-07-15 17:46:00
MERCH-8259,Services Prime 8259,services,US,2021-12-05 23:01:00
MERCH-8260,Retail Plus 8260,retail,FR,2018-01-04 00:46:00
MERCH-8261,Food Plus 8261,food,BR,2023-01-30 04:53:00
MERCH-8262,Electronics Central 8262,electronics,BR,2019-01-05 18:59:00
MERCH-8263,Travel Plus 8263,travel,US,2022-08-09 20:39:00
MERCH-8264,Entertainment Express 8264,entertainment,BR,2023-11-16 09:15:00
MERCH-8265,Health Nova 8265,health,BR,2020-09-08 02:22:00
MERCH-8266,Services Plus 8266,services,BR,2022-01-13 04:01:00
MERCH-8267,Retail Global 8267,retail,FR,2018-01-01 05:26:00
MERCH-8268,Food Central 8268,food,UK,2019-10-02 02:08:00
MERCH-8269,Electronics Plus 8269,electronics,FR,2021-12-29 10:16:00
MERCH-8270,Travel Central 8270,travel,BR,2021-05-08 11:14:00
MERCH-8271,Entertainment Top 8271,entertainment,UK,2020-09-18 17:43:00
MERCH-8272,Health Nova 8272,health,UK,2023-11-19 23:02:00
MERCH-8273,Services Prime 8273,services,UK,2023-04-03 13:36:00
MERCH-8274,Retail Top 8274,retail,FR,2022-05-01 00:20:00
MERCH-8275,Food Nova 8275,food,FR,2022-10-17 16:36:00
MERCH-8276,Electronics Plus 8276,electronics,BR,2023-07-24 00:39:00
MERCH-8277,Travel Global 8277,travel,BR,2023-07-29 08:03:00
MERCH-8278,Entertainment Central 8278,entertainment,FR,2019-09-03 06:31:00
MERCH-8279,Health Express 8279,health,US,2019-05-02 00:42:00
MERCH-8280,Services Top 8280,services,US,2021-12-30 20:55:00
MERCH-8281,Retail Central 8281,retail,FR,2023-03-03 22:31:00
MERCH-8282,Food Global 8282,food,BR,2021-10-02 05:57:00
MERCH-8283,Electronics Max 8283,electronics,US,2023-11-20 06:10:00
MERCH-8284,Travel Max 8284,travel,BR,2020-04-15 19:02:00
MERCH-8285,Entertainment Plus 8285,entertainment,FR,2023-08-16 23:11:00
MERCH-8286,Health Top 8286,health,BR,2020-08-02 14:01:00
MERCH-8287,Services Central 8287,services,BR,2022-08-17 08:11:00
MERCH-8288,Retail Nova 8288,retail,US,2023-12-17 12:04:00
MERCH-8289,Food Nova 8289,food,BR,2019-08-21 11:09:00
MERCH-8290,Electronics Prime 8290,electronics,BR,2019-10-11 01:51:00
MERCH-8291,Travel Express 8291,travel,BR,2019-05-20 18:51:00
MERCH-8292,Entertainment Plus 8292,entertainment,BR,2020-12-15 13:44:00
MERCH-8293,Health Nova 8293,health,BR,2018-08-10 10:32:00
MERCH-8294,Services Express 8294,services,US,2021-05-12 21:23:00
MERCH-8295,Retail Nova 8295,retail,FR,2019-11-26 18:29:00
MERCH-8296,Food Max 8296,food,BR,2023-10-30 23:03:00
MERCH-8297,Electronics Nova 8297,electronics,BR,2020-07-07 02:05:00
MERCH-8298,Travel Plus 8298,travel,BR,2019-11-08 22:56:00
MERCH-8299,Entertainment Nova 8299,entertainment,BR,2022-07-19 13:34:00
MERCH-8300,Health Top 8300,health,BR,2021-05-13 20:03:00
MERCH-8301,Services Express 8301,services,BR,2023-03-31 15:45:00
MERCH-8302,Retail Plus 8302,retail,US,2021-06-30 21:53:00
MERCH-8303,Food Central 8303,food,UK,2019-08-10 17:18:00
MERCH-8304,Electronics Express 8304,electronics,UK,2023-06-05 16:29:00
MERCH-8305,Travel Central 8305,travel,BR,2021-11-02 20:17:00
MERCH-8306,Entertainment Central 8306,entertainment,BR,2018-05-23 14:19:00
MERCH-8307,Health Nova 8307,health,UK,2020-07-09 18:45:00
MERCH-8308,Services Top 8308,services,BR,2020-03-05 16:35:00
MERCH-8309,Retail Plus 8309,retail,UK,2023-03-24 12:46:00
MERCH-8310,Food Global 8310,food,UK,2022-10-08 06:25:00
MERCH-8311,Electronics Top 8311,electronics,US,2022-11-20 08:28:00
MERCH-8312,Travel Global 8312,travel,FR,2023-04-01 16:09:00
MERCH-8313,Entertainment Global 8313,entertainment,BR,2022-11-20 22:38:00
MERCH-8314,Health Global 8314,health,BR,2022-01-12 07:06:00
MERCH-8315,Services Global 8315,services,US,2022-03-15 22:43:00
MERCH-8316,Retail Top 8316,retail,UK,2022-06-02 09:30:00
MERCH-8317,Food Global 8317,food,FR,2022-05-26 22:38:00
MERCH-8318,Electronics Top 8318,electronics,UK,2022-03-01 10:42:00
MERCH-8319,Travel Express 8319,travel,UK,2020-10-03 08:03:00
MERCH-8320,Entertainment Prime 8320,entertainment,BR,2021-07-27 04:21:00
MERCH-8321,Health Top 8321,health,BR,2022-04-18 13:24:00
MERCH-8322,Services Top 8322,services,BR,2020-10-12 08:23:00
MERCH-8323,Retail Express 8323,retail,BR,2019-12-28 15:32:00
MERCH-8324,Food Central 8324,food,FR,2021-12-01 14:14:00
MERCH-8325,Electronics Global 8325,electronics,UK,2021-10-29 21:00:00
MERCH-8326,Travel Plus 8326,travel,FR,2019-11-10 04:59:00
MERCH-8327,Entertainment Max 8327,entertainment,BR,2019-01-23 14:13:00
MERCH-8328,Health Central 8328,health,UK,2021-01-02 19:15:00
MERCH-8329,Services Nova 8329,services,US,2022-10-05 09:20:00
MERCH-8330,Retail Central 8330,retail,BR,2023-04-27 11:16:00
MERCH-8331,Food Global 8331,food,BR,2020-04-22 16:36:00
MERCH-8332,Electronics Max 8332,electronics,UK,2018-06-17 12:29:00
MERCH-8333,Travel Top 8333,travel,BR,2021-09-12 14:51:00
MERCH-8334,Entertainment Express 8334,entertainment,FR,2021-04-04 08:01:00
MERCH-8335,Health Top 8335,health,UK,2019-06-24 03:25:00
MERCH-8336,Services Prime 8336,services,US,2018-06-14 19:05:00
MERCH-8337,Retail Top 8337,retail,US,2021-07-06 15:52:00
MERCH-8338,Food Plus 8338,food,US,2022-04-17 21:40:00
MERCH-8339,Electronics Plus 8339,electronics,FR,2023-05-08 12:32:00
MERCH-8340,Travel Global 8340,travel,UK,2023-08-05 11:18:00
MERCH-8341,Entertainment Plus 8341,entertainment,UK,2018-08-08 03:22:00
MERCH-8342,Health Prime 8342,health,BR,2022-11-09 06:28:00
MERCH-8343,Services Max 8343,services,UK,2023-03-15 06:22:00
MERCH-8344,Retail Plus 8344,retail,US,2020-02-11 04:44:00
MERCH-8345,Food Global 8345,food,BR,2019-09-25 15:56:00
MERCH-8346,Electronics Max 8346,electronics,FR,2019-09-20 18:49:00
MERCH-8347,Travel Plus 8347,travel,BR,2020-03-28 09:27:00
MERCH-8348,Entertainment Top 8348,entertainment,BR,2019-04-05 17:15:00
MERCH-8349,Health Express 8349,health,BR,2021-02-03 21:08:00
MERCH-8350,Services Central 8350,services,BR,2023-08-28 15:39:00
MERCH-8351,Retail Global 8351,retail,BR,2019-03-18 01:25:00
MERCH-8352,Food Plus 8352,food,BR,2021-12-21 19:33:00
MERCH-8353,Electronics Top 8353,electronics,BR,2020-10-16 23:38:00
MERCH-8354,Travel Nova 8354,travel,BR,2022-10-31 02:08:00
MERCH-8355,Entertainment Top 8355,entertainment,BR,2021-02-20 00:27:00
MERCH-8356,Health Global 8356,health,UK,2019-02-16 08:46:00
MERCH-8357,Services Nova 8357,services,US,2018-03-04 10:38:00
MERCH-8358,Retail Global 8358,retail,US,2020-11-27 04:29:00
MERCH-8359,Food Express 8359,food,US,2020-02-10 03:30:00
MERCH-8360,Electronics Top 8360,electronics,UK,2019-08-17 21:10:00
MERCH-8361,Travel Max 8361,travel,BR,2021-10-17 20:48:00
MERCH-8362,Entertainment Top 8362,entertainment,FR,2023-04-08 21:42:00
MERCH-8363,Health Max 8363,health,BR,2018-04-11 13:09:00
MERCH-8364,Services Plus 8364,services,UK,2019-02-12 09:42:00
MERCH-8365,Retail Nova 8365,retail,UK,2019-10-23 01:58:00
MERCH-8366,Food Max 8366,food,BR,2022-03-09 05:08:00
MERCH-8367,Electronics Central 8367,electronics,UK,2022-08-14 07:00:00
MERCH-8368,Travel Top 8368,travel,FR,2021-06-17 05:06:00
MERCH-8369,Entertainment Express 8369,entertainment,BR,2023-07-24 22:51:00
MERCH-8370,Health Max 8370,health,BR,2023-07-04 00:31:00
MERCH-8371,Services Max 8371,services,BR,2018-07-08 17:34:00
MERCH-8372,Retail Central 8372,retail,UK,2020-06-23 06:41:00
MERCH-8373,Food Plus 8373,food,BR,2023-12-18 15:47:00
MERCH-8374,Electronics Max 8374,electronics,UK,2023-10-01 14:01:00
MERCH-8375,Travel Plus 8375,travel,BR,2020-12-27 09:56:00
MERCH-8376,Entertainment Global 8376,entertainment,BR,2020-04-16 05:29:00
MERCH-8377,Health Global 8377,health,BR,2021-01-16 18:59:00
MERCH-8378,Services Top 8378,services,FR,2018-10-20 05:36:00
MERCH-8379,Retail Central 8379,retail,US,2021-11-20 10:16:00
MERCH-8380,Food Plus 8380,food,BR,2021-08-22 17:22:00
MERCH-8381,Electronics Express 8381,electronics,BR,2019-04-14 01:57:00
MERCH-8382,Travel Top 8382,travel,US,2020-06-14 14:05:00
MERCH-8383,Entertainment Prime 8383,entertainment,BR,2020-07-31 23:56:00
MERCH-8384,Health Global 8384,health,BR,2018-04-10 10:37:00
MERCH-8385,Services Express 8385,services,BR,2021-12-17 23:18:00
MERCH-8386,Retail Express 8386,retail,BR,2021-09-02 11:19:00
MERCH-8387,Food Central 8387,food,US,2021-10-19 04:33:00
MERCH-8388,Electronics Plus 8388,electronics,US,2023-07-12 03:15:00
MERCH-8389,Travel Global 8389,travel,FR,2022-04-15 15:33:00
MERCH-8390,Entertainment Central 8390,entertainment,BR,2020-07-18 16:28:00
MERCH-8391,Health Nova 8391,health,BR,2020-11-09 18:08:00
MERCH-8392,Services Top 8392,services,UK,2023-03-06 14:14:00
MERCH-8393,Retail Central 8393,retail,US,2018-12-07 20:00:00
MERCH-8394,Food Prime 8394,food,BR,2019-03-28 07:22:00
MERCH-8395,Electronics Plus 8395,electronics,BR,2020-09-23 06:23:00
MERCH-8396,Travel Central 8396,travel,US,2018-03-15 16:24:00
MERCH-8397,Entertainment Prime 8397,entertainment,BR,2020-10-10 13:37:00
MERCH-8398,Health Max 8398,health,BR,2022-07-14 12:36:00
MERCH-8399,Services Express 8399,services,BR,2019-02-23 09:55:00
MERCH-8400,Retail Nova 8400,retail,BR,2020-07-17 15:02:00
MERCH-8401,Food Top 8401,food,BR,2020-09-13 14:08:00
MERCH-8402,Electronics Global 8402,electronics,BR,2019-06-13 15:36:00
MERCH-8403,Travel Prime 8403,travel,FR,2020-06-03 14:40:00
MERCH-8404,Entertainment Nova 8404,entertainment,BR,2020-03-25 12:15:00
MERCH-8405,Health Global 8405,health,UK,2022-12-17 10:02:00
MERCH-8406,Services Max 8406,services,BR,2023-03-26 14:30:00
MERCH-8407,Retail Plus 8407,retail,UK,2021-03-16 23:40:00
MERCH-8408,Food Global 8408,food,BR,2019-08-31 14:51:00
MERCH-8409,Electronics Global 8409,electronics,BR,2022-05-26 17:52:00
MERCH-8410,Travel Max 8410,travel,UK,2021-06-17 23:25:00
MERCH-8411,Entertainment Max 8411,entertainment,BR,2022-09-07 12:15:00
MERCH-8412,Health Plus 8412,health,BR,2018-02-08 14:57:00
MERCH-8413,Services Top 8413,services,BR,2022-10-08 00:51:00
MERCH-8414,Retail Prime 8414,retail,US,2018-02-07 22:05:00
MERCH-8415,Food Global 8415,food,BR,2021-04-12 17:08:00
MERCH-8416,Electronics Prime 8416,electronics,UK,2019-02-13 07:12:00
MERCH-8417,Travel Plus 8417,travel,BR,2020-04-28 09:11:00
MERCH-8418,Entertainment Prime 8418,entertainment,US,2018-07-05 23:11:00
MERCH-8419,Health Global 8419,health,FR,2018-03-14 10:30:00
MERCH-8420,Services Top 8420,services,UK,2022-08-11 06:35:00
MERCH-8421,Retail Global 8421,retail,BR,2022-03-25 19:21:00
MERCH-8422,Food Prime 8422,food,BR,2020-03-13 03:30:00
MERCH-8423,Electronics Express 8423,electronics,US,2022-05-08 02:00:00
MERCH-8424,Travel Top 8424,travel,UK,2019-01-29 02:08:00
MERCH-8425,Entertainment Global 8425,entertainment,FR,2018-01-22 16:27:00
MERCH-8426,Health Express 8426,health,BR,2022-05-29 06:13:00
MERCH-8427,Services Central 8427,services,BR,2020-11-16 09:03:00
MERCH-8428,Retail Prime 8428,retail,BR,2022-01-03 12:23:00
MERCH-8429,Food Central 8429,food,US,2020-07-22 06:52:00
MERCH-8430,Electronics Central 8430,electronics,BR,2022-06-19 01:11:00
MERCH-8431,Travel Prime 8431,travel,BR,2022-07-22 00:43:00
MERCH-8432,Entertainment Express 8432,entertainment,US,2023-03-16 20:52:00
MERCH-8433,Health Central 8433,health,FR,2020-02-05 02:13:00
MERCH-8434,Services Max 8434,services,UK,2023-12-08 21:52:00
MERCH-8435,Retail Top 8435,retail,BR,2020-08-07 09:28:00
MERCH-8436,Food Prime 8436,food,BR,2022-05-15 23:00:00
MERCH-8437,Electronics Nova 8437,electronics,UK,2018-02-15 00:08:00
MERCH-8438,Travel Global 8438,travel,US,2022-05-03 09:19:00
MERCH-8439,Entertainment Max 8439,entertainment,US,2020-06-15 16:23:00
MERCH-8440,Health Prime 8440,health,BR,2022-12-18 07:19:00
MERCH-8441,Services Plus 8441,services,BR,2023-02-12 09:45:00
MERCH-8442,Retail Max 8442,retail,UK,2020-01-09 08:04:00
MERCH-8443,Food Plus 8443,food,UK,2020-06-10 10:40:00
MERCH-8444,Electronics Plus 8444,electronics,BR,2018-04-18 13:48:00
MERCH-8445,Travel Top 8445,travel,BR,2021-01-13 11:16:00
MERCH-8446,Entertainment Global 8446,entertainment,FR,2018-03-21 22:48:00
MERCH-8447,Health Central 8447,health,US,2020-12-18 03:14:00
MERCH-8448,Services Central 8448,services,FR,2022-08-30 05:23:00
MERCH-8449,Retail Nova 8449,retail,FR,2020-03-03 21:13:00
MERCH-8450,Food Top 8450,food,BR,2018-11-11 18:20:00
MERCH-8451,Electronics Central 8451,electronics,BR,2018-10-11 15:59:00
MERCH-8452,Travel Global 8452,travel,BR,2020-09-01 09:24:00
MERCH-8453,Entertainment Top 8453,entertainment,FR,2021-02-23 17:48:00
MERCH-8454,Health Max 8454,health,US,2020-12-31 14:41:00
MERCH-8455,Services Central 8455,services,BR,2020-11-14 19:26:00
MERCH-8456,Retail Max 8456,retail,BR,2022-12-04 19:34:00
MERCH-8457,Food Max 8457,food,BR,2023-02-19 13:15:00
MERCH-8458,Electronics Plus 8458,electronics,BR,2021-06-01 05:16:00
MERCH-8459,Travel Plus 8459,travel,UK,2022-04-16 12:48:00
MERCH-8460,Entertainment Global 8460,entertainment,UK,2021-10-19 07:33:00
MERCH-8461,Health Global 8461,health,BR,2022-08-27 23:13:00
MERCH-8462,Services Nova 8462,services,BR,2021-11-20 23:41:00
MERCH-8463,Retail Global 8463,retail,BR,2021-09-06 17:00:00
MERCH-8464,Food Central 8464,food,BR,2023-08-16 06:59:00
MERCH-8465,Electronics Max 8465,electronics,BR,2019-03-20 21:57:00
MERCH-8466,Travel Top 8466,travel,UK,2018-02-23 05:48:00
MERCH-8467,Entertainment Prime 8467,entertainment,BR,2018-03-20 08:54:00
MERCH-8468,Health Plus 8468,health,BR,2021-05-15 20:59:00
MERCH-8469,Services Plus 8469,services,BR,2018-07-27 12:28:00
MERCH-8470,Retail Express 8470,retail,FR,2020-01-02 13:39:00
MERCH-8471,Food Global 8471,food,BR,2019-05-06 07:36:00
MERCH-8472,Electronics Prime 8472,electronics,FR,2018-08-05 07:49:00
MERCH-8473,Travel Central 8473,travel,US,2019-01-16 21:27:00
MERCH-8474,Entertainment Top 8474,entertainment,BR,2023-05-17 09:49:00
MERCH-8475,Health Global 8475,health,US,2021-11-13 13:15:00
MERCH-8476,Services Global 8476,services,UK,2023-01-17 00:06:00
MERCH-8477,Retail Prime 8477,retail,BR,2019-10-01 11:43:00
MERCH-8478,Food Central 8478,food,UK,2022-11-18 18:53:00
MERCH-8479,Electronics Global 8479,electronics,BR,2018-10-12 16:26:00
MERCH-8480,Travel Max 8480,travel,BR,2019-04-19 06:13:00
MERCH-8481,Entertainment Plus 8481,entertainment,BR,2022-04-05 10:05:00
MERCH-8482,Health Global 8482,health,US,2020-06-18 02:54:00
MERCH-8483,Services Global 8483,services,FR,2019-07-26 03:28:00
MERCH-8484,Retail Express 8484,retail,US,2022-02-08 23:15:00
MERCH-8485,Food Nova 8485,food,BR,2023-01-18 23:04:00
MERCH-8486,Electronics Max 8486,electronics,BR,2021-04-29 03:39:00
MERCH-8487,Travel Top 8487,travel,US,2022-05-29 03:56:00
MERCH-8488,Entertainment Top 8488,entertainment,BR,2022-03-29 00:51:00
MERCH-8489,Health Max 8489,health,BR,2022-06-02 01:17:00
MERCH-8490,Services Central 8490,services,FR,2018-05-25 12:44:00
MERCH-8491,Retail Max 8491,retail,UK,2022-06-08 22:44:00
MERCH-8492,Food Max 8492,food,BR,2023-07-31 14:12:00
MERCH-8493,Electronics Prime 8493,electronics,US,2020-08-12 06:44:00
MERCH-8494,Travel Max 8494,travel,BR,2018-06-04 18:31:00
MERCH-8495,Entertainment Max 8495,entertainment,BR,2020-02-25 03:31:00
MERCH-8496,Health Max 8496,health,UK,2021-08-15 12:51:00
MERCH-8497,Services Prime 8497,services,FR,2022-06-19 14:04:00
MERCH-8498,Retail Central 8498,retail,US,2021-11-01 16:20:00
MERCH-8499,Food Nova 8499,food,FR,2022-12-09 14:50:00
MERCH-8500,Electronics Prime 8500,electronics,UK,2020-04-01 12:29:00
MERCH-8501,Travel Prime 8501,travel,FR,2020-10-09 07:43:00
MERCH-8502,Entertainment Prime 8502,entertainment,BR,2020-05-09 03:22:00
MERCH-8503,Health Top 8503,health,BR,2021-03-29 13:25:00
MERCH-8504,Services Max 8504,services,BR,2020-01-06 13:36:00
MERCH-8505,Retail Plus 8505,retail,BR,2018-09-29 11:22:00
MERCH-8506,Food Central 8506,food,BR,2021-03-30 12:29:00
MERCH-8507,Electronics Top 8507,electronics,US,2019-02-17 03:42:00
MERCH-8508,Travel Top 8508,travel,UK,2021-06-01 05:03:00
MERCH-8509,Entertainment Max 8509,entertainment,BR,2020-04-26 03:02:00
MERCH-8510,Health Max 8510,health,FR,2019-11-16 07:46:00
MERCH-8511,Services Top 8511,services,US,2019-10-03 07:22:00
MERCH-8512,Retail Plus 8512,retail,US,2021-05-24 12:45:00
MERCH-8513,Food Max 8513,food,UK,2022-10-27 16:56:00
MERCH-8514,Electronics Max 8514,electronics,UK,2022-12-06 21:09:00
MERCH-8515,Travel Central 8515,travel,FR,2019-05-07 07:52:00
MERCH-8516,Entertainment Global 8516,entertainment,BR,2020-03-13 13:04:00
MERCH-8517,Health Express 8517,health,UK,2019-11-10 15:18:00
MERCH-8518,Services Prime 8518,services,BR,2021-05-31 06:56:00
MERCH-8519,Retail Express 8519,retail,US,2021-01-15 07:38:00
MERCH-8520,Food Nova 8520,food,BR,2022-01-26 13:36:00
MERCH-8521,Electronics Prime 8521,electronics,FR,2022-03-14 12:29:00
MERCH-8522,Travel Top 8522,travel,BR,2018-10-09 15:24:00
MERCH-8523,Entertainment Top 8523,entertainment,UK,2019-04-12 12:46:00
MERCH-8524,Health Global 8524,health,BR,2021-03-22 10:23:00
MERCH-8525,Services Max 8525,services,BR,2022-04-15 13:43:00
MERCH-8526,Retail Max 8526,retail,BR,2023-12-30 23:17:00
MERCH-8527,Food Global 8527,food,FR,2018-09-10 12:56:00
MERCH-8528,Electronics Max 8528,electronics,FR,2018-08-28 00:44:00
MERCH-8529,Travel Global 8529,travel,FR,2018-08-13 22:56:00
MERCH-8530,Entertainment Global 8530,entertainment,US,2020-10-03 08:45:00
MERCH-8531,Health Prime 8531,health,US,2018-11-15 06:53:00
MERCH-8532,Services Central 8532,services,US,2019-04-23 06:16:00
MERCH-8533,Retail Nova 8533,retail,BR,2021-10-15 00:24:00
MERCH-8534,Food Nova 8534,food,US,2020-06-12 09:04:00
MERCH-8535,Electronics Global 8535,electronics,BR,2021-07-21 22:43:00
MERCH-8536,Travel Express 8536,travel,UK,2019-10-23 04:51:00
MERCH-8537,Entertainment Prime 8537,entertainment,US,2021-11-06 15:12:00
MERCH-8538,Health Prime 8538,health,FR,2022-11-13 04:34:00
MERCH-8539,Services Top 8539,services,BR,2022-06-13 00:37:00
MERCH-8540,Retail Express 8540,retail,UK,2020-10-05 12:13:00
MERCH-8541,Food Max 8541,food,UK,2023-04-25 16:22:00
MERCH-8542,Electronics Nova 8542,electronics,BR,2023-04-11 20:08:00
MERCH-8543,Travel Prime 8543,travel,FR,2019-09-20 14:13:00
MERCH-8544,Entertainment Max 8544,entertainment,FR,2023-07-21 21:08:00
MERCH-8545,Health Plus 8545,health,BR,2020-06-05 15:59:00
MERCH-8546,Services Plus 8546,services,US,2020-06-14 11:57:00
MERCH-8547,Retail Nova 8547,retail,US,2018-03-22 10:05:00
MERCH-8548,Food Global 8548,food,US,2022-11-12 23:41:00
MERCH-8549,Electronics Express 8549,electronics,FR,2022-08-01 22:52:00
MERCH-8550,Travel Top 8550,travel,FR,2018-10-31 22:52:00
MERCH-8551,Entertainment Plus 8551,entertainment,US,2020-10-08 07:56:00
MERCH-8552,Health Max 8552,health,US,2021-07-03 12:28:00
MERCH-8553,Services Central 8553,services,BR,2021-01-26 00:02:00
MERCH-8554,Retail Global 8554,retail,BR,2023-11-28 15:52:00
MERCH-8555,Food Nova 8555,food,BR,2019-03-11 23:05:00
MERCH-8556,Electronics Prime 8556,electronics,UK,2018-09-09 10:53:00
MERCH-8557,Travel Central 8557,travel,BR,2022-10-06 19:42:00
MERCH-8558,Entertainment Nova 8558,entertainment,BR,2020-08-30 02:18:00
MERCH-8559,Health Prime 8559,health,FR,2022-09-01 00:24:00
MERCH-8560,Services Express 8560,services,BR,2020-04-22 22:01:00
MERCH-8561,Retail Max 8561,retail,UK,2019-01-12 19:11:00
MERCH-8562,Food Top 8562,food,BR,2019-11-22 00:04:00
MERCH-8563,Electronics Nova 8563,electronics,BR,2018-01-18 15:55:00
MERCH-8564,Travel Top 8564,travel,FR,2018-09-11 18:41:00
MERCH-8565,Entertainment Plus 8565,entertainment,FR,2018-05-20 16:16:00
MERCH-8566,Health Top 8566,health,UK,2020-01-04 18:28:00
MERCH-8567,Services Prime 8567,services,BR,2020-06-05 07:09:00
MERCH-8568,Retail Max 8568,retail,BR,2019-09-11 11:58:00
MERCH-8569,Food Plus 8569,food,BR,2023-07-01 03:14:00
MERCH-8570,Electronics Express 8570,electronics,BR,2018-02-28 11:01:00
MERCH-8571,Travel Max 8571,travel,UK,2021-01-15 05:42:00
MERCH-8572,Entertainment Prime 8572,entertainment,US,2020-03-15 04:01:00
MERCH-8573,Health Prime 8573,health,FR,2021-01-10 15:55:00
MERCH-8574,Services Nova 8574,services,BR,2018-08-12 02:16:00
MERCH-8575,Retail Plus 8575,retail,BR,2019-10-26 19:23:00
MERCH-8576,Food Plus 8576,food,UK,2021-05-24 05:45:00
MERCH-8577,Electronics Nova 8577,electronics,FR,2018-01-21 23:42:00
MERCH-8578,Travel Prime 8578,travel,BR,2019-08-11 05:21:00
MERCH-8579,Entertainment Prime 8579,entertainment,US,2023-01-07 22:33:00
MERCH-8580,Health Prime 8580,health,UK,2018-02-15 10:36:00
MERCH-8581,Services Central 8581,services,BR,2021-11-19 09:11:00
MERCH-8582,Retail Max 8582,retail,FR,2021-11-04 16:49:00
MERCH-8583,Food Prime 8583,food,BR,2023-03-29 14:44:00
MERCH-8584,Electronics Max 8584,electronics,BR,2018-10-24 02:44:00
MERCH-8585,Travel Max 8585,travel,BR,2018-10-15 07:17:00
MERCH-8586,Entertainment Max 8586,entertainment,UK,2020-08-10 03:23:00
MERCH-8587,Health Global 8587,health,US,2022-04-30 12:55:00
MERCH-8588,Services Global 8588,services,UK,2021-01-22 11:48:00
MERCH-8589,Retail Central 8589,retail,BR,2021-09-22 05:36:00
MERCH-8590,Food Top 8590,food,FR,2021-05-26 19:18:00
MERCH-8591,Electronics Prime 8591,electronics,BR,2022-02-16 05:04:00
MERCH-8592,Travel Nova 8592,travel,UK,2019-12-04 16:09:00
MERCH-8593,Entertainment Prime 8593,entertainment,UK,2021-01-19 11:01:00
MERCH-8594,Health Nova 8594,health,BR,2022-03-23 04:08:00
MERCH-8595,Services Plus 8595,services,BR,2023-09-10 06:33:00
MERCH-8596,Retail Global 8596,retail,BR,2023-03-15 11:52:00
MERCH-8597,Food Central 8597,food,BR,2021-08-20 05:58:00
MERCH-8598,Electronics Nova 8598,electronics,US,2023-10-09 05:42:00
MERCH-8599,Travel Nova 8599,travel,BR,2020-01-01 08:04:00
MERCH-8600,Entertainment Central 8600,entertainment,BR,2019-11-19 16:45:00
MERCH-8601,Health Central 8601,health,FR,2021-01-05 00:22:00
MERCH-8602,Services Central 8602,services,BR,2020-02-02 07:16:00
MERCH-8603,Retail Prime 8603,retail,UK,2023-05-18 09:09:00
MERCH-8604,Food Central 8604,food,BR,2022-01-30 05:15:00
MERCH-8605,Electronics Plus 8605,electronics,BR,2019-11-04 04:07:00
MERCH-8606,Travel Central 8606,travel,BR,2018-03-25 02:07:00
MERCH-8607,Entertainment Plus 8607,entertainment,US,2023-02-02 17:51:00
MERCH-8608,Health Global 8608,health,BR,2023-09-13 02:57:00
MERCH-8609,Services Plus 8609,services,BR,2019-06-19 00:39:00
MERCH-8610,Retail Global 8610,retail,BR,2021-12-16 10:05:00
MERCH-8611,Food Top 8611,food,BR,2022-11-21 19:23:00
MERCH-8612,Electronics Central 8612,electronics,BR,2020-02-02 07:32:00
MERCH-8613,Travel Express 8613,travel,US,2023-03-06 07:32:00
MERCH-8614,Entertainment Central 8614,entertainment,UK,2020-08-24 21:00:00
MERCH-8615,Health Central 8615,health,US,2020-01-29 08:54:00
MERCH-8616,Services Global 8616,services,BR,2020-11-04 18:48:00
MERCH-8617,Retail Max 8617,retail,BR,2019-02-15 05:51:00
MERCH-8618,Food Top 8618,food,BR,2023-03-29 08:43:00
MERCH-8619,Electronics Nova 8619,electronics,BR,2022-09-14 15:23:00
MERCH-8620,Travel Central 8620,travel,BR,2020-09-28 21:46:00
MERCH-8621,Entertainment Plus 8621,entertainment,BR,2019-07-07 22:21:00
MERCH-8622,Health Max 8622,health,BR,2018-10-09 05:19:00
MERCH-8623,Services Max 8623,services,UK,2022-11-26 01:52:00
MERCH-8624,Retail Top 8624,retail,BR,2020-05-12 02:22:00
MERCH-8625,Food Top 8625,food,FR,2018-06-22 12:55:00
MERCH-8626,Electronics Top 8626,electronics,FR,2018-06-30 09:29:00
MERCH-8627,Travel Central 8627,travel,UK,2022-11-12 22:31:00
MERCH-8628,Entertainment Plus 8628,entertainment,US,2019-04-01 08:37:00
MERCH-8629,Health Nova 8629,health,FR,2018-02-02 05:55:00
MERCH-8630,Services Max 8630,services,BR,2018-09-19 07:29:00
MERCH-8631,Retail Global 8631,retail,US,2018-11-30 08:55:00
MERCH-8632,Food Nova 8632,food,BR,2018-09-23 10:17:00
MERCH-8633,Electronics Prime 8633,electronics,BR,2023-08-05 09:40:00
MERCH-8634,Travel Top 8634,travel,US,2020-12-05 12:14:00
MERCH-8635,Entertainment Nova 8635,entertainment,BR,2023-09-20 22:53:00
MERCH-8636,Health Express 8636,health,BR,2023-07-27 11:13:00
MERCH-8637,Services Nova 8637,services,US,2019-05-20 20:56:00
MERCH-8638,Retail Central 8638,retail,US,2018-05-03 18:22:00
MERCH-8639,Food Express 8639,food,FR,2022-04-22 22:01:00
MERCH-8640,Electronics Express 8640,electronics,BR,2019-05-03 03:56:00
MERCH-8641,Travel Nova 8641,travel,BR,2019-08-17 03:51:00
MERCH-8642,Entertainment Plus 8642,entertainment,UK,2022-11-10 11:19:00
MERCH-8643,Health Global 8643,health,FR,2022-04-16 09:03:00
MERCH-8644,Services Max 8644,services,BR,2022-07-28 08:20:00
MERCH-8645,Retail Max 8645,retail,UK,2022-06-26 19:05:00
MERCH-8646,Food Express 8646,food,BR,2019-03-30 05:53:00
MERCH-8647,Electronics Prime 8647,electronics,US,2023-02-10 22:55:00
MERCH-8648,Travel Nova 8648,travel,BR,2021-11-16 23:37:00
MERCH-8649,Entertainment Express 8649,entertainment,BR,2022-10-04 09:27:00
MERCH-8650,Health Plus 8650,health,BR,2021-08-28 05:54:00
MERCH-8651,Services Top 8651,services,BR,2020-12-02 16:28:00
MERCH-8652,Retail Prime 8652,retail,UK,2019-04-19 00:07:00
MERCH-8653,Food Max 8653,food,BR,2021-06-22 21:27:00
MERCH-8654,Electronics Global 8654,electronics,US,2021-06-01 02:24:00
MERCH-8655,Travel Top 8655,travel,BR,2021-05-18 07:21:00
MERCH-8656,Entertainment Plus 8656,entertainment,BR,2018-06-19 14:24:00
MERCH-8657,Health Prime 8657,health,BR,2023-11-12 09:45:00
MERCH-8658,Services Prime 8658,services,BR,2019-05-04 07:43:00
MERCH-8659,Retail Prime 8659,retail,BR,2019-12-16 17:54:00
MERCH-8660,Food Plus 8660,food,BR,2020-11-04 04:46:00
MERCH-8661,Electronics Nova 8661,electronics,BR,2019-06-05 01:51:00
MERCH-8662,Travel Nova 8662,travel,FR,2020-04-16 15:46:00
MERCH-8663,Entertainment Global 8663,entertainment,BR,2020-09-05 01:49:00
MERCH-8664,Health Max 8664,health,BR,2021-08-15 13:40:00
MERCH-8665,Services Global 8665,services,US,2022-12-07 07:30:00
MERCH-8666,Retail Global 8666,retail,FR,2022-06-25 17:35:00
MERCH-8667,Food Express 8667,food,BR,2020-11-20 10:49:00
MERCH-8668,Electronics Max 8668,electronics,BR,2020-04-14 01:27:00
MERCH-8669,Travel Central 8669,travel,BR,2022-12-21 08:49:00
MERCH-8670,Entertainment Max 8670,entertainment,BR,2023-07-01 13:58:00
MERCH-8671,Health Max 8671,health,BR,2019-05-19 13:08:00
MERCH-8672,Services Max 8672,services,US,2018-07-03 23:59:00
MERCH-8673,Retail Global 8673,retail,BR,2023-06-05 10:48:00
MERCH-8674,Food Top 8674,food,BR,2021-05-08 06:30:00
MERCH-8675,Electronics Top 8675,electronics,FR,2022-04-01 05:29:00
MERCH-8676,Travel Express 8676,travel,BR,2023-12-22 02:36:00
MERCH-8677,Entertainment Plus 8677,entertainment,BR,2018-10-25 02:46:00
MERCH-8678,Health Plus 8678,health,US,2020-07-23 15:51:00
MERCH-8679,Services Prime 8679,services,UK,2018-02-20 01:19:00
MERCH-8680,Retail Central 8680,retail,BR,2023-04-20 09:18:00
MERCH-8681,Food Central 8681,food,BR,2019-09-14 09:24:00
MERCH-8682,Electronics Express 8682,electronics,BR,2019-06-07 20:42:00
MERCH-8683,Travel Express 8683,travel,UK,2019-09-03 15:29:00
MERCH-8684,Entertainment Max 8684,entertainment,BR,2020-11-24 10:40:00
MERCH-8685,Health Express 8685,health,US,2018-10-09 04:15:00
MERCH-8686,Services Global 8686,services,BR,2019-02-02 06:55:00
MERCH-8687,Retail Express 8687,retail,BR,2022-06-06 23:21:00
MERCH-8688,Food Nova 8688,food,BR,2018-10-15 13:08:00
MERCH-8689,Electronics Express 8689,electronics,US,2019-04-24 11:35:00
MERCH-8690,Travel Global 8690,travel,BR,2023-01-03 22:01:00
MERCH-8691,Entertainment Top 8691,entertainment,FR,2023-12-07 12:48:00
MERCH-8692,Health Express 8692,health,BR,2018-11-28 10:35:00
MERCH-8693,Services Nova 8693,services,BR,2020-07-19 09:40:00
MERCH-8694,Retail Plus 8694,retail,BR,2018-11-06 22:06:00
MERCH-8695,Food Central 8695,food,BR,2020-02-16 17:43:00
MERCH-8696,Electronics Prime 8696,electronics,US,2022-12-05 16:09:00
MERCH-8697,Travel Plus 8697,travel,US,2022-05-03 05:39:00
MERCH-8698,Entertainment Plus 8698,entertainment,UK,2022-05-23 07:10:00
MERCH-8699,Health Central 8699,health,FR,2018-08-17 12:06:00
MERCH-8700,Services Prime 8700,services,BR,2023-02-04 20:03:00
MERCH-8701,Retail Prime 8701,retail,BR,2019-08-30 00:02:00
MERCH-8702,Food Top 8702,food,BR,2022-04-13 08:20:00
MERCH-8703,Electronics Express 8703,electronics,BR,2019-07-24 23:51:00
MERCH-8704,Travel Top 8704,travel,BR,2019-07-08 22:07:00
MERCH-8705,Entertainment Max 8705,entertainment,US,2020-02-22 16:42:00
MERCH-8706,Health Central 8706,health,BR,2019-08-28 17:55:00
MERCH-8707,Services Top 8707,services,UK,2023-11-15 00:57:00
MERCH-8708,Retail Global 8708,retail,BR,2018-09-10 02:35:00
MERCH-8709,Food Max 8709,food,BR,2021-07-18 12:01:00
MERCH-8710,Electronics Plus 8710,electronics,BR,2019-12-22 10:26:00
MERCH-8711,Travel Global 8711,travel,UK,2023-08-11 05:30:00
MERCH-8712,Entertainment Prime 8712,entertainment,BR,2020-10-28 02:54:00
MERCH-8713,Health Max 8713,health,BR,2020-09-13 02:06:00
MERCH-8714,Services Plus 8714,services,FR,2022-06-17 17:59:00
MERCH-8715,Retail Plus 8715,retail,FR,2021-06-26 23:18:00
MERCH-8716,Food Express 8716,food,US,2023-01-10 00:22:00
MERCH-8717,Electronics Central 8717,electronics,BR,2019-06-15 13:17:00
MERCH-8718,Travel Max 8718,travel,BR,2021-06-05 00:26:00
MERCH-8719,Entertainment Central 8719,entertainment,UK,2023-05-23 17:15:00
MERCH-8720,Health Global 8720,health,UK,2018-02-12 08:37:00
MERCH-8721,Services Top 8721,services,UK,2022-01-22 01:44:00
MERCH-8722,Retail Prime 8722,retail,FR,2022-10-13 18:34:00
MERCH-8723,Food Max 8723,food,US,2018-02-06 06:22:00
MERCH-8724,Electronics Top 8724,electronics,UK,2021-12-14 02:00:00
MERCH-8725,Travel Top 8725,travel,UK,2022-07-17 19:10:00
MERCH-8726,Entertainment Global 8726,entertainment,UK,2023-04-30 08:19:00
MERCH-8727,Health Prime 8727,health,FR,2022-07-17 18:10:00
MERCH-8728,Services Prime 8728,services,UK,2023-01-03 04:51:00
MERCH-8729,Retail Nova 8729,retail,FR,2022-06-25 19:49:00
MERCH-8730,Food Plus 8730,food,US,2020-03-05 19:10:00
MERCH-8731,Electronics Prime 8731,electronics,BR,2019-05-20 20:19:00
MERCH-8732,Travel Prime 8732,travel,FR,2022-10-10 14:54:00
MERCH-8733,Entertainment Central 8733,entertainment,BR,2018-04-16 04:45:00
MERCH-8734,Health Nova 8734,health,BR,2018-09-23 04:28:00
MERCH-8735,Services Max 8735,services,US,2018-11-26 08:45:00
MERCH-8736,Retail Max 8736,retail,US,2022-02-22 18:31:00
MERCH-8737,Food Global 8737,food,BR,2021-08-12 16:47:00
MERCH-8738,Electronics Max 8738,electronics,BR,2019-08-19 06:14:00
MERCH-8739,Travel Express 8739,travel,BR,2021-10-11 05:00:00
MERCH-8740,Entertainment Express 8740,entertainment,UK,2022-01-10 00:40:00
MERCH-8741,Health Top 8741,health,US,2021-04-04 13:17:00
MERCH-8742,Services Top 8742,services,BR,2022-04-02 14:13:00
MERCH-8743,Retail Nova 8743,retail,BR,2019-09-12 00:57:00
MERCH-8744,Food Prime 8744,food,BR,2021-01-27 00:04:00
MERCH-8745,Electronics Prime 8745,electronics,FR,2018-06-22 22:27:00
MERCH-8746,Travel Top 8746,travel,BR,2020-10-29 15:32:00
MERCH-8747,Entertainment Nova 8747,entertainment,UK,2023-08-04 03:37:00
MERCH-8748,Health Nova 8748,health,BR,2021-09-06 16:12:00
MERCH-8749,Services Top 8749,services,BR,2023-11-09 02:28:00
MERCH-8750,Retail Nova 8750,retail,BR,2023-12-22 18:30:00
MERCH-8751,Food Prime 8751,food,BR,2018-02-23 00:40:00
MERCH-8752,Electronics Max 8752,electronics,US,2021-07-02 12:38:00
MERCH-8753,Travel Prime 8753,travel,BR,2023-04-16 04:01:00
MERCH-8754,Entertainment Global 8754,entertainment,BR,2023-06-05 14:09:00
MERCH-8755,Health Express 8755,health,BR,2021-09-04 14:39:00
MERCH-8756,Services Top 8756,services,UK,2018-05-01 20:27:00
MERCH-8757,Retail Max 8757,retail,US,2022-05-16 04:21:00
MERCH-8758,Food Plus 8758,food,BR,2022-11-06 15:30:00
MERCH-8759,Electronics Max 8759,electronics,BR,2022-02-27 16:43:00
MERCH-8760,Travel Global 8760,travel,BR,2020-01-16 05:15:00
MERCH-8761,Entertainment Global 8761,entertainment,BR,2018-10-18 18:22:00
MERCH-8762,Health Nova 8762,health,BR,2020-08-29 03:55:00
MERCH-8763,Services Prime 8763,services,BR,2019-05-07 17:34:00
MERCH-8764,Retail Top 8764,retail,US,2018-05-13 03:51:00
MERCH-8765,Food Express 8765,food,BR,2023-02-15 23:44:00
MERCH-8766,Electronics Prime 8766,electronics,BR,2022-05-26 12:34:00
MERCH-8767,Travel Nova 8767,travel,FR,2018-05-20 02:02:00
MERCH-8768,Entertainment Prime 8768,entertainment,BR,2020-07-12 05:30:00
MERCH-8769,Health Nova 8769,health,BR,2023-12-11 10:07:00
MERCH-8770,Services Nova 8770,services,BR,2018-01-07 05:02:00
MERCH-8771,Retail Central 8771,retail,BR,2022-06-15 07:54:00
MERCH-8772,Food Central 8772,food,BR,2023-04-22 15:11:00
MERCH-8773,Electronics Global 8773,electronics,BR,2023-05-19 14:59:00
MERCH-8774,Travel Plus 8774,travel,BR,2023-01-07 19:34:00
MERCH-8775,Entertainment Express 8775,entertainment,FR,2022-10-18 17:30:00
MERCH-8776,Health Top 8776,health,US,2019-10-01 09:24:00
MERCH-8777,Services Nova 8777,services,BR,2018-07-30 04:34:00
MERCH-8778,Retail Express 8778,retail,BR,2021-04-14 20:05:00
MERCH-8779,Food Plus 8779,food,BR,2019-01-31 03:07:00
MERCH-8780,Electronics Nova 8780,electronics,BR,2023-07-01 18:43:00
MERCH-8781,Travel Express 8781,travel,BR,2020-04-11 05:32:00
MERCH-8782,Entertainment Global 8782,entertainment,FR,2022-10-13 18:12:00
MERCH-8783,Health Top 8783,health,BR,2018-02-08 04:33:00
MERCH-8784,Services Express 8784,services,BR,2020-01-09 09:16:00
MERCH-8785,Retail Prime 8785,retail,BR,2021-08-14 01:25:00
MERCH-8786,Food Nova 8786,food,BR,2019-02-07 15:05:00
MERCH-8787,Electronics Global 8787,electronics,FR,2022-07-22 17:37:00
MERCH-8788,Travel Top 8788,travel,FR,2022-03-18 16:27:00
MERCH-8789,Entertainment Max 8789,entertainment,FR,2023-12-29 19:27:00
MERCH-8790,Health Express 8790,health,US,2021-08-10 03:22:00
MERCH-8791,Services Express 8791,services,UK,2018-02-25 19:26:00
MERCH-8792,Retail Prime 8792,retail,FR,2022-05-16 09:51:00
MERCH-8793,Food Prime 8793,food,BR,2019-04-27 22:41:00
MERCH-8794,Electronics Nova 8794,electronics,US,2021-01-23 23:38:00
MERCH-8795,Travel Prime 8795,travel,BR,2020-01-27 07:34:00
MERCH-8796,Entertainment Central 8796,entertainment,US,2022-10-30 11:32:00
MERCH-8797,Health Central 8797,health,BR,2019-04-16 02:28:00
MERCH-8798,Services Plus 8798,services,FR,2022-09-06 12:35:00
MERCH-8799,Retail Central 8799,retail,US,2022-11-05 03:59:00
MERCH-8800,Food Global 8800,food,BR,2020-11-08 14:24:00
MERCH-8801,Electronics Max 8801,electronics,BR,2022-12-19 21:16:00
MERCH-8802,Travel Prime 8802,travel,BR,2021-09-28 14:07:00
MERCH-8803,Entertainment Global 8803,entertainment,BR,2019-11-18 15:00:00
MERCH-8804,Health Plus 8804,health,BR,2018-06-09 20:05:00
MERCH-8805,Services Max 8805,services,BR,2019-08-17 14:44:00
MERCH-8806,Retail Plus 8806,retail,US,2022-10-10 10:13:00
MERCH-8807,Food Central 8807,food,US,2022-03-28 18:25:00
MERCH-8808,Electronics Central 8808,electronics,FR,2020-06-17 05:18:00
MERCH-8809,Travel Global 8809,travel,US,2021-09-24 07:24:00
MERCH-8810,Entertainment Max 8810,entertainment,US,2022-05-22 23:36:00
MERCH-8811,Health Express 8811,health,BR,2020-12-07 06:49:00
MERCH-8812,Services Plus 8812,services,US,2018-09-09 16:57:00
MERCH-8813,Retail Express 8813,retail,FR,2018-04-14 08:10:00
MERCH-8814,Food Prime 8814,food,BR,2020-07-30 18:27:00
MERCH-8815,Electronics Global 8815,electronics,BR,2019-10-24 15:52:00
MERCH-8816,Travel Central 8816,travel,BR,2019-08-05 15:57:00
MERCH-8817,Entertainment Max 8817,entertainment,UK,2021-01-19 23:35:00
MERCH-8818,Health Top 8818,health,US,2020-03-02 02:45:00
MERCH-8819,Services Nova 8819,services,BR,2018-07-15 14:06:00
MERCH-8820,Retail Global 8820,retail,BR,2018-07-23 17:45:00
MERCH-8821,Food Max 8821,food,UK,2018-09-24 08:02:00
MERCH-8822,Electronics Top 8822,electronics,BR,2022-01-05 12:54:00
MERCH-8823,Travel Nova 8823,travel,FR,2022-04-21 01:43:00
MERCH-8824,Entertainment Nova 8824,entertainment,BR,2019-04-05 20:50:00
MERCH-8825,Health Top 8825,health,US,2023-03-26 18:13:00
MERCH-8826,Services Global 8826,services,BR,2018-09-11 03:35:00
MERCH-8827,Retail Nova 8827,retail,BR,2019-09-11 06:30:00
MERCH-8828,Food Central 8828,food,FR,2019-08-25 00:34:00
MERCH-8829,Electronics Nova 8829,electronics,UK,2023-07-07 21:48:00
MERCH-8830,Travel Prime 8830,travel,BR,2019-12-20 18:03:00
MERCH-8831,Entertainment Max 8831,entertainment,FR,2021-01-14 16:31:00
MERCH-8832,Health Max 8832,health,FR,2019-07-25 20:22:00
MERCH-8833,Services Top 8833,services,US,2021-06-12 14:11:00
MERCH-8834,Retail Prime 8834,retail,US,2019-08-27 09:12:00
MERCH-8835,Food Nova 8835,food,FR,2021-05-04 14:13:00
MERCH-8836,Electronics Global 8836,electronics,BR,2020-08-15 09:49:00
MERCH-8837,Travel Nova 8837,travel,BR,2020-08-04 02:39:00
MERCH-8838,Entertainment Express 8838,entertainment,FR,2022-02-09 03:45:00
MERCH-8839,Health Express 8839,health,BR,2019-09-12 01:51:00
MERCH-8840,Services Max 8840,services,BR,2023-06-24 20:35:00
MERCH-8841,Retail Nova 8841,retail,FR,2022-01-29 21:27:00
MERCH-8842,Food Max 8842,food,BR,2023-10-14 05:33:00
MERCH-8843,Electronics Plus 8843,electronics,UK,2022-11-19 13:37:00
MERCH-8844,Travel Global 8844,travel,BR,2023-09-05 22:43:00
MERCH-8845,Entertainment Top 8845,entertainment,US,2020-10-31 20:18:00
MERCH-8846,Health Plus 8846,health,UK,2020-07-07 07:57:00
MERCH-8847,Services Global 8847,services,BR,2023-02-11 22:24:00
MERCH-8848,Retail Max 8848,retail,BR,2019-05-29 11:09:00
MERCH-8849,Food Plus 8849,food,FR,2018-01-01 08:37:00
MERCH-8850,Electronics Top 8850,electronics,BR,2020-05-06 22:04:00
MERCH-8851,Travel Top 8851,travel,BR,2020-04-20 02:18:00
MERCH-8852,Entertainment Express 8852,entertainment,FR,2019-07-26 16:53:00
MERCH-8853,Health Prime 8853,health,BR,2020-07-31 03:49:00
MERCH-8854,Services Central 8854,services,BR,2019-03-30 02:42:00
MERCH-8855,Retail Nova 8855,retail,UK,2021-09-02 11:38:00
MERCH-8856,Food Global 8856,food,US,2018-01-25 07:11:00
MERCH-8857,Electronics Max 8857,electronics,BR,2018-02-12 08:02:00
MERCH-8858,Travel Top 8858,travel,BR,2019-07-28 07:07:00
MERCH-8859,Entertainment Plus 8859,entertainment,BR,2023-01-22 19:23:00
MERCH-8860,Health Global 8860,health,BR,2023-03-11 10:07:00
MERCH-8861,Services Prime 8861,services,BR,2020-01-07 00:27:00
MERCH-8862,Retail Central 8862,retail,BR,2023-05-23 07:09:00
MERCH-8863,Food Express 8863,food,UK,2021-01-13 01:13:00
MERCH-8864,Electronics Top 8864,electronics,US,2019-08-09 11:23:00
MERCH-8865,Travel Nova 8865,travel,US,2019-05-02 19:21:00
MERCH-8866,Entertainment Express 8866,entertainment,BR,2023-10-29 07:34:00
MERCH-8867,Health Express 8867,health,BR,2021-03-29 05:09:00
MERCH-8868,Services Max 8868,services,BR,2020-04-09 20:01:00
MERCH-8869,Retail Top 8869,retail,US,2021-11-17 21:11:00
MERCH-8870,Food Plus 8870,food,US,2022-11-16 06:07:00
MERCH-8871,Electronics Plus 8871,electronics,BR,2023-04-04 19:27:00
MERCH-8872,Travel Top 8872,travel,FR,2021-10-28 04:27:00
MERCH-8873,Entertainment Express 8873,entertainment,UK,2021-01-30 11:22:00
MERCH-8874,Health Top 8874,health,BR,2023-08-28 20:35:00
MERCH-8875,Services Central 8875,services,FR,2018-09-17 05:17:00
MERCH-8876,Retail Global 8876,retail,BR,2019-08-24 09:05:00
MERCH-8877,Food Express 8877,food,UK,2021-11-22 22:41:00
MERCH-8878,Electronics Express 8878,electronics,US,2018-10-03 15:24:00
MERCH-8879,Travel Central 8879,travel,FR,2019-05-14 02:51:00
MERCH-8880,Entertainment Top 8880,entertainment,US,2023-04-25 16:57:00
MERCH-8881,Health Prime 8881,health,UK,2022-10-23 10:38:00
MERCH-8882,Services Top 8882,services,BR,2018-07-25 09:04:00
MERCH-8883,Retail Nova 8883,retail,BR,2022-12-20 21:13:00
MERCH-8884,Food Max 8884,food,BR,2018-12-15 10:39:00
MERCH-8885,Electronics Plus 8885,electronics,US,2020-10-30 02:23:00
MERCH-8886,Travel Prime 8886,travel,FR,2021-04-26 03:06:00
MERCH-8887,Entertainment Central 8887,entertainment,UK,2019-09-01 08:29:00
MERCH-8888,Health Nova 8888,health,BR,2022-08-26 13:54:00
MERCH-8889,Services Express 8889,services,BR,2021-03-06 05:07:00
MERCH-8890,Retail Top 8890,retail,BR,2022-02-10 07:31:00
MERCH-8891,Food Express 8891,food,US,2022-01-01 09:21:00
MERCH-8892,Electronics Max 8892,electronics,US,2023-09-02 01:03:00
MERCH-8893,Travel Prime 8893,travel,BR,2020-06-12 18:18:00
MERCH-8894,Entertainment Central 8894,entertainment,US,2022-07-06 10:59:00
MERCH-8895,Health Top 8895,health,FR,2018-07-23 16:48:00
MERCH-8896,Services Max 8896,services,BR,2022-11-27 08:31:00
MERCH-8897,Retail Global 8897,retail,FR,2019-04-06 06:41:00
MERCH-8898,Food Max 8898,food,UK,2021-08-08 22:48:00
MERCH-8899,Electronics Central 8899,electronics,UK,2022-05-13 17:20:00
MERCH-8900,Travel Max 8900,travel,US,2018-05-07 01:52:00
MERCH-8901,Entertainment Central 8901,entertainment,BR,2019-07-11 23:58:00
MERCH-8902,Health Global 8902,health,FR,2020-04-11 21:06:00
MERCH-8903,Services Plus 8903,services,FR,2023-11-16 19:46:00
MERCH-8904,Retail Prime 8904,retail,BR,2018-08-17 05:10:00
MERCH-8905,Food Central 8905,food,US,2019-02-04 23:17:00
MERCH-8906,Electronics Global 8906,electronics,FR,2018-03-13 09:49:00
MERCH-8907,Travel Express 8907,travel,UK,2019-11-14 14:40:00
MERCH-8908,Entertainment Max 8908,entertainment,UK,2023-02-03 13:38:00
MERCH-8909,Health Max 8909,health,BR,2023-08-08 09:30:00
MERCH-8910,Services Express 8910,services,FR,2022-09-22 21:32:00
MERCH-8911,Retail Express 8911,retail,US,2018-04-13 12:09:00
MERCH-8912,Food Express 8912,food,BR,2019-03-05 15:45:00
MERCH-8913,Electronics Central 8913,electronics,BR,2019-08-20 02:15:00
MERCH-8914,Travel Max 8914,travel,UK,2023-11-14 16:23:00
MERCH-8915,Entertainment Express 8915,entertainment,BR,2019-10-11 08:01:00
MERCH-8916,Health Max 8916,health,BR,2018-07-16 22:54:00
MERCH-8917,Services Prime 8917,services,FR,2019-12-04 05:45:00
MERCH-8918,Retail Plus 8918,retail,US,2023-11-30 11:35:00
MERCH-8919,Food Global 8919,food,FR,2022-04-25 23:52:00
MERCH-8920,Electronics Plus 8920,electronics,BR,2022-10-19 07:47:00
MERCH-8921,Travel Plus 8921,travel,US,2022-05-25 18:17:00
MERCH-8922,Entertainment Top 8922,entertainment,UK,2021-06-28 15:14:00
MERCH-8923,Health Express 8923,health,US,2019-12-18 03:08:00
MERCH-8924,Services Central 8924,services,UK,2023-01-24 00:51:00
MERCH-8925,Retail Nova 8925,retail,BR,2019-06-16 02:43:00
MERCH-8926,Food Top 8926,food,BR,2021-04-03 16:23:00
MERCH-8927,Electronics Prime 8927,electronics,BR,2020-06-06 04:23:00
MERCH-8928,Travel Nova 8928,travel,US,2022-01-22 11:52:00
MERCH-8929,Entertainment Max 8929,entertainment,BR,2021-08-31 10:01:00
MERCH-8930,Health Global 8930,health,US,2018-03-10 20:26:00
MERCH-8931,Services Express 8931,services,US,2018-03-09 15:23:00
MERCH-8932,Retail Prime 8932,retail,FR,2020-06-20 06:21:00
MERCH-8933,Food Nova 8933,food,UK,2022-07-07 16:07:00
MERCH-8934,Electronics Prime 8934,electronics,UK,2022-09-08 12:43:00
MERCH-8935,Travel Plus 8935,travel,BR,2019-02-16 08:18:00
MERCH-8936,Entertainment Express 8936,entertainment,UK,2022-09-15 23:44:00
MERCH-8937,Health Prime 8937,health,BR,2018-07-03 08:36:00
MERCH-8938,Services Central 8938,services,UK,2018-01-14 17:04:00
MERCH-8939,Retail Nova 8939,retail,FR,2019-11-24 02:34:00
MERCH-8940,Food Global 8940,food,BR,2022-08-31 23:18:00
MERCH-8941,Electronics Nova 8941,electronics,UK,2018-09-03 03:51:00
MERCH-8942,Travel Prime 8942,travel,FR,2018-08-08 19:11:00
MERCH-8943,Entertainment Plus 8943,entertainment,US,2022-09-18 01:36:00
MERCH-8944,Health Global 8944,health,BR,2019-07-23 00:49:00
MERCH-8945,Services Max 8945,services,US,2018-01-04 18:52:00
MERCH-8946,Retail Nova 8946,retail,BR,2022-07-23 11:55:00
MERCH-8947,Food Central 8947,food,BR,2020-04-02 05:18:00
MERCH-8948,Electronics Global 8948,electronics,US,2019-05-13 12:22:00
MERCH-8949,Travel Prime 8949,travel,BR,2022-09-17 05:42:00
MERCH-8950,Entertainment Central 8950,entertainment,FR,2019-02-18 20:21:00
MERCH-8951,Health Nova 8951,health,BR,2023-03-08 20:31:00
MERCH-8952,Services Prime 8952,services,BR,2021-04-07 08:15:00
MERCH-8953,Retail Top 8953,retail,BR,2022-09-21 00:59:00
MERCH-8954,Food Top 8954,food,BR,2019-06-06 00:03:00
MERCH-8955,Electronics Central 8955,electronics,FR,2022-02-22 12:26:00
MERCH-8956,Travel Max 8956,travel,FR,2018-11-30 23:16:00
MERCH-8957,Entertainment Top 8957,entertainment,BR,2019-11-09 14:58:00
MERCH-8958,Health Global 8958,health,BR,2022-01-13 15:30:00
MERCH-8959,Services Global 8959,services,BR,2021-11-28 06:30:00
MERCH-8960,Retail Max 8960,retail,FR,2021-11-07 04:39:00
MERCH-8961,Food Nova 8961,food,BR,2018-08-11 16:47:00
MERCH-8962,Electronics Global 8962,electronics,US,2021-10-17 23:01:00
MERCH-8963,Travel Express 8963,travel,US,2019-05-26 08:14:00
MERCH-8964,Entertainment Max 8964,entertainment,BR,2022-10-17 11:31:00
MERCH-8965,Health Prime 8965,health,BR,2023-09-25 10:21:00
MERCH-8966,Services Express 8966,services,UK,2020-11-14 22:31:00
MERCH-8967,Retail Global 8967,retail,BR,2022-03-14 05:05:00
MERCH-8968,Food Prime 8968,food,BR,2021-06-11 05:43:00
MERCH-8969,Electronics Max 8969,electronics,UK,2021-12-07 03:59:00
MERCH-8970,Travel Prime 8970,travel,US,2018-12-12 12:10:00
MERCH-8971,Entertainment Nova 8971,entertainment,FR,2020-03-20 20:20:00
MERCH-8972,Health Top 8972,health,UK,2021-04-10 18:58:00
MERCH-8973,Services Nova 8973,services,BR,2021-10-26 18:54:00
MERCH-8974,Retail Global 8974,retail,FR,2019-05-12 22:22:00
MERCH-8975,Food Central 8975,food,BR,2018-10-20 14:59:00
MERCH-8976,Electronics Express 8976,electronics,FR,2022-10-26 02:31:00
MERCH-8977,Travel Prime 8977,travel,UK,2020-09-12 18:15:00
MERCH-8978,Entertainment Max 8978,entertainment,BR,2023-06-19 15:00:00
MERCH-8979,Health Prime 8979,health,BR,2022-05-24 15:39:00
MERCH-8980,Services Prime 8980,services,BR,2018-12-18 16:25:00
MERCH-8981,Retail Prime 8981,retail,US,2020-04-10 19:29:00
MERCH-8982,Food Central 8982,food,BR,2019-01-19 10:32:00
MERCH-8983,Electronics Max 8983,electronics,BR,2019-12-30 03:03:00
MERCH-8984,Travel Top 8984,travel,BR,2022-01-23 15:40:00
MERCH-8985,Entertainment Central 8985,entertainment,BR,2018-10-11 15:00:00
MERCH-8986,Health Central 8986,health,BR,2022-04-16 14:29:00
MERCH-8987,Services Express 8987,services,BR,2023-07-13 05:40:00
MERCH-8988,Retail Max 8988,retail,BR,2021-06-02 23:13:00
MERCH-8989,Food Prime 8989,food,US,2021-03-08 11:45:00
MERCH-8990,Electronics Top 8990,electronics,BR,2021-02-25 03:19:00
MERCH-8991,Travel Express 8991,travel,BR,2021-08-12 10:15:00
MERCH-8992,Entertainment Top 8992,entertainment,UK,2022-06-22 23:22:00
MERCH-8993,Health Express 8993,health,UK,2021-09-11 01:29:00
MERCH-8994,Services Nova 8994,services,UK,2021-09-26 16:53:00
MERCH-8995,Retail Plus 8995,retail,UK,2018-09-19 02:06:00
MERCH-8996,Food Prime 8996,food,BR,2022-11-29 07:28:00
MERCH-8997,Electronics Global 8997,electronics,US,2020-06-13 16:51:00
MERCH-8998,Travel Plus 8998,travel,BR,2023-12-17 07:05:00
MERCH-8999,Entertainment Max 8999,entertainment,BR,2018-09-16 09:57:00
MERCH-9000,Health Nova 9000,health,BR,2021-10-13 13:26:00
MERCH-9001,Services Central 9001,services,UK,2023-01-01 12:30:00
MERCH-9002,Retail Central 9002,retail,UK,2019-06-23 03:30:00
MERCH-9003,Food Express 9003,food,BR,2018-10-02 20:37:00
MERCH-9004,Electronics Prime 9004,electronics,BR,2023-08-14 10:27:00
MERCH-9005,Travel Nova 9005,travel,BR,2022-01-28 21:42:00
MERCH-9006,Entertainment Nova 9006,entertainment,BR,2023-01-07 07:08:00
MERCH-9007,Health Nova 9007,health,BR,2023-11-20 11:30:00
MERCH-9008,Services Central 9008,services,BR,2020-03-09 04:04:00
MERCH-9009,Retail Nova 9009,retail,UK,2021-01-17 01:04:00
MERCH-9010,Food Plus 9010,food,FR,2022-04-01 02:10:00
MERCH-9011,Electronics Nova 9011,electronics,BR,2019-03-04 05:57:00
MERCH-9012,Travel Top 9012,travel,BR,2019-10-06 21:33:00
MERCH-9013,Entertainment Central 9013,entertainment,BR,2018-03-04 00:17:00
MERCH-9014,Health Plus 9014,health,UK,2021-05-07 17:42:00
MERCH-9015,Services Global 9015,services,BR,2019-12-20 16:36:00
MERCH-9016,Retail Max 9016,retail,BR,2018-01-22 01:33:00
MERCH-9017,Food Nova 9017,food,UK,2018-10-30 21:36:00
MERCH-9018,Electronics Max 9018,electronics,FR,2018-09-18 01:46:00
MERCH-9019,Travel Prime 9019,travel,FR,2019-08-01 00:44:00
MERCH-9020,Entertainment Central 9020,entertainment,BR,2019-09-17 17:01:00
MERCH-9021,Health Plus 9021,health,US,2021-02-06 20:38:00
MERCH-9022,Services Prime 9022,services,BR,2021-10-20 12:19:00
MERCH-9023,Retail Top 9023,retail,BR,2023-08-10 04:10:00
MERCH-9024,Food Top 9024,food,FR,2023-06-20 00:24:00
MERCH-9025,Electronics Top 9025,electronics,FR,2022-06-09 12:17:00
MERCH-9026,Travel Nova 9026,travel,BR,2021-04-20 04:06:00
MERCH-9027,Entertainment Express 9027,entertainment,BR,2023-02-10 23:08:00
MERCH-9028,Health Plus 9028,health,UK,2019-01-04 09:28:00
MERCH-9029,Services Nova 9029,services,BR,2022-03-05 02:37:00
MERCH-9030,Retail Prime 9030,retail,US,2022-04-06 23:59:00
MERCH-9031,Food Top 9031,food,BR,2022-10-27 08:21:00
MERCH-9032,Electronics Global 9032,electronics,BR,2020-03-28 20:19:00
MERCH-9033,Travel Nova 9033,travel,BR,2018-06-12 09:23:00
MERCH-9034,Entertainment Max 9034,entertainment,BR,2021-07-05 09:33:00
MERCH-9035,Health Nova 9035,health,US,2021-12-22 21:09:00
MERCH-9036,Services Express 9036,services,BR,2018-08-30 14:03:00
MERCH-9037,Retail Top 9037,retail,FR,2019-07-25 23:29:00
MERCH-9038,Food Top 9038,food,BR,2019-03-21 19:43:00
MERCH-9039,Electronics Prime 9039,electronics,BR,2021-04-03 20:52:00
MERCH-9040,Travel Nova 9040,travel,FR,2022-08-29 15:28:00
MERCH-9041,Entertainment Nova 9041,entertainment,US,2018-11-15 23:34:00
MERCH-9042,Health Express 9042,health,BR,2019-07-19 05:56:00
MERCH-9043,Services Central 9043,services,US,2018-07-02 03:34:00
MERCH-9044,Retail Central 9044,retail,US,2023-07-29 06:33:00
MERCH-9045,Food Top 9045,food,US,2022-03-16 01:59:00
MERCH-9046,Electronics Global 9046,electronics,BR,2021-06-29 09:39:00
MERCH-9047,Travel Prime 9047,travel,UK,2023-07-25 18:40:00
MERCH-9048,Entertainment Max 9048,entertainment,UK,2022-06-04 21:16:00
MERCH-9049,Health Global 9049,health,UK,2020-10-04 06:54:00
MERCH-9050,Services Nova 9050,services,FR,2023-10-18 12:14:00
MERCH-9051,Retail Central 9051,retail,US,2020-06-06 13:51:00
MERCH-9052,Food Central 9052,food,FR,2020-12-02 14:15:00
MERCH-9053,Electronics Plus 9053,electronics,BR,2018-09-15 08:20:00
MERCH-9054,Travel Top 9054,travel,US,2020-07-14 03:56:00
MERCH-9055,Entertainment Max 9055,entertainment,FR,2021-01-23 18:26:00
MERCH-9056,Health Nova 9056,health,FR,2018-10-21 17:03:00
MERCH-9057,Services Top 9057,services,US,2020-07-08 00:57:00
MERCH-9058,Retail Top 9058,retail,US,2021-05-07 03:41:00
MERCH-9059,Food Prime 9059,food,US,2020-09-03 06:09:00
MERCH-9060,Electronics Prime 9060,electronics,BR,2018-08-31 04:04:00
MERCH-9061,Travel Express 9061,travel,US,2018-04-24 12:58:00
MERCH-9062,Entertainment Central 9062,entertainment,UK,2018-11-01 13:43:00
MERCH-9063,Health Central 9063,health,BR,2023-07-11 07:20:00
MERCH-9064,Services Global 9064,services,UK,2020-12-05 14:40:00
MERCH-9065,Retail Top 9065,retail,FR,2021-11-29 18:44:00
MERCH-9066,Food Express 9066,food,BR,2021-04-07 02:52:00
MERCH-9067,Electronics Max 9067,electronics,BR,2023-10-03 08:09:00
MERCH-9068,Travel Express 9068,travel,US,2020-10-02 10:53:00
MERCH-9069,Entertainment Top 9069,entertainment,BR,2018-08-16 17:15:00
MERCH-9070,Health Central 9070,health,FR,2023-09-04 03:54:00
MERCH-9071,Services Global 9071,services,BR,2019-07-01 05:29:00
MERCH-9072,Retail Nova 9072,retail,BR,2022-04-09 19:02:00
MERCH-9073,Food Top 9073,food,UK,2018-07-11 00:24:00
MERCH-9074,Electronics Top 9074,electronics,FR,2023-05-13 04:51:00
MERCH-9075,Travel Global 9075,travel,BR,2023-12-30 21:22:00
MERCH-9076,Entertainment Nova 9076,entertainment,BR,2019-08-18 15:25:00
MERCH-9077,Health Express 9077,health,UK,2019-04-15 02:18:00
MERCH-9078,Services Plus 9078,services,BR,2022-04-23 09:44:00
MERCH-9079,Retail Global 9079,retail,BR,2019-01-16 22:10:00
MERCH-9080,Food Central 9080,food,FR,2018-07-08 00:12:00
MERCH-9081,Electronics Global 9081,electronics,UK,2019-09-30 21:08:00
MERCH-9082,Travel Global 9082,travel,UK,2018-01-28 23:10:00
MERCH-9083,Entertainment Central 9083,entertainment,BR,2020-03-28 05:09:00
MERCH-9084,Health Central 9084,health,US,2019-12-22 05:58:00
MERCH-9085,Services Top 9085,services,UK,2020-09-30 23:56:00
MERCH-9086,Retail Nova 9086,retail,FR,2023-11-12 21:49:00
MERCH-9087,Food Central 9087,food,BR,2018-11-05 20:26:00
MERCH-9088,Electronics Central 9088,electronics,US,2020-09-14 19:52:00
MERCH-9089,Travel Max 9089,travel,BR,2023-11-14 02:53:00
MERCH-9090,Entertainment Express 9090,entertainment,US,2020-10-22 02:46:00
MERCH-9091,Health Plus 9091,health,FR,2018-04-19 13:46:00
MERCH-9092,Services Central 9092,services,BR,2022-11-14 18:30:00
MERCH-9093,Retail Central 9093,retail,FR,2019-02-21 13:50:00
MERCH-9094,Food Plus 9094,food,UK,2023-11-13 03:48:00
MERCH-9095,Electronics Central 9095,electronics,US,2020-03-01 00:38:00
MERCH-9096,Travel Global 9096,travel,UK,2021-02-24 07:39:00
MERCH-9097,Entertainment Prime 9097,entertainment,UK,2022-09-29 17:04:00
MERCH-9098,Health Prime 9098,health,BR,2022-02-12 22:32:00
MERCH-9099,Services Top 9099,services,UK,2020-02-16 21:13:00
MERCH-9100,Retail Global 9100,retail,BR,2021-01-12 23:22:00
MERCH-9101,Food Top 9101,food,US,2022-09-06 00:48:00
MERCH-9102,Electronics Prime 9102,electronics,FR,2021-04-17 23:49:00
MERCH-9103,Travel Global 9103,travel,US,2021-02-06 14:45:00
MERCH-9104,Entertainment Plus 9104,entertainment,US,2018-07-13 14:39:00
MERCH-9105,Health Plus 9105,health,BR,2020-07-16 01:23:00
MERCH-9106,Services Top 9106,services,FR,2023-09-17 01:58:00
MERCH-9107,Retail Nova 9107,retail,BR,2023-05-16 03:07:00
MERCH-9108,Food Top 9108,food,BR,2022-12-19 23:41:00
MERCH-9109,Electronics Max 9109,electronics,FR,2020-03-03 10:36:00
MERCH-9110,Travel Plus 9110,travel,UK,2022-04-22 11:33:00
MERCH-9111,Entertainment Prime 9111,entertainment,FR,2023-05-11 05:17:00
MERCH-9112,Health Nova 9112,health,FR,2018-10-08 11:06:00
MERCH-9113,Services Express 9113,services,BR,2020-01-21 23:06:00
MERCH-9114,Retail Express 9114,retail,US,2021-07-19 03:39:00
MERCH-9115,Food Central 9115,food,BR,2020-11-19 06:46:00
MERCH-9116,Electronics Plus 9116,electronics,BR,2020-09-11 01:04:00
MERCH-9117,Travel Central 9117,travel,US,2020-07-27 04:52:00
MERCH-9118,Entertainment Express 9118,entertainment,BR,2020-02-13 08:40:00
MERCH-9119,Health Prime 9119,health,FR,2022-05-02 23:31:00
MERCH-9120,Services Top 9120,services,UK,2021-07-11 03:19:00
MERCH-9121,Retail Max 9121,retail,BR,2018-03-14 18:21:00
MERCH-9122,Food Global 9122,food,BR,2022-07-30 20:08:00
MERCH-9123,Electronics Global 9123,electronics,US,2022-03-11 19:11:00
MERCH-9124,Travel Central 9124,travel,BR,2021-06-30 11:03:00
MERCH-9125,Entertainment Prime 9125,entertainment,BR,2020-05-20 08:02:00
MERCH-9126,Health Central 9126,health,BR,2018-10-22 20:39:00
MERCH-9127,Services Nova 9127,services,FR,2022-12-21 20:09:00
MERCH-9128,Retail Nova 9128,retail,UK,2019-09-09 21:29:00
MERCH-9129,Food Express 9129,food,FR,2022-05-09 20:11:00
MERCH-9130,Electronics Prime 9130,electronics,BR,2020-06-23 20:50:00
MERCH-9131,Travel Nova 9131,travel,BR,2021-02-11 03:44:00
MERCH-9132,Entertainment Nova 9132,entertainment,UK,2021-10-14 19:49:00
MERCH-9133,Health Top 9133,health,FR,2023-06-25 23:42:00
MERCH-9134,Services Global 9134,services,US,2020-11-07 22:01:00
MERCH-9135,Retail Express 9135,retail,US,2019-09-21 03:54:00
MERCH-9136,Food Express 9136,food,BR,2021-11-03 12:48:00
MERCH-9137,Electronics Global 9137,electronics,UK,2018-05-19 03:11:00
MERCH-9138,Travel Central 9138,travel,BR,2019-12-06 13:55:00
MERCH-9139,Entertainment Max 9139,entertainment,BR,2020-05-14 05:58:00
MERCH-9140,Health Top 9140,health,UK,2023-03-24 16:58:00
MERCH-9141,Services Nova 9141,services,BR,2019-12-27 06:09:00
MERCH-9142,Retail Prime 9142,retail,BR,2023-12-17 20:08:00
MERCH-9143,Food Max 9143,food,UK,2020-05-11 21:59:00
MERCH-9144,Electronics Top 9144,electronics,US,2022-06-26 07:31:00
MERCH-9145,Travel Prime 9145,travel,US,2021-11-20 00:06:00
MERCH-9146,Entertainment Global 9146,entertainment,US,2018-06-16 17:14:00
MERCH-9147,Health Central 9147,health,UK,2022-07-27 16:20:00
MERCH-9148,Services Prime 9148,services,FR,2023-07-18 13:47:00
MERCH-9149,Retail Nova 9149,retail,US,2021-03-01 17:59:00
MERCH-9150,Food Top 9150,food,US,2018-07-18 12:00:00
MERCH-9151,Electronics Central 9151,electronics,UK,2022-10-04 23:53:00
MERCH-9152,Travel Max 9152,travel,BR,2018-12-10 23:56:00
MERCH-9153,Entertainment Central 9153,entertainment,FR,2019-09-20 08:35:00
MERCH-9154,Health Max 9154,health,FR,2021-03-22 15:24:00
MERCH-9155,Services Express 9155,services,US,2020-07-16 17:42:00
MERCH-9156,Retail Top 9156,retail,BR,2019-01-23 09:00:00
MERCH-9157,Food Central 9157,food,FR,2023-10-17 06:23:00
MERCH-9158,Electronics Central 9158,electronics,UK,2019-02-20 00:48:00
MERCH-9159,Travel Central 9159,travel,US,2020-10-06 02:33:00
MERCH-9160,Entertainment Max 9160,entertainment,BR,2020-12-24 05:59:00
MERCH-9161,Health Central 9161,health,BR,2018-06-09 15:21:00
MERCH-9162,Services Nova 9162,services,BR,2020-03-09 14:43:00
MERCH-9163,Retail Max 9163,retail,US,2021-05-27 02:05:00
MERCH-9164,Food Global 9164,food,BR,2018-05-01 04:29:00
MERCH-9165,Electronics Plus 9165,electronics,US,2019-04-01 11:51:00
MERCH-9166,Travel Max 9166,travel,BR,2021-06-17 13:08:00
MERCH-9167,Entertainment Express 9167,entertainment,BR,2018-03-05 07:54:00
MERCH-9168,Health Prime 9168,health,BR,2021-08-06 15:18:00
MERCH-9169,Services Express 9169,services,BR,2022-06-24 02:02:00
MERCH-9170,Retail Central 9170,retail,BR,2020-07-22 07:09:00
MERCH-9171,Food Plus 9171,food,BR,2018-03-27 03:53:00
MERCH-9172,Electronics Global 9172,electronics,US,2023-02-14 03:53:00
MERCH-9173,Travel Top 9173,travel,FR,2023-08-08 21:56:00
MERCH-9174,Entertainment Central 9174,entertainment,US,2023-04-22 01:43:00
MERCH-9175,Health Express 9175,health,FR,2018-01-15 00:12:00
MERCH-9176,Services Global 9176,services,FR,2019-03-21 15:30:00
MERCH-9177,Retail Nova 9177,retail,UK,2022-02-21 21:38:00
MERCH-9178,Food Global 9178,food,BR,2019-02-15 01:15:00
MERCH-9179,Electronics Plus 9179,electronics,BR,2021-11-03 20:12:00
MERCH-9180,Travel Top 9180,travel,US,2021-12-02 16:39:00
MERCH-9181,Entertainment Nova 9181,entertainment,US,2020-12-30 20:45:00
MERCH-9182,Health Max 9182,health,BR,2019-08-19 15:59:00
MERCH-9183,Services Nova 9183,services,BR,2018-12-07 01:54:00
MERCH-9184,Retail Nova 9184,retail,US,2019-03-31 23:49:00
MERCH-9185,Food Central 9185,food,US,2021-11-18 15:32:00
MERCH-9186,Electronics Max 9186,electronics,FR,2021-10-19 04:39:00
MERCH-9187,Travel Nova 9187,travel,BR,2021-06-27 11:23:00
MERCH-9188,Entertainment Max 9188,entertainment,FR,2023-05-26 04:00:00
MERCH-9189,Health Plus 9189,health,BR,2022-05-19 11:59:00
MERCH-9190,Services Top 9190,services,BR,2020-05-21 18:29:00
MERCH-9191,Retail Prime 9191,retail,UK,2023-07-19 21:08:00
MERCH-9192,Food Express 9192,food,BR,2020-03-17 22:21:00
MERCH-9193,Electronics Plus 9193,electronics,BR,2022-07-12 21:32:00
MERCH-9194,Travel Nova 9194,travel,UK,2021-01-29 01:41:00
MERCH-9195,Entertainment Express 9195,entertainment,UK,2023-03-16 13:59:00
MERCH-9196,Health Max 9196,health,US,2018-09-23 15:24:00
MERCH-9197,Services Max 9197,services,BR,2019-02-25 13:35:00
MERCH-9198,Retail Plus 9198,retail,BR,2019-08-29 06:16:00
MERCH-9199,Food Prime 9199,food,UK,2018-09-09 21:36:00
MERCH-9200,Electronics Plus 9200,electronics,UK,2021-10-31 16:23:00
MERCH-9201,Travel Top 9201,travel,BR,2019-12-02 14:20:00
MERCH-9202,Entertainment Prime 9202,entertainment,BR,2020-03-08 07:48:00
MERCH-9203,Health Plus 9203,health,US,2023-04-22 08:32:00
MERCH-9204,Services Plus 9204,services,US,2020-05-25 11:47:00
MERCH-9205,Retail Top 9205,retail,UK,2019-07-28 07:57:00
MERCH-9206,Food Plus 9206,food,FR,2023-04-04 06:57:00
MERCH-9207,Electronics Prime 9207,electronics,BR,2018-02-23 01:43:00
MERCH-9208,Travel Prime 9208,travel,UK,2022-03-06 21:26:00
MERCH-9209,Entertainment Plus 9209,entertainment,US,2019-06-06 12:52:00
MERCH-9210,Health Plus 9210,health,US,2022-07-14 22:42:00
MERCH-9211,Services Central 9211,services,FR,2021-04-08 15:48:00
MERCH-9212,Retail Top 9212,retail,FR,2021-06-30 01:01:00
MERCH-9213,Food Nova 9213,food,BR,2023-10-29 12:30:00
MERCH-9214,Electronics Central 9214,electronics,FR,2020-08-20 16:24:00
MERCH-9215,Travel Central 9215,travel,BR,2023-04-21 00:25:00
MERCH-9216,Entertainment Plus 9216,entertainment,BR,2022-04-08 06:22:00
MERCH-9217,Health Top 9217,health,BR,2019-05-27 00:21:00
MERCH-9218,Services Prime 9218,services,BR,2021-03-26 09:02:00
MERCH-9219,Retail Nova 9219,retail,BR,2021-03-31 08:52:00
MERCH-9220,Food Prime 9220,food,FR,2022-03-28 10:33:00
MERCH-9221,Electronics Top 9221,electronics,BR,2020-07-15 05:09:00
MERCH-9222,Travel Max 9222,travel,BR,2019-11-09 20:04:00
MERCH-9223,Entertainment Express 9223,entertainment,BR,2018-07-05 11:34:00
MERCH-9224,Health Prime 9224,health,BR,2023-05-25 21:48:00
MERCH-9225,Services Express 9225,services,UK,2023-01-06 00:09:00
MERCH-9226,Retail Plus 9226,retail,BR,2022-12-22 03:39:00
MERCH-9227,Food Top 9227,food,UK,2023-04-10 02:27:00
MERCH-9228,Electronics Top 9228,electronics,BR,2020-07-06 06:56:00
MERCH-9229,Travel Nova 9229,travel,US,2021-06-25 23:34:00
MERCH-9230,Entertainment Central 9230,entertainment,US,2018-10-26 12:11:00
MERCH-9231,Health Central 9231,health,BR,2023-11-20 11:34:00
MERCH-9232,Services Global 9232,services,US,2022-11-24 15:29:00
MERCH-9233,Retail Plus 9233,retail,BR,2018-04-18 18:04:00
MERCH-9234,Food Max 9234,food,FR,2020-12-12 12:21:00
MERCH-9235,Electronics Express 9235,electronics,US,2019-06-20 20:55:00
MERCH-9236,Travel Nova 9236,travel,FR,2018-08-15 17:53:00
MERCH-9237,Entertainment Express 9237,entertainment,US,2020-02-05 22:25:00
MERCH-9238,Health Max 9238,health,BR,2020-09-02 07:35:00
MERCH-9239,Services Max 9239,services,US,2023-09-24 02:10:00
MERCH-9240,Retail Plus 9240,retail,BR,2019-07-24 21:21:00
MERCH-9241,Food Prime 9241,food,UK,2021-01-10 01:14:00
MERCH-9242,Electronics Global 9242,electronics,BR,2019-02-11 12:54:00
MERCH-9243,Travel Express 9243,travel,US,2019-04-09 10:32:00
MERCH-9244,Entertainment Prime 9244,entertainment,BR,2018-08-29 10:05:00
MERCH-9245,Health Prime 9245,health,BR,2021-12-28 18:32:00
MERCH-9246,Services Central 9246,services,BR,2019-02-21 21:12:00
MERCH-9247,Retail Nova 9247,retail,UK,2022-10-16 20:09:00
MERCH-9248,Food Central 9248,food,FR,2018-04-03 20:12:00
MERCH-9249,Electronics Nova 9249,electronics,FR,2021-07-13 20:58:00
MERCH-9250,Travel Max 9250,travel,BR,2020-08-27 13:02:00
MERCH-9251,Entertainment Plus 9251,entertainment,US,2023-06-17 13:45:00
MERCH-9252,Health Global 9252,health,FR,2020-04-25 00:22:00
MERCH-9253,Services Global 9253,services,UK,2019-03-12 23:19:00
MERCH-9254,Retail Express 9254,retail,UK,2019-10-29 16:31:00
MERCH-9255,Food Prime 9255,food,BR,2019-07-03 06:35:00
MERCH-9256,Electronics Prime 9256,electronics,FR,2022-05-21 09:33:00
MERCH-9257,Travel Global 9257,travel,US,2021-04-26 09:00:00
MERCH-9258,Entertainment Nova 9258,entertainment,UK,2022-12-22 14:21:00
MERCH-9259,Health Global 9259,health,UK,2020-11-09 16:54:00
MERCH-9260,Services Central 9260,services,BR,2022-03-08 08:15:00
MERCH-9261,Retail Top 9261,retail,UK,2022-10-15 20:36:00
MERCH-9262,Food Plus 9262,food,BR,2019-08-24 22:25:00
MERCH-9263,Electronics Plus 9263,electronics,UK,2020-07-08 08:49:00
MERCH-9264,Travel Nova 9264,travel,US,2020-09-02 11:25:00
MERCH-9265,Entertainment Express 9265,entertainment,BR,2021-10-13 04:00:00
MERCH-9266,Health Global 9266,health,BR,2021-09-20 00:31:00
MERCH-9267,Services Express 9267,services,BR,2020-01-26 14:50:00
MERCH-9268,Retail Top 9268,retail,UK,2022-11-13 04:47:00
MERCH-9269,Food Nova 9269,food,UK,2020-10-09 17:28:00
MERCH-9270,Electronics Central 9270,electronics,BR,2022-10-20 03:41:00
MERCH-9271,Travel Top 9271,travel,BR,2021-03-08 20:21:00
MERCH-9272,Entertainment Nova 9272,entertainment,UK,2021-09-23 07:36:00
MERCH-9273,Health Global 9273,health,US,2018-06-09 04:47:00
MERCH-9274,Services Express 9274,services,BR,2021-05-24 21:46:00
MERCH-9275,Retail Top 9275,retail,BR,2023-09-30 14:29:00
MERCH-9276,Food Plus 9276,food,BR,2019-06-01 20:19:00
MERCH-9277,Electronics Nova 9277,electronics,US,2020-05-25 08:33:00
MERCH-9278,Travel Global 9278,travel,BR,2018-08-28 03:40:00
MERCH-9279,Entertainment Nova 9279,entertainment,FR,2019-02-12 04:06:00
MERCH-9280,Health Central 9280,health,BR,2022-08-15 02:20:00
MERCH-9281,Services Plus 9281,services,UK,2020-06-09 11:02:00
MERCH-9282,Retail Global 9282,retail,UK,2023-06-20 14:16:00
MERCH-9283,Food Central 9283,food,UK,2022-09-12 06:29:00
MERCH-9284,Electronics Prime 9284,electronics,BR,2023-06-20 11:18:00
MERCH-9285,Travel Express 9285,travel,BR,2019-02-08 02:01:00
MERCH-9286,Entertainment Express 9286,entertainment,BR,2018-08-04 12:04:00
MERCH-9287,Health Prime 9287,health,FR,2019-02-08 08:36:00
MERCH-9288,Services Max 9288,services,BR,2018-08-16 23:11:00
MERCH-9289,Retail Top 9289,retail,BR,2022-01-24 09:35:00
MERCH-9290,Food Central 9290,food,BR,2020-08-03 18:35:00
MERCH-9291,Electronics Prime 9291,electronics,US,2023-09-14 19:43:00
MERCH-9292,Travel Max 9292,travel,BR,2019-04-27 02:13:00
MERCH-9293,Entertainment Plus 9293,entertainment,BR,2018-01-23 20:48:00
MERCH-9294,Health Plus 9294,health,US,2021-12-21 23:49:00
MERCH-9295,Services Max 9295,services,UK,2018-08-14 04:11:00
MERCH-9296,Retail Central 9296,retail,BR,2023-12-28 03:56:00
MERCH-9297,Food Global 9297,food,BR,2019-05-28 08:40:00
MERCH-9298,Electronics Top 9298,electronics,US,2018-03-19 10:21:00
MERCH-9299,Travel Global 9299,travel,US,2020-04-15 18:29:00
MERCH-9300,Entertainment Nova 9300,entertainment,BR,2019-11-30 13:36:00
MERCH-9301,Health Top 9301,health,BR,2021-09-24 06:47:00
MERCH-9302,Services Nova 9302,services,BR,2021-05-14 18:44:00
MERCH-9303,Retail Global 9303,retail,BR,2018-08-15 02:32:00
MERCH-9304,Food Global 9304,food,BR,2019-02-13 17:36:00
MERCH-9305,Electronics Global 9305,electronics,FR,2022-05-06 17:24:00
MERCH-9306,Travel Max 9306,travel,BR,2020-01-21 03:25:00
MERCH-9307,Entertainment Plus 9307,entertainment,US,2023-09-15 07:38:00
MERCH-9308,Health Plus 9308,health,BR,2019-11-19 18:00:00
MERCH-9309,Services Max 9309,services,BR,2022-05-16 02:40:00
MERCH-9310,Retail Express 9310,retail,UK,2018-08-13 17:43:00
MERCH-9311,Food Top 9311,food,BR,2023-12-06 23:54:00
MERCH-9312,Electronics Max 9312,electronics,UK,2022-10-21 22:48:00
MERCH-9313,Travel Top 9313,travel,BR,2022-05-08 23:07:00
MERCH-9314,Entertainment Express 9314,entertainment,BR,2020-03-01 14:42:00
MERCH-9315,Health Prime 9315,health,FR,2019-02-01 16:26:00
MERCH-9316,Services Prime 9316,services,BR,2019-03-11 17:45:00
MERCH-9317,Retail Max 9317,retail,UK,2021-12-31 11:00:00
MERCH-9318,Food Global 9318,food,UK,2023-11-13 03:33:00
MERCH-9319,Electronics Express 9319,electronics,BR,2023-07-01 19:03:00
MERCH-9320,Travel Central 9320,travel,UK,2021-10-21 21:42:00
MERCH-9321,Entertainment Prime 9321,entertainment,BR,2020-02-18 09:04:00
MERCH-9322,Health Express 9322,health,US,2020-08-18 18:02:00
MERCH-9323,Services Central 9323,services,US,2023-04-16 01:41:00
MERCH-9324,Retail Plus 9324,retail,US,2018-06-20 09:01:00
MERCH-9325,Food Plus 9325,food,FR,2022-12-11 05:44:00
MERCH-9326,Electronics Express 9326,electronics,BR,2020-05-24 04:34:00
MERCH-9327,Travel Max 9327,travel,FR,2020-05-25 02:34:00
MERCH-9328,Entertainment Plus 9328,entertainment,FR,2020-08-07 04:39:00
MERCH-9329,Health Plus 9329,health,BR,2018-07-22 03:27:00
MERCH-9330,Services Global 9330,services,BR,2018-11-17 21:51:00
MERCH-9331,Retail Top 9331,retail,US,2022-03-14 07:56:00
MERCH-9332,Food Global 9332,food,FR,2018-12-08 03:01:00
MERCH-9333,Electronics Central 9333,electronics,BR,2019-01-16 03:49:00
MERCH-9334,Travel Express 9334,travel,BR,2021-02-01 19:31:00
MERCH-9335,Entertainment Max 9335,entertainment,FR,2022-10-18 15:59:00
MERCH-9336,Health Top 9336,health,UK,2019-11-04 08:23:00
MERCH-9337,Services Nova 9337,services,UK,2021-05-29 23:07:00
MERCH-9338,Retail Nova 9338,retail,UK,2020-12-17 03:29:00
MERCH-9339,Food Global 9339,food,BR,2023-08-27 08:54:00
MERCH-9340,Electronics Central 9340,electronics,BR,2022-07-26 15:24:00
MERCH-9341,Travel Global 9341,travel,UK,2020-10-05 08:50:00
MERCH-9342,Entertainment Max 9342,entertainment,FR,2022-01-06 07:56:00
MERCH-9343,Health Plus 9343,health,US,2019-01-29 22:02:00
MERCH-9344,Services Global 9344,services,BR,2023-06-08 07:37:00
MERCH-9345,Retail Plus 9345,retail,BR,2020-10-16 08:51:00
MERCH-9346,Food Express 9346,food,FR,2021-11-30 18:42:00
MERCH-9347,Electronics Prime 9347,electronics,BR,2022-10-31 22:18:00
MERCH-9348,Travel Top 9348,travel,BR,2020-06-09 09:40:00
MERCH-9349,Entertainment Prime 9349,entertainment,BR,2023-12-13 14:16:00
MERCH-9350,Health Express 9350,health,UK,2019-11-17 10:52:00
MERCH-9351,Services Plus 9351,services,UK,2019-04-18 22:40:00
MERCH-9352,Retail Central 9352,retail,BR,2021-11-24 04:38:00
MERCH-9353,Food Top 9353,food,FR,2021-04-21 09:26:00
MERCH-9354,Electronics Nova 9354,electronics,US,2022-07-16 15:29:00
MERCH-9355,Travel Central 9355,travel,FR,2021-01-08 05:13:00
MERCH-9356,Entertainment Max 9356,entertainment,FR,2022-08-13 21:47:00
MERCH-9357,Health Central 9357,health,FR,2023-10-22 21:15:00
MERCH-9358,Services Prime 9358,services,US,2022-06-29 10:31:00
MERCH-9359,Retail Nova 9359,retail,FR,2019-10-05 15:07:00
MERCH-9360,Food Global 9360,food,US,2020-10-03 07:39:00
MERCH-9361,Electronics Express 9361,electronics,UK,2019-07-05 05:31:00
MERCH-9362,Travel Max 9362,travel,BR,2018-03-19 12:51:00
MERCH-9363,Entertainment Prime 9363,entertainment,BR,2018-08-14 04:09:00
MERCH-9364,Health Plus 9364,health,FR,2018-01-16 15:22:00
MERCH-9365,Services Central 9365,services,BR,2018-01-13 00:17:00
MERCH-9366,Retail Express 9366,retail,BR,2019-06-05 17:43:00
MERCH-9367,Food Central 9367,food,BR,2020-11-11 12:01:00
MERCH-9368,Electronics Express 9368,electronics,BR,2023-12-24 22:48:00
MERCH-9369,Travel Central 9369,travel,UK,2022-04-28 02:01:00
MERCH-9370,Entertainment Global 9370,entertainment,FR,2022-08-05 07:37:00
MERCH-9371,Health Max 9371,health,BR,2021-01-21 23:16:00
MERCH-9372,Services Central 9372,services,US,2020-04-28 22:56:00
MERCH-9373,Retail Top 9373,retail,US,2018-07-26 11:09:00
MERCH-9374,Food Prime 9374,food,BR,2018-02-15 04:07:00
MERCH-9375,Electronics Nova 9375,electronics,UK,2021-10-01 10:48:00
MERCH-9376,Travel Express 9376,travel,US,2020-02-07 16:14:00
MERCH-9377,Entertainment Max 9377,entertainment,UK,2022-07-05 10:33:00
MERCH-9378,Health Prime 9378,health,US,2018-12-21 16:43:00
MERCH-9379,Services Global 9379,services,BR,2022-07-12 15:05:00
MERCH-9380,Retail Top 9380,retail,BR,2021-05-04 14:15:00
MERCH-9381,Food Central 9381,food,US,2023-11-15 09:24:00
MERCH-9382,Electronics Max 9382,electronics,FR,2021-09-07 19:30:00
MERCH-9383,Travel Top 9383,travel,BR,2018-04-23 19:26:00
MERCH-9384,Entertainment Plus 9384,entertainment,BR,2019-07-28 09:04:00
MERCH-9385,Health Top 9385,health,BR,2018-02-27 22:54:00
MERCH-9386,Services Max 9386,services,BR,2018-06-04 23:07:00
MERCH-9387,Retail Nova 9387,retail,BR,2020-09-18 02:39:00
MERCH-9388,Food Top 9388,food,BR,2019-08-04 08:07:00
MERCH-9389,Electronics Plus 9389,electronics,FR,2018-06-27 02:12:00
MERCH-9390,Travel Max 9390,travel,BR,2019-03-26 23:08:00
MERCH-9391,Entertainment Prime 9391,entertainment,US,2023-04-10 09:48:00
MERCH-9392,Health Nova 9392,health,FR,2023-01-26 15:19:00
MERCH-9393,Services Max 9393,services,BR,2021-06-10 03:57:00
MERCH-9394,Retail Top 9394,retail,US,2022-04-13 17:13:00
MERCH-9395,Food Top 9395,food,US,2021-09-21 16:19:00
MERCH-9396,Electronics Nova 9396,electronics,UK,2021-04-14 06:21:00
MERCH-9397,Travel Prime 9397,travel,BR,2020-03-20 21:18:00
MERCH-9398,Entertainment Nova 9398,entertainment,BR,2018-01-25 08:19:00
MERCH-9399,Health Central 9399,health,FR,2018-02-09 08:39:00
MERCH-9400,Services Prime 9400,services,US,2019-09-09 16:49:00
MERCH-9401,Retail Nova 9401,retail,US,2019-07-12 09:22:00
MERCH-9402,Food Nova 9402,food,FR,2021-11-25 14:51:00
MERCH-9403,Electronics Prime 9403,electronics,US,2018-02-20 05:17:00
MERCH-9404,Travel Global 9404,travel,BR,2022-01-18 14:38:00
MERCH-9405,Entertainment Global 9405,entertainment,BR,2019-06-10 13:53:00
MERCH-9406,Health Max 9406,health,FR,2023-10-09 10:49:00
MERCH-9407,Services Global 9407,services,US,2019-10-13 03:02:00
MERCH-9408,Retail Top 9408,retail,FR,2019-04-24 22:47:00
MERCH-9409,Food Express 9409,food,FR,2019-09-01 23:32:00
MERCH-9410,Electronics Global 9410,electronics,BR,2020-02-22 06:28:00
MERCH-9411,Travel Central 9411,travel,BR,2018-12-03 17:27:00
MERCH-9412,Entertainment Nova 9412,entertainment,US,2018-12-12 11:19:00
MERCH-9413,Health Plus 9413,health,BR,2021-03-25 06:23:00
MERCH-9414,Services Plus 9414,services,US,2022-04-19 22:56:00
MERCH-9415,Retail Top 9415,retail,BR,2018-08-17 16:02:00
MERCH-9416,Food Central 9416,food,BR,2018-04-15 02:22:00
MERCH-9417,Electronics Max 9417,electronics,BR,2022-10-10 03:08:00
MERCH-9418,Travel Prime 9418,travel,US,2022-03-23 18:40:00
MERCH-9419,Entertainment Express 9419,entertainment,FR,2023-02-20 03:18:00
MERCH-9420,Health Nova 9420,health,UK,2021-12-26 03:00:00
MERCH-9421,Services Global 9421,services,BR,2022-12-21 01:16:00
MERCH-9422,Retail Global 9422,retail,UK,2020-05-27 20:00:00
MERCH-9423,Food Prime 9423,food,BR,2020-04-10 14:58:00
MERCH-9424,Electronics Express 9424,electronics,UK,2021-02-23 19:44:00
MERCH-9425,Travel Top 9425,travel,BR,2019-10-19 05:06:00
MERCH-9426,Entertainment Max 9426,entertainment,BR,2023-07-30 21:49:00
MERCH-9427,Health Max 9427,health,UK,2023-05-24 05:01:00
MERCH-9428,Services Central 9428,services,BR,2023-03-04 21:18:00
MERCH-9429,Retail Plus 9429,retail,US,2020-12-15 06:25:00
MERCH-9430,Food Max 9430,food,BR,2021-09-04 13:11:00
MERCH-9431,Electronics Prime 9431,electronics,BR,2023-07-02 14:34:00
MERCH-9432,Travel Prime 9432,travel,BR,2022-01-22 11:20:00
MERCH-9433,Entertainment Express 9433,entertainment,US,2019-07-15 22:20:00
MERCH-9434,Health Central 9434,health,FR,2023-04-22 19:40:00
MERCH-9435,Services Nova 9435,services,BR,2020-03-10 21:02:00
MERCH-9436,Retail Top 9436,retail,FR,2022-04-11 04:40:00
MERCH-9437,Food Max 9437,food,BR,2018-02-18 03:25:00
MERCH-9438,Electronics Global 9438,electronics,UK,2023-01-12 23:01:00
MERCH-9439,Travel Prime 9439,travel,UK,2019-12-14 07:29:00
MERCH-9440,Entertainment Max 9440,entertainment,FR,2023-09-14 07:49:00
MERCH-9441,Health Nova 9441,health,UK,2018-11-14 21:51:00
MERCH-9442,Services Nova 9442,services,UK,2019-05-31 10:49:00
MERCH-9443,Retail Global 9443,retail,US,2019-04-14 11:30:00
MERCH-9444,Food Nova 9444,food,US,2020-07-30 07:53:00
MERCH-9445,Electronics Central 9445,electronics,US,2018-07-11 10:33:00
MERCH-9446,Travel Plus 9446,travel,BR,2019-12-29 00:33:00
MERCH-9447,Entertainment Plus 9447,entertainment,BR,2023-04-10 14:35:00
MERCH-9448,Health Prime 9448,health,US,2018-05-18 13:08:00
MERCH-9449,Services Max 9449,services,US,2019-07-15 23:11:00
MERCH-9450,Retail Central 9450,retail,BR,2020-10-04 19:06:00
MERCH-9451,Food Plus 9451,food,BR,2018-08-30 12:28:00
MERCH-9452,Electronics Plus 9452,electronics,BR,2022-08-10 09:24:00
MERCH-9453,Travel Prime 9453,travel,BR,2023-01-01 08:02:00
MERCH-9454,Entertainment Express 9454,entertainment,BR,2021-02-04 07:54:00
MERCH-9455,Health Plus 9455,health,BR,2021-09-24 19:01:00
MERCH-9456,Services Top 9456,services,UK,2023-10-20 10:01:00
MERCH-9457,Retail Central 9457,retail,FR,2021-06-18 22:00:00
MERCH-9458,Food Central 9458,food,BR,2020-05-25 18:51:00
MERCH-9459,Electronics Top 9459,electronics,US,2022-11-30 22:11:00
MERCH-9460,Travel Central 9460,travel,BR,2022-11-14 20:46:00
MERCH-9461,Entertainment Top 9461,entertainment,BR,2021-03-19 14:43:00
MERCH-9462,Health Prime 9462,health,UK,2023-11-17 17:33:00
MERCH-9463,Services Express 9463,services,UK,2022-05-23 21:20:00
MERCH-9464,Retail Express 9464,retail,FR,2018-09-11 06:29:00
MERCH-9465,Food Central 9465,food,BR,2021-11-01 11:21:00
MERCH-9466,Electronics Top 9466,electronics,BR,2020-06-05 02:35:00
MERCH-9467,Travel Max 9467,travel,BR,2022-06-26 04:53:00
MERCH-9468,Entertainment Central 9468,entertainment,US,2022-09-01 09:42:00
MERCH-9469,Health Max 9469,health,BR,2019-10-13 03:40:00
MERCH-9470,Services Top 9470,services,BR,2019-08-01 09:08:00
MERCH-9471,Retail Nova 9471,retail,BR,2022-08-12 06:50:00
MERCH-9472,Food Top 9472,food,BR,2022-08-14 01:38:00
MERCH-9473,Electronics Top 9473,electronics,FR,2018-12-16 18:00:00
MERCH-9474,Travel Plus 9474,travel,FR,2020-07-20 09:09:00
MERCH-9475,Entertainment Top 9475,entertainment,US,2022-05-08 19:11:00
MERCH-9476,Health Global 9476,health,BR,2019-12-31 03:58:00
MERCH-9477,Services Nova 9477,services,US,2022-09-19 18:08:00
MERCH-9478,Retail Nova 9478,retail,FR,2023-04-29 05:52:00
MERCH-9479,Food Express 9479,food,BR,2019-05-18 13:39:00
MERCH-9480,Electronics Top 9480,electronics,UK,2022-07-12 19:22:00
MERCH-9481,Travel Express 9481,travel,BR,2020-09-12 11:04:00
MERCH-9482,Entertainment Global 9482,entertainment,BR,2018-06-08 15:46:00
MERCH-9483,Health Global 9483,health,UK,2020-10-15 13:21:00
MERCH-9484,Services Central 9484,services,FR,2023-04-18 15:33:00
MERCH-9485,Retail Plus 9485,retail,US,2020-12-08 13:46:00
MERCH-9486,Food Global 9486,food,FR,2020-01-10 17:06:00
MERCH-9487,Electronics Nova 9487,electronics,BR,2022-12-03 10:48:00
MERCH-9488,Travel Central 9488,travel,UK,2022-01-16 14:52:00
MERCH-9489,Entertainment Max 9489,entertainment,BR,2019-11-09 05:33:00
MERCH-9490,Health Global 9490,health,UK,2018-09-06 20:52:00
MERCH-9491,Services Express 9491,services,FR,2021-07-07 11:49:00
MERCH-9492,Retail Express 9492,retail,US,2021-08-11 18:34:00
MERCH-9493,Food Global 9493,food,BR,2020-04-20 11:32:00
MERCH-9494,Electronics Plus 9494,electronics,FR,2022-08-25 22:51:00
MERCH-9495,Travel Global 9495,travel,UK,2019-02-06 00:54:00
MERCH-9496,Entertainment Prime 9496,entertainment,BR,2022-06-11 03:06:00
MERCH-9497,Health Top 9497,health,US,2023-04-13 15:31:00
MERCH-9498,Services Prime 9498,services,US,2021-12-01 08:45:00
MERCH-9499,Retail Prime 9499,retail,BR,2018-12-14 05:05:00
MERCH-9500,Food Global 9500,food,BR,2020-04-08 15:18:00
MERCH-9501,Electronics Express 9501,electronics,US,2018-06-05 03:49:00
MERCH-9502,Travel Global 9502,travel,BR,2021-06-26 03:18:00
MERCH-9503,Entertainment Plus 9503,entertainment,BR,2020-06-24 13:43:00
MERCH-9504,Health Plus 9504,health,BR,2020-02-02 06:58:00
MERCH-9505,Services Plus 9505,services,UK,2022-12-31 04:31:00
MERCH-9506,Retail Prime 9506,retail,BR,2022-01-02 02:16:00
MERCH-9507,Food Central 9507,food,BR,2018-02-22 08:15:00
MERCH-9508,Electronics Central 9508,electronics,BR,2023-12-30 09:14:00
MERCH-9509,Travel Prime 9509,travel,BR,2019-10-26 02:41:00
MERCH-9510,Entertainment Central 9510,entertainment,FR,2023-06-25 18:14:00
MERCH-9511,Health Express 9511,health,BR,2023-10-03 08:05:00
MERCH-9512,Services Nova 9512,services,UK,2022-05-14 20:47:00
MERCH-9513,Retail Central 9513,retail,BR,2020-01-14 12:21:00
MERCH-9514,Food Prime 9514,food,FR,2018-09-30 18:48:00
MERCH-9515,Electronics Global 9515,electronics,UK,2023-02-15 12:45:00
MERCH-9516,Travel Express 9516,travel,BR,2018-11-14 07:39:00
MERCH-9517,Entertainment Prime 9517,entertainment,BR,2022-08-18 00:28:00
MERCH-9518,Health Plus 9518,health,BR,2021-12-04 02:44:00
MERCH-9519,Services Nova 9519,services,BR,2020-04-20 13:46:00
MERCH-9520,Retail Plus 9520,retail,US,2023-09-02 00:06:00
MERCH-9521,Food Nova 9521,food,US,2020-07-27 18:39:00
MERCH-9522,Electronics Prime 9522,electronics,FR,2022-02-16 22:24:00
MERCH-9523,Travel Nova 9523,travel,UK,2021-05-26 15:03:00
MERCH-9524,Entertainment Prime 9524,entertainment,FR,2020-12-23 07:49:00
MERCH-9525,Health Global 9525,health,US,2019-08-25 01:31:00
MERCH-9526,Services Max 9526,services,US,2022-12-14 21:42:00
MERCH-9527,Retail Nova 9527,retail,BR,2021-11-20 14:49:00
MERCH-9528,Food Prime 9528,food,UK,2020-04-29 01:24:00
MERCH-9529,Electronics Plus 9529,electronics,FR,2023-12-02 14:42:00
MERCH-9530,Travel Prime 9530,travel,BR,2022-10-24 02:44:00
MERCH-9531,Entertainment Central 9531,entertainment,BR,2022-01-28 02:40:00
MERCH-9532,Health Global 9532,health,BR,2022-03-01 22:26:00
MERCH-9533,Services Top 9533,services,US,2020-10-09 07:00:00
MERCH-9534,Retail Prime 9534,retail,US,2022-07-09 05:40:00
MERCH-9535,Food Top 9535,food,BR,2022-05-02 22:02:00
MERCH-9536,Electronics Express 9536,electronics,US,2021-01-03 01:57:00
MERCH-9537,Travel Top 9537,travel,UK,2023-06-14 20:38:00
MERCH-9538,Entertainment Prime 9538,entertainment,FR,2021-01-26 11:54:00
MERCH-9539,Health Express 9539,health,FR,2023-10-24 12:17:00
MERCH-9540,Services Plus 9540,services,FR,2021-08-12 11:53:00
MERCH-9541,Retail Central 9541,retail,UK,2023-05-21 06:53:00
MERCH-9542,Food Top 9542,food,US,2023-07-21 08:04:00
MERCH-9543,Electronics Max 9543,electronics,BR,2021-08-21 01:17:00
MERCH-9544,Travel Top 9544,travel,UK,2020-12-17 01:45:00
MERCH-9545,Entertainment Plus 9545,entertainment,FR,2021-07-12 08:07:00
MERCH-9546,Health Max 9546,health,US,2022-10-15 23:25:00
MERCH-9547,Services Plus 9547,services,US,2021-06-17 04:47:00
MERCH-9548,Retail Global 9548,retail,FR,2023-07-09 04:56:00
MERCH-9549,Food Central 9549,food,US,2018-04-25 06:52:00
MERCH-9550,Electronics Max 9550,electronics,FR,2018-04-10 00:20:00
MERCH-9551,Travel Top 9551,travel,BR,2022-03-08 15:40:00
MERCH-9552,Entertainment Global 9552,entertainment,FR,2023-03-25 17:40:00
MERCH-9553,Health Global 9553,health,BR,2021-10-15 10:06:00
MERCH-9554,Services Global 9554,services,BR,2022-07-07 09:30:00
MERCH-9555,Retail Nova 9555,retail,BR,2021-09-24 01:26:00
MERCH-9556,Food Prime 9556,food,FR,2023-04-19 21:12:00
MERCH-9557,Electronics Express 9557,electronics,US,2021-06-18 03:03:00
MERCH-9558,Travel Top 9558,travel,US,2020-09-11 00:06:00
MERCH-9559,Entertainment Central 9559,entertainment,BR,2021-07-25 06:33:00
MERCH-9560,Health Max 9560,health,US,2020-02-01 17:25:00
MERCH-9561,Services Central 9561,services,FR,2023-12-07 16:57:00
MERCH-9562,Retail Max 9562,retail,BR,2019-03-29 15:57:00
MERCH-9563,Food Plus 9563,food,BR,2019-09-04 23:47:00
MERCH-9564,Electronics Prime 9564,electronics,BR,2019-12-25 22:32:00
MERCH-9565,Travel Central 9565,travel,BR,2023-02-02 20:37:00
MERCH-9566,Entertainment Plus 9566,entertainment,UK,2023-06-05 22:08:00
MERCH-9567,Health Express 9567,health,UK,2023-01-05 23:10:00
MERCH-9568,Services Central 9568,services,FR,2019-04-24 19:35:00
MERCH-9569,Retail Express 9569,retail,FR,2022-09-10 21:43:00
MERCH-9570,Food Max 9570,food,US,2020-08-29 21:06:00
MERCH-9571,Electronics Top 9571,electronics,BR,2022-12-07 12:04:00
MERCH-9572,Travel Central 9572,travel,UK,2022-01-31 12:06:00
MERCH-9573,Entertainment Global 9573,entertainment,FR,2021-12-22 00:23:00
MERCH-9574,Health Central 9574,health,UK,2021-07-01 14:57:00
MERCH-9575,Services Prime 9575,services,FR,2023-07-18 05:36:00
MERCH-9576,Retail Central 9576,retail,BR,2021-04-30 20:36:00
MERCH-9577,Food Global 9577,food,FR,2023-06-19 04:10:00
MERCH-9578,Electronics Prime 9578,electronics,FR,2020-10-04 04:49:00
MERCH-9579,Travel Nova 9579,travel,BR,2019-10-17 22:01:00
MERCH-9580,Entertainment Nova 9580,entertainment,BR,2022-12-25 10:24:00
MERCH-9581,Health Plus 9581,health,US,2020-06-22 18:16:00
MERCH-9582,Services Central 9582,services,UK,2023-02-02 18:58:00
MERCH-9583,Retail Nova 9583,retail,FR,2022-04-26 10:59:00
MERCH-9584,Food Top 9584,food,BR,2021-11-22 09:00:00
MERCH-9585,Electronics Prime 9585,electronics,US,2023-08-11 09:31:00
MERCH-9586,Travel Express 9586,travel,UK,2020-05-03 20:21:00
MERCH-9587,Entertainment Max 9587,entertainment,US,2022-09-03 02:25:00
MERCH-9588,Health Global 9588,health,BR,2020-01-16 22:38:00
MERCH-9589,Services Top 9589,services,FR,2020-12-24 08:40:00
MERCH-9590,Retail Central 9590,retail,BR,2022-12-03 02:39:00
MERCH-9591,Food Prime 9591,food,BR,2021-05-01 04:52:00
MERCH-9592,Electronics Top 9592,electronics,BR,2021-08-18 17:34:00
MERCH-9593,Travel Nova 9593,travel,UK,2018-02-01 13:29:00
MERCH-9594,Entertainment Top 9594,entertainment,UK,2019-04-23 13:07:00
MERCH-9595,Health Plus 9595,health,BR,2018-06-15 11:03:00
MERCH-9596,Services Global 9596,services,BR,2019-02-20 13:51:00
MERCH-9597,Retail Max 9597,retail,US,2021-03-05 15:35:00
MERCH-9598,Food Plus 9598,food,BR,2018-06-30 04:42:00
MERCH-9599,Electronics Prime 9599,electronics,US,2022-01-27 20:16:00
MERCH-9600,Travel Prime 9600,travel,BR,2021-09-15 17:34:00
MERCH-9601,Entertainment Central 9601,entertainment,BR,2020-02-19 22:01:00
MERCH-9602,Health Express 9602,health,BR,2023-09-18 17:37:00
MERCH-9603,Services Plus 9603,services,UK,2018-08-17 16:14:00
MERCH-9604,Retail Central 9604,retail,BR,2019-03-13 11:13:00
MERCH-9605,Food Prime 9605,food,BR,2019-12-07 17:35:00
MERCH-9606,Electronics Top 9606,electronics,BR,2018-04-05 05:48:00
MERCH-9607,Travel Central 9607,travel,BR,2019-07-10 18:00:00
MERCH-9608,Entertainment Top 9608,entertainment,FR,2018-11-14 10:39:00
MERCH-9609,Health Prime 9609,health,BR,2021-10-11 16:45:00
MERCH-9610,Services Nova 9610,services,US,2018-09-19 20:17:00
MERCH-9611,Retail Nova 9611,retail,BR,2018-09-14 07:02:00
MERCH-9612,Food Top 9612,food,BR,2020-10-03 04:45:00
MERCH-9613,Electronics Nova 9613,electronics,BR,2020-08-12 09:14:00
MERCH-9614,Travel Express 9614,travel,BR,2019-12-22 09:12:00
MERCH-9615,Entertainment Max 9615,entertainment,UK,2020-11-26 17:49:00
MERCH-9616,Health Prime 9616,health,BR,2021-04-23 20:41:00
MERCH-9617,Services Prime 9617,services,FR,2020-10-13 08:45:00
MERCH-9618,Retail Top 9618,retail,BR,2021-03-29 01:35:00
MERCH-9619,Food Central 9619,food,BR,2023-07-04 12:16:00
MERCH-9620,Electronics Top 9620,electronics,BR,2019-08-05 23:39:00
MERCH-9621,Travel Top 9621,travel,BR,2023-09-14 12:59:00
MERCH-9622,Entertainment Top 9622,entertainment,BR,2020-08-27 06:34:00
MERCH-9623,Health Central 9623,health,BR,2021-07-24 09:28:00
MERCH-9624,Services Nova 9624,services,BR,2019-09-01 03:38:00
MERCH-9625,Retail Express 9625,retail,FR,2020-07-12 13:01:00
MERCH-9626,Food Central 9626,food,UK,2018-07-07 06:58:00
MERCH-9627,Electronics Prime 9627,electronics,BR,2021-04-18 14:15:00
MERCH-9628,Travel Global 9628,travel,BR,2021-03-04 03:31:00
MERCH-9629,Entertainment Plus 9629,entertainment,US,2018-02-27 07:45:00
MERCH-9630,Health Top 9630,health,US,2022-11-22 10:54:00
MERCH-9631,Services Plus 9631,services,UK,2021-11-14 23:03:00
MERCH-9632,Retail Prime 9632,retail,BR,2019-08-29 17:46:00
MERCH-9633,Food Prime 9633,food,BR,2020-06-18 20:20:00
MERCH-9634,Electronics Express 9634,electronics,BR,2020-03-09 04:33:00
MERCH-9635,Travel Top 9635,travel,UK,2020-03-11 03:20:00
MERCH-9636,Entertainment Prime 9636,entertainment,BR,2023-06-19 10:21:00
MERCH-9637,Health Global 9637,health,BR,2020-10-05 02:08:00
MERCH-9638,Services Central 9638,services,BR,2023-05-02 14:13:00
MERCH-9639,Retail Global 9639,retail,FR,2020-10-19 19:56:00
MERCH-9640,Food Prime 9640,food,BR,2022-02-25 18:07:00
MERCH-9641,Electronics Central 9641,electronics,BR,2021-01-07 19:16:00
MERCH-9642,Travel Express 9642,travel,FR,2022-10-17 16:26:00
MERCH-9643,Entertainment Nova 9643,entertainment,FR,2023-01-30 08:15:00
MERCH-9644,Health Top 9644,health,BR,2020-11-26 04:45:00
MERCH-9645,Services Global 9645,services,US,2019-02-26 16:59:00
MERCH-9646,Retail Prime 9646,retail,BR,2018-05-24 04:54:00
MERCH-9647,Food Nova 9647,food,FR,2022-12-06 17:34:00
MERCH-9648,Electronics Prime 9648,electronics,US,2019-05-19 19:40:00
MERCH-9649,Travel Nova 9649,travel,UK,2019-11-18 00:21:00
MERCH-9650,Entertainment Nova 9650,entertainment,FR,2021-10-06 22:34:00
MERCH-9651,Health Central 9651,health,UK,2023-11-05 16:20:00
MERCH-9652,Services Prime 9652,services,BR,2022-08-05 07:29:00
MERCH-9653,Retail Central 9653,retail,BR,2020-11-21 11:39:00
MERCH-9654,Food Prime 9654,food,BR,2021-01-21 03:03:00
MERCH-9655,Electronics Global 9655,electronics,FR,2022-07-09 04:39:00
MERCH-9656,Travel Express 9656,travel,BR,2023-04-03 22:31:00
MERCH-9657,Entertainment Top 9657,entertainment,BR,2019-01-06 03:14:00
MERCH-9658,Health Global 9658,health,UK,2019-01-26 13:57:00
MERCH-9659,Services Top 9659,services,US,2020-11-18 09:10:00
MERCH-9660,Retail Prime 9660,retail,FR,2018-11-20 16:03:00
MERCH-9661,Food Express 9661,food,BR,2023-08-26 00:43:00
MERCH-9662,Electronics Prime 9662,electronics,UK,2019-02-12 18:34:00
MERCH-9663,Travel Global 9663,travel,BR,2018-01-08 13:44:00
MERCH-9664,Entertainment Top 9664,entertainment,BR,2019-05-20 10:44:00
MERCH-9665,Health Prime 9665,health,BR,2022-02-01 06:52:00
MERCH-9666,Services Express 9666,services,BR,2020-02-21 08:16:00
MERCH-9667,Retail Prime 9667,retail,US,2021-04-22 03:12:00
MERCH-9668,Food Prime 9668,food,US,2021-12-08 14:15:00
MERCH-9669,Electronics Top 9669,electronics,FR,2018-12-23 08:33:00
MERCH-9670,Travel Top 9670,travel,US,2018-01-23 22:09:00
MERCH-9671,Entertainment Prime 9671,entertainment,US,2018-10-04 09:04:00
MERCH-9672,Health Express 9672,health,BR,2022-11-21 07:34:00
MERCH-9673,Services Global 9673,services,FR,2019-10-28 06:09:00
MERCH-9674,Retail Max 9674,retail,BR,2022-07-04 16:23:00
MERCH-9675,Food Global 9675,food,BR,2023-11-02 02:22:00
MERCH-9676,Electronics Max 9676,electronics,BR,2019-08-24 18:30:00
MERCH-9677,Travel Max 9677,travel,BR,2019-12-22 03:07:00
MERCH-9678,Entertainment Top 9678,entertainment,FR,2019-05-04 01:53:00
MERCH-9679,Health Plus 9679,health,BR,2023-09-27 18:53:00
MERCH-9680,Services Nova 9680,services,FR,2020-10-28 05:49:00
MERCH-9681,Retail Central 9681,retail,FR,2020-03-05 04:19:00
MERCH-9682,Food Central 9682,food,BR,2022-08-01 09:15:00
MERCH-9683,Electronics Prime 9683,electronics,US,2020-02-16 02:48:00
MERCH-9684,Travel Plus 9684,travel,US,2018-09-20 07:28:00
MERCH-9685,Entertainment Express 9685,entertainment,FR,2022-03-30 03:36:00
MERCH-9686,Health Express 9686,health,UK,2018-08-14 19:02:00
MERCH-9687,Services Express 9687,services,BR,2020-04-25 08:13:00
MERCH-9688,Retail Top 9688,retail,BR,2022-05-14 10:02:00
MERCH-9689,Food Prime 9689,food,BR,2021-03-11 14:24:00
MERCH-9690,Electronics Top 9690,electronics,UK,2019-01-15 03:40:00
MERCH-9691,Travel Plus 9691,travel,BR,2018-01-12 09:13:00
MERCH-9692,Entertainment Top 9692,entertainment,BR,2023-02-15 14:54:00
MERCH-9693,Health Plus 9693,health,BR,2019-11-03 22:18:00
MERCH-9694,Services Express 9694,services,BR,2019-09-27 02:31:00
MERCH-9695,Retail Express 9695,retail,BR,2020-01-05 14:06:00
MERCH-9696,Food Top 9696,food,US,2019-08-06 09:37:00
MERCH-9697,Electronics Global 9697,electronics,UK,2021-02-17 22:43:00
MERCH-9698,Travel Prime 9698,travel,BR,2019-04-07 20:13:00
MERCH-9699,Entertainment Nova 9699,entertainment,BR,2018-10-31 00:04:00
MERCH-9700,Health Max 9700,health,UK,2019-02-02 04:59:00
MERCH-9701,Services Plus 9701,services,BR,2022-04-27 05:31:00
MERCH-9702,Retail Plus 9702,retail,UK,2020-10-08 05:00:00
MERCH-9703,Food Central 9703,food,BR,2020-03-19 08:26:00
MERCH-9704,Electronics Plus 9704,electronics,FR,2020-04-04 09:26:00
MERCH-9705,Travel Prime 9705,travel,US,2021-07-13 16:37:00
MERCH-9706,Entertainment Nova 9706,entertainment,BR,2019-09-18 17:41:00
MERCH-9707,Health Nova 9707,health,BR,2018-08-16 01:48:00
MERCH-9708,Services Max 9708,services,UK,2021-08-27 17:27:00
MERCH-9709,Retail Nova 9709,retail,FR,2023-04-29 21:36:00
MERCH-9710,Food Central 9710,food,FR,2021-01-31 08:59:00
MERCH-9711,Electronics Max 9711,electronics,BR,2019-06-16 14:05:00
MERCH-9712,Travel Global 9712,travel,UK,2019-05-30 08:46:00
MERCH-9713,Entertainment Global 9713,entertainment,BR,2023-01-16 00:07:00
MERCH-9714,Health Nova 9714,health,BR,2020-05-20 15:03:00
MERCH-9715,Services Global 9715,services,FR,2020-03-20 00:40:00
MERCH-9716,Retail Max 9716,retail,UK,2018-12-12 17:49:00
MERCH-9717,Food Max 9717,food,BR,2020-07-18 21:30:00
MERCH-9718,Electronics Plus 9718,electronics,BR,2021-11-07 07:43:00
MERCH-9719,Travel Nova 9719,travel,BR,2021-12-10 04:05:00
MERCH-9720,Entertainment Prime 9720,entertainment,BR,2023-12-07 17:36:00
MERCH-9721,Health Plus 9721,health,US,2018-03-22 08:36:00
MERCH-9722,Services Top 9722,services,BR,2019-06-03 06:02:00
MERCH-9723,Retail Central 9723,retail,FR,2018-10-29 13:21:00
MERCH-9724,Food Top 9724,food,BR,2019-05-20 17:46:00
MERCH-9725,Electronics Central 9725,electronics,BR,2020-05-26 00:16:00
MERCH-9726,Travel Plus 9726,travel,BR,2021-07-15 21:57:00
MERCH-9727,Entertainment Nova 9727,entertainment,BR,2022-11-20 10:01:00
MERCH-9728,Health Plus 9728,health,BR,2019-04-26 15:21:00
MERCH-9729,Services Nova 9729,services,BR,2022-08-30 09:06:00
MERCH-9730,Retail Top 9730,retail,BR,2018-12-08 05:27:00
MERCH-9731,Food Express 9731,food,FR,2022-02-20 06:01:00
MERCH-9732,Electronics Global 9732,electronics,BR,2018-01-17 21:52:00
MERCH-9733,Travel Top 9733,travel,BR,2022-05-20 15:59:00
MERCH-9734,Entertainment Central 9734,entertainment,BR,2022-06-19 04:03:00
MERCH-9735,Health Express 9735,health,FR,2018-03-04 03:05:00
MERCH-9736,Services Plus 9736,services,UK,2023-02-12 02:52:00
MERCH-9737,Retail Central 9737,retail,UK,2022-09-27 01:26:00
MERCH-9738,Food Express 9738,food,BR,2019-05-14 05:02:00
MERCH-9739,Electronics Express 9739,electronics,BR,2020-11-04 03:23:00
MERCH-9740,Travel Prime 9740,travel,FR,2018-01-12 09:27:00
MERCH-9741,Entertainment Nova 9741,entertainment,BR,2019-02-25 00:00:00
MERCH-9742,Health Max 9742,health,BR,2023-05-31 23:05:00
MERCH-9743,Services Plus 9743,services,BR,2022-07-04 09:32:00
MERCH-9744,Retail Global 9744,retail,FR,2018-05-25 14:04:00
MERCH-9745,Food Express 9745,food,UK,2021-11-27 22:14:00
MERCH-9746,Electronics Express 9746,electronics,UK,2022-09-08 03:49:00
MERCH-9747,Travel Central 9747,travel,BR,2019-05-03 22:55:00
MERCH-9748,Entertainment Prime 9748,entertainment,BR,2018-03-08 06:20:00
MERCH-9749,Health Express 9749,health,US,2019-05-09 08:11:00
MERCH-9750,Services Express 9750,services,US,2020-11-17 19:55:00
MERCH-9751,Retail Global 9751,retail,UK,2020-08-27 19:28:00
MERCH-9752,Food Nova 9752,food,BR,2019-09-09 13:14:00
MERCH-9753,Electronics Top 9753,electronics,BR,2018-04-09 21:07:00
MERCH-9754,Travel Express 9754,travel,BR,2019-05-13 07:21:00
MERCH-9755,Entertainment Central 9755,entertainment,BR,2022-05-24 18:11:00
MERCH-9756,Health Plus 9756,health,FR,2021-10-11 11:31:00
MERCH-9757,Services Central 9757,services,BR,2018-02-06 13:14:00
MERCH-9758,Retail Plus 9758,retail,BR,2022-04-05 20:02:00
MERCH-9759,Food Plus 9759,food,BR,2018-11-05 04:02:00
MERCH-9760,Electronics Central 9760,electronics,UK,2021-01-11 05:12:00
MERCH-9761,Travel Max 9761,travel,BR,2019-03-09 07:24:00
MERCH-9762,Entertainment Top 9762,entertainment,UK,2018-02-09 07:56:00
MERCH-9763,Health Max 9763,health,BR,2022-08-05 10:36:00
MERCH-9764,Services Central 9764,services,BR,2022-04-26 19:25:00
MERCH-9765,Retail Prime 9765,retail,BR,2020-11-09 04:04:00
MERCH-9766,Food Express 9766,food,FR,2019-02-13 14:58:00
MERCH-9767,Electronics Top 9767,electronics,BR,2021-01-21 02:49:00
MERCH-9768,Travel Central 9768,travel,UK,2022-07-26 15:18:00
MERCH-9769,Entertainment Plus 9769,entertainment,BR,2023-07-02 16:02:00
MERCH-9770,Health Nova 9770,health,BR,2018-11-16 05:02:00
MERCH-9771,Services Plus 9771,services,BR,2018-11-17 08:09:00
MERCH-9772,Retail Central 9772,retail,US,2019-11-15 15:25:00
MERCH-9773,Food Nova 9773,food,FR,2021-12-29 17:52:00
MERCH-9774,Electronics Plus 9774,electronics,US,2019-12-24 15:44:00
MERCH-9775,Travel Express 9775,travel,BR,2023-07-23 20:21:00
MERCH-9776,Entertainment Central 9776,entertainment,BR,2018-11-04 19:11:00
MERCH-9777,Health Max 9777,health,UK,2022-10-21 00:49:00
MERCH-9778,Services Top 9778,services,BR,2022-01-14 05:44:00
MERCH-9779,Retail Global 9779,retail,BR,2020-02-23 17:34:00
MERCH-9780,Food Express 9780,food,FR,2022-07-02 20:27:00
MERCH-9781,Electronics Plus 9781,electronics,FR,2022-04-25 17:09:00
MERCH-9782,Travel Top 9782,travel,US,2023-01-06 05:52:00
MERCH-9783,Entertainment Prime 9783,entertainment,BR,2020-09-03 08:54:00
MERCH-9784,Health Express 9784,health,UK,2023-11-03 13:42:00
MERCH-9785,Services Max 9785,services,UK,2023-05-15 17:13:00
MERCH-9786,Retail Max 9786,retail,BR,2021-11-13 09:10:00
MERCH-9787,Food Nova 9787,food,FR,2021-07-03 14:28:00
MERCH-9788,Electronics Plus 9788,electronics,BR,2018-05-31 08:01:00
MERCH-9789,Travel Plus 9789,travel,UK,2018-09-15 04:47:00
MERCH-9790,Entertainment Prime 9790,entertainment,FR,2023-12-01 09:26:00
MERCH-9791,Health Central 9791,health,BR,2019-11-08 06:34:00
MERCH-9792,Services Global 9792,services,US,2019-09-30 17:28:00
MERCH-9793,Retail Global 9793,retail,UK,2020-10-14 12:01:00
MERCH-9794,Food Express 9794,food,FR,2018-11-30 05:29:00
MERCH-9795,Electronics Plus 9795,electronics,BR,2019-06-07 22:46:00
MERCH-9796,Travel Nova 9796,travel,BR,2018-02-02 01:17:00
MERCH-9797,Entertainment Prime 9797,entertainment,BR,2020-12-22 00:18:00
MERCH-9798,Health Top 9798,health,BR,2021-05-09 16:37:00
MERCH-9799,Services Prime 9799,services,FR,2023-04-03 05:34:00
MERCH-9800,Retail Nova 9800,retail,BR,2023-04-26 22:18:00
MERCH-9801,Food Plus 9801,food,US,2018-06-14 11:36:00
MERCH-9802,Electronics Prime 9802,electronics,BR,2018-07-07 06:53:00
MERCH-9803,Travel Nova 9803,travel,BR,2019-03-01 14:29:00
MERCH-9804,Entertainment Prime 9804,entertainment,UK,2023-07-23 16:07:00
MERCH-9805,Health Max 9805,health,BR,2022-11-18 01:18:00
MERCH-9806,Services Prime 9806,services,BR,2022-12-23 10:03:00
MERCH-9807,Retail Top 9807,retail,FR,2020-08-05 08:02:00
MERCH-9808,Food Max 9808,food,US,2018-12-09 12:18:00
MERCH-9809,Electronics Global 9809,electronics,US,2019-11-10 00:15:00
MERCH-9810,Travel Top 9810,travel,BR,2021-05-17 05:08:00
MERCH-9811,Entertainment Prime 9811,entertainment,BR,2020-03-22 11:20:00
MERCH-9812,Health Prime 9812,health,US,2019-09-27 23:28:00
MERCH-9813,Services Nova 9813,services,FR,2018-03-09 13:29:00
MERCH-9814,Retail Central 9814,retail,BR,2023-08-01 17:41:00
MERCH-9815,Food Central 9815,food,BR,2018-12-08 00:12:00
MERCH-9816,Electronics Central 9816,electronics,BR,2021-04-08 19:13:00
MERCH-9817,Travel Express 9817,travel,BR,2019-06-12 16:32:00
MERCH-9818,Entertainment Nova 9818,entertainment,BR,2019-11-17 01:51:00
MERCH-9819,Health Top 9819,health,BR,2020-10-08 16:16:00
MERCH-9820,Services Max 9820,services,FR,2018-08-22 20:51:00
MERCH-9821,Retail Prime 9821,retail,UK,2023-02-13 04:23:00
MERCH-9822,Food Plus 9822,food,FR,2021-12-29 01:26:00
MERCH-9823,Electronics Max 9823,electronics,BR,2020-08-06 18:55:00
MERCH-9824,Travel Plus 9824,travel,BR,2022-10-09 03:13:00
MERCH-9825,Entertainment Max 9825,entertainment,BR,2020-04-10 02:51:00
MERCH-9826,Health Top 9826,health,UK,2022-08-14 18:41:00
MERCH-9827,Services Central 9827,services,BR,2023-02-12 09:29:00
MERCH-9828,Retail Nova 9828,retail,UK,2020-12-05 12:07:00
MERCH-9829,Food Nova 9829,food,UK,2022-04-04 22:00:00
MERCH-9830,Electronics Global 9830,electronics,BR,2018-03-25 08:37:00
MERCH-9831,Travel Nova 9831,travel,UK,2018-05-24 21:47:00
MERCH-9832,Entertainment Central 9832,entertainment,BR,2022-11-07 18:39:00
MERCH-9833,Health Central 9833,health,US,2018-01-17 17:18:00
MERCH-9834,Services Max 9834,services,UK,2021-03-13 04:53:00
MERCH-9835,Retail Prime 9835,retail,UK,2022-10-23 00:13:00
MERCH-9836,Food Global 9836,food,BR,2019-07-03 04:36:00
MERCH-9837,Electronics Prime 9837,electronics,US,2021-03-03 23:58:00
MERCH-9838,Travel Express 9838,travel,US,2021-02-08 02:01:00
MERCH-9839,Entertainment Nova 9839,entertainment,FR,2018-02-20 02:57:00
MERCH-9840,Health Global 9840,health,BR,2023-08-24 01:54:00
MERCH-9841,Services Plus 9841,services,BR,2020-10-07 16:00:00
MERCH-9842,Retail Max 9842,retail,UK,2022-07-01 13:17:00
MERCH-9843,Food Central 9843,food,US,2023-03-25 05:25:00
MERCH-9844,Electronics Nova 9844,electronics,UK,2018-03-01 22:36:00
MERCH-9845,Travel Prime 9845,travel,US,2018-06-25 07:07:00
MERCH-9846,Entertainment Plus 9846,entertainment,BR,2018-11-18 03:39:00
MERCH-9847,Health Prime 9847,health,UK,2021-07-10 06:56:00
MERCH-9848,Services Top 9848,services,BR,2020-12-12 07:42:00
MERCH-9849,Retail Central 9849,retail,UK,2020-08-07 15:42:00
MERCH-9850,Food Express 9850,food,UK,2018-03-16 05:01:00
MERCH-9851,Electronics Top 9851,electronics,BR,2020-08-13 20:04:00
MERCH-9852,Travel Plus 9852,travel,UK,2020-04-22 15:46:00
MERCH-9853,Entertainment Nova 9853,entertainment,FR,2020-10-27 17:04:00
MERCH-9854,Health Max 9854,health,UK,2023-09-08 04:04:00
MERCH-9855,Services Global 9855,services,BR,2022-09-27 00:05:00
MERCH-9856,Retail Prime 9856,retail,BR,2022-03-10 20:16:00
MERCH-9857,Food Top 9857,food,FR,2021-01-27 00:32:00
MERCH-9858,Electronics Max 9858,electronics,UK,2020-01-16 21:39:00
MERCH-9859,Travel Global 9859,travel,US,2020-01-15 23:07:00
MERCH-9860,Entertainment Prime 9860,entertainment,US,2019-03-07 09:47:00
MERCH-9861,Health Prime 9861,health,US,2018-01-22 01:05:00
MERCH-9862,Services Top 9862,services,FR,2023-08-16 13:51:00
MERCH-9863,Retail Global 9863,retail,BR,2019-05-28 03:51:00
MERCH-9864,Food Prime 9864,food,US,2022-10-09 10:46:00
MERCH-9865,Electronics Central 9865,electronics,BR,2023-01-04 16:51:00
MERCH-9866,Travel Central 9866,travel,FR,2021-11-29 18:28:00
MERCH-9867,Entertainment Prime 9867,entertainment,FR,2021-09-14 04:26:00
MERCH-9868,Health Top 9868,health,BR,2019-01-10 12:21:00
MERCH-9869,Services Express 9869,services,BR,2020-08-10 15:12:00
MERCH-9870,Retail Prime 9870,retail,FR,2018-09-05 04:05:00
MERCH-9871,Food Prime 9871,food,FR,2019-04-27 19:19:00
MERCH-9872,Electronics Plus 9872,electronics,US,2021-09-11 15:29:00
MERCH-9873,Travel Prime 9873,travel,BR,2020-11-22 03:47:00
MERCH-9874,Entertainment Central 9874,entertainment,UK,2021-08-03 06:24:00
MERCH-9875,Health Nova 9875,health,BR,2020-06-25 00:32:00
MERCH-9876,Services Nova 9876,services,US,2021-02-07 03:20:00
MERCH-9877,Retail Top 9877,retail,BR,2023-08-01 14:43:00
MERCH-9878,Food Central 9878,food,FR,2020-01-10 17:07:00
MERCH-9879,Electronics Express 9879,electronics,UK,2020-10-02 12:01:00
MERCH-9880,Travel Plus 9880,travel,BR,2021-04-12 23:30:00
MERCH-9881,Entertainment Plus 9881,entertainment,BR,2018-09-27 07:38:00
MERCH-9882,Health Max 9882,health,BR,2020-01-18 11:14:00
MERCH-9883,Services Max 9883,services,BR,2022-05-07 14:40:00
MERCH-9884,Retail Plus 9884,retail,FR,2022-07-13 22:30:00
MERCH-9885,Food Max 9885,food,UK,2018-09-13 12:16:00
MERCH-9886,Electronics Top 9886,electronics,BR,2018-07-05 17:35:00
MERCH-9887,Travel Central 9887,travel,FR,2018-07-14 07:53:00
MERCH-9888,Entertainment Nova 9888,entertainment,FR,2018-03-23 16:56:00
MERCH-9889,Health Central 9889,health,BR,2020-09-01 23:17:00
MERCH-9890,Services Nova 9890,services,UK,2020-06-25 14:44:00
MERCH-9891,Retail Top 9891,retail,FR,2019-05-11 01:13:00
MERCH-9892,Food Max 9892,food,BR,2019-02-26 09:25:00
MERCH-9893,Electronics Top 9893,electronics,BR,2020-10-14 14:19:00
MERCH-9894,Travel Plus 9894,travel,BR,2023-11-27 12:38:00
MERCH-9895,Entertainment Central 9895,entertainment,US,2021-08-25 12:41:00
MERCH-9896,Health Top 9896,health,US,2023-12-05 05:57:00
MERCH-9897,Services Plus 9897,services,FR,2020-11-04 17:52:00
MERCH-9898,Retail Express 9898,retail,FR,2020-01-18 20:50:00
MERCH-9899,Food Nova 9899,food,BR,2019-06-14 08:15:00
MERCH-9900,Electronics Global 9900,electronics,BR,2018-10-30 07:15:00
MERCH-9901,Travel Plus 9901,travel,UK,2022-09-13 05:45:00
MERCH-9902,Entertainment Plus 9902,entertainment,US,2018-01-27 08:59:00
MERCH-9903,Health Max 9903,health,BR,2022-06-12 14:10:00
MERCH-9904,Services Prime 9904,services,BR,2019-01-17 10:55:00
MERCH-9905,Retail Max 9905,retail,US,2018-06-20 01:43:00
MERCH-9906,Food Plus 9906,food,BR,2022-05-23 22:07:00
MERCH-9907,Electronics Top 9907,electronics,BR,2019-10-14 16:26:00
MERCH-9908,Travel Central 9908,travel,UK,2023-05-22 20:24:00
MERCH-9909,Entertainment Top 9909,entertainment,UK,2023-11-11 15:17:00
MERCH-9910,Health Central 9910,health,UK,2018-10-27 19:24:00
MERCH-9911,Services Express 9911,services,US,2019-03-03 00:50:00
MERCH-9912,Retail Prime 9912,retail,US,2021-05-03 19:43:00
MERCH-9913,Food Express 9913,food,UK,2019-08-24 22:37:00
MERCH-9914,Electronics Global 9914,electronics,BR,2020-11-09 02:45:00
MERCH-9915,Travel Top 9915,travel,BR,2018-01-04 13:29:00
MERCH-9916,Entertainment Plus 9916,entertainment,US,2023-01-07 18:53:00
MERCH-9917,Health Express 9917,health,BR,2021-04-28 14:27:00
MERCH-9918,Services Max 9918,services,BR,2022-01-10 17:30:00
MERCH-9919,Retail Global 9919,retail,US,2019-01-06 10:05:00
MERCH-9920,Food Prime 9920,food,BR,2019-07-08 03:47:00
MERCH-9921,Electronics Nova 9921,electronics,US,2019-02-02 17:19:00
MERCH-9922,Travel Central 9922,travel,FR,2018-08-28 12:28:00
MERCH-9923,Entertainment Express 9923,entertainment,BR,2019-09-15 19:58:00
MERCH-9924,Health Express 9924,health,FR,2023-02-18 17:54:00
MERCH-9925,Services Central 9925,services,BR,2018-05-31 02:20:00
MERCH-9926,Retail Max 9926,retail,BR,2023-06-16 11:29:00
MERCH-9927,Food Central 9927,food,FR,2020-03-13 04:39:00
MERCH-9928,Electronics Top 9928,electronics,FR,2021-10-04 00:30:00
MERCH-9929,Travel Nova 9929,travel,US,2018-02-19 17:31:00
MERCH-9930,Entertainment Prime 9930,entertainment,FR,2022-05-06 02:18:00
MERCH-9931,Health Max 9931,health,BR,2019-10-04 00:45:00
MERCH-9932,Services Prime 9932,services,BR,2018-08-14 18:54:00
MERCH-9933,Retail Top 9933,retail,FR,2020-05-09 07:16:00
MERCH-9934,Food Global 9934,food,US,2020-07-31 23:30:00
MERCH-9935,Electronics Express 9935,electronics,UK,2023-11-21 17:47:00
MERCH-9936,Travel Plus 9936,travel,BR,2020-09-15 19:41:00
MERCH-9937,Entertainment Prime 9937,entertainment,BR,2022-01-22 17:33:00
MERCH-9938,Health Global 9938,health,US,2019-11-24 12:06:00
MERCH-9939,Services Nova 9939,services,BR,2022-06-28 00:26:00
MERCH-9940,Retail Prime 9940,retail,BR,2020-09-30 18:49:00
MERCH-9941,Food Top 9941,food,BR,2020-01-09 02:49:00
MERCH-9942,Electronics Plus 9942,electronics,BR,2023-12-30 09:44:00
MERCH-9943,Travel Top 9943,travel,BR,2021-01-23 11:24:00
MERCH-9944,Entertainment Global 9944,entertainment,BR,2023-09-25 05:44:00
MERCH-9945,Health Global 9945,health,BR,2019-01-22 03:32:00
MERCH-9946,Services Prime 9946,services,UK,2021-06-18 05:50:00
MERCH-9947,Retail Central 9947,retail,BR,2021-09-20 08:19:00
MERCH-9948,Food Prime 9948,food,BR,2022-01-31 00:09:00
MERCH-9949,Electronics Prime 9949,electronics,BR,2023-08-04 04:16:00
MERCH-9950,Travel Max 9950,travel,BR,2021-11-26 08:36:00
MERCH-9951,Entertainment Prime 9951,entertainment,BR,2019-01-25 20:23:00
MERCH-9952,Health Prime 9952,health,BR,2019-06-04 14:38:00
MERCH-9953,Services Global 9953,services,BR,2023-07-10 18:23:00
MERCH-9954,Retail Nova 9954,retail,FR,2018-02-14 07:44:00
MERCH-9955,Food Prime 9955,food,UK,2021-09-28 12:46:00
MERCH-9956,Electronics Prime 9956,electronics,BR,2022-09-23 22:02:00
MERCH-9957,Travel Nova 9957,travel,FR,2023-07-25 03:51:00
MERCH-9958,Entertainment Max 9958,entertainment,BR,2023-01-08 13:12:00
MERCH-9959,Health Plus 9959,health,FR,2021-06-26 18:40:00
MERCH-9960,Services Top 9960,services,FR,2022-08-22 22:53:00
MERCH-9961,Retail Top 9961,retail,BR,2019-03-15 11:41:00
MERCH-9962,Food Global 9962,food,US,2021-04-12 01:19:00
MERCH-9963,Electronics Prime 9963,electronics,US,2018-10-26 07:32:00
MERCH-9964,Travel Prime 9964,travel,BR,2023-12-24 22:42:00
MERCH-9965,Entertainment Central 9965,entertainment,BR,2019-10-27 13:10:00
MERCH-9966,Health Max 9966,health,US,2023-07-03 16:01:00
MERCH-9967,Services Nova 9967,services,FR,2018-12-22 18:17:00
MERCH-9968,Retail Plus 9968,retail,US,2020-09-19 14:37:00
MERCH-9969,Food Max 9969,food,FR,2022-12-08 00:29:00
MERCH-9970,Electronics Express 9970,electronics,BR,2019-08-30 09:34:00
MERCH-9971,Travel Central 9971,travel,BR,2019-01-16 00:19:00
MERCH-9972,Entertainment Nova 9972,entertainment,BR,2019-06-04 05:31:00
MERCH-9973,Health Global 9973,health,BR,2021-08-04 00:30:00
MERCH-9974,Services Top 9974,services,BR,2021-01-26 13:27:00
MERCH-9975,Retail Global 9975,retail,FR,2019-09-25 15:46:00
MERCH-9976,Food Global 9976,food,FR,2023-11-14 15:27:00
MERCH-9977,Electronics Max 9977,electronics,UK,2018-09-04 01:08:00
MERCH-9978,Travel Plus 9978,travel,FR,2022-12-31 22:13:00
MERCH-9979,Entertainment Express 9979,entertainment,BR,2018-07-10 14:30:00
MERCH-9980,Health Prime 9980,health,BR,2020-07-11 13:10:00
MERCH-9981,Services Express 9981,services,BR,2021-07-11 05:12:00
MERCH-9982,Retail Global 9982,retail,BR,2023-10-14 23:35:00
MERCH-9983,Food Top 9983,food,US,2021-10-04 08:27:00
MERCH-9984,Electronics Nova 9984,electronics,BR,2019-01-02 01:52:00
MERCH-9985,Travel Prime 9985,travel,BR,2023-10-21 13:35:00
MERCH-9986,Entertainment Plus 9986,entertainment,BR,2023-07-13 15:35:00
MERCH-9987,Health Prime 9987,health,BR,2018-04-27 19:58:00
MERCH-9988,Services Central 9988,services,BR,2022-11-20 04:30:00
MERCH-9989,Retail Central 9989,retail,BR,2023-06-07 15:25:00
MERCH-9990,Food Top 9990,food,BR,2018-04-15 11:18:00
MERCH-9991,Electronics Max 9991,electronics,FR,2019-06-26 14:07:00
MERCH-9992,Travel Central 9992,travel,UK,2020-06-25 20:14:00
MERCH-9993,Entertainment Max 9993,entertainment,US,2021-02-01 09:46:00
MERCH-9994,Health Top 9994,health,BR,2023-08-31 05:14:00
MERCH-9995,Services Prime 9995,services,BR,2018-03-02 18:50:00
MERCH-9996,Retail Max 9996,retail,US,2019-09-06 07:10:00
MERCH-9997,Food Express 9997,food,US,2019-01-30 13:05:00
MERCH-9998,Electronics Global 9998,electronics,BR,2022-07-30 00:23:00
MERCH-9999,Travel Central 9999,travel,BR,2019-05-01 00:54:00
